,SeniorCitizen,tenure,MonthlyCharges,TotalCharges,Churn,gender_Male,Partner_Yes,Dependents_Yes,PhoneService_Yes,MultipleLines_No phone service,MultipleLines_Yes,InternetService_Fiber optic,InternetService_No,OnlineSecurity_No internet service,OnlineSecurity_Yes,OnlineBackup_No internet service,OnlineBackup_Yes,DeviceProtection_No internet service,DeviceProtection_Yes,TechSupport_No internet service,TechSupport_Yes,StreamingTV_No internet service,StreamingTV_Yes,StreamingMovies_No internet service,StreamingMovies_Yes,Contract_One year,Contract_Two year,PaperlessBilling_Yes,PaymentMethod_Credit card (automatic),PaymentMethod_Electronic check,PaymentMethod_Mailed check,Tenure_Group_Moyen,Tenure_Group_Fidele,Cluster
0,0,-1.2774445836787656,-1.160322916034919,-0.9926105235902256,0,0,1,0,0,1,0,0,0,0,0,0,1,0,0,0,0,0,0,0,0,0,0,1,0,1,0,0,0,1
1,0,0.0663274190822359,-0.2596289419448806,-0.1721647089896081,0,1,0,0,1,0,0,0,0,0,1,0,0,0,1,0,0,0,0,0,0,1,0,0,0,0,1,1,0,1
2,0,-1.2367242199587352,-0.3626603559551803,-0.9580659010627456,1,1,0,0,1,0,0,0,0,0,1,0,1,0,0,0,0,0,0,0,0,0,0,1,0,0,1,0,0,1
3,0,0.5142514200025698,-0.7465354629935549,-0.1936723762720431,0,1,0,0,0,1,0,0,0,0,1,0,0,0,1,0,1,0,0,0,0,1,0,0,0,0,0,1,0,1
4,0,-1.2367242199587352,0.1973652331008032,-0.9388744441030344,1,0,0,0,1,0,0,1,0,0,0,0,0,0,0,0,0,0,0,0,0,0,0,1,0,1,0,0,0,1
5,0,-0.9924020376385532,1.1595456961969886,-0.6437892489880273,1,0,0,0,1,0,1,1,0,0,0,0,0,0,1,0,0,0,1,0,1,0,0,1,0,1,0,0,0,1
6,0,-0.4223169455581282,0.8089065291619363,-0.1457378521646265,0,1,0,1,1,0,1,1,0,0,0,0,1,0,0,0,0,0,1,0,0,0,0,1,1,0,0,1,0,1
7,0,-0.9109613101984924,-1.1636465100352518,-0.8725867105812734,0,0,0,0,0,1,0,0,0,0,1,0,0,0,0,0,0,0,0,0,0,0,0,0,0,0,1,0,0,1
8,0,-0.1779947632379461,1.330710787214099,0.338085395533471,1,0,1,0,1,0,1,1,0,0,0,0,0,0,1,0,1,0,1,0,1,0,0,1,0,1,0,1,0,1
9,0,1.2064976032430856,-0.2862176939475387,0.5330441272690194,0,1,0,1,1,0,0,0,0,0,1,0,1,0,0,0,0,0,0,0,0,1,0,0,0,0,0,0,1,0
10,0,-0.7888002190384014,-0.4922805219681379,-0.7466069281710316,0,1,1,1,1,0,0,0,0,0,1,0,0,0,0,0,0,0,0,0,0,0,0,1,0,0,1,1,0,1
11,0,-0.6666391278783103,-1.522594662071134,-0.8616012559077836,0,1,0,0,1,0,0,0,1,1,0,1,0,1,0,1,0,1,0,1,0,0,1,0,1,0,0,1,0,2
12,0,1.0436161483629645,1.182810854199314,1.5006244452274229,0,1,1,0,1,0,1,1,0,0,0,0,0,0,1,0,0,0,1,0,1,1,0,0,1,0,0,0,1,0
13,0,0.6771328748826912,1.2941512532104444,1.216149699305083,1,1,0,0,1,0,1,1,0,0,0,0,1,0,1,0,0,0,1,0,1,0,0,1,0,0,0,0,1,0
14,0,-0.3001558543980371,1.3539759452164248,0.1792595448324131,0,1,0,0,1,0,0,1,0,0,1,0,0,0,1,0,1,0,1,0,1,0,0,1,0,1,0,1,0,1
15,0,1.4915401492832985,1.611554480242174,2.4774254861848592,0,0,1,1,1,0,1,1,0,0,1,0,1,0,1,0,1,0,1,0,1,0,1,0,1,0,0,0,1,0
16,0,0.7992939660427822,-1.4660935640654862,-0.5544717671146129,0,0,0,0,1,0,0,0,1,1,0,1,0,1,0,1,0,1,0,1,0,1,0,0,0,0,1,0,1,2
17,0,1.5729808767233588,1.393859073220412,2.251142767227713,0,1,0,1,1,0,1,1,0,0,1,0,0,0,1,0,0,0,1,0,1,0,1,0,0,0,0,0,1,0
18,0,-0.9109613101984924,-0.3177918369506949,-0.7726808386611219,1,0,1,1,1,0,0,0,0,0,0,0,0,0,1,0,1,0,0,0,0,0,0,0,1,0,0,0,0,1
19,0,-0.4630373092781585,0.8404806721650927,-0.1839001746247418,0,0,0,0,1,0,0,1,0,0,0,0,1,0,1,0,0,0,0,0,1,0,0,1,0,1,0,1,0,1
20,1,-1.2774445836787656,-0.8346107040023594,-0.988286930987808,1,1,0,0,0,1,0,0,0,0,0,0,0,0,1,0,0,0,0,0,1,0,0,1,0,1,0,0,0,1
21,0,-0.8295205827584317,-1.4943441130683104,-0.9165505884211634,0,1,1,0,1,0,0,0,1,1,0,1,0,1,0,1,0,1,0,1,0,1,0,0,0,0,0,0,0,2
22,0,-1.2774445836787656,-1.4827115340671475,-0.996889997900782,1,1,0,0,1,0,0,0,1,1,0,1,0,1,0,1,0,1,0,1,0,0,0,0,0,0,1,0,0,2
23,0,1.0436161483629645,-0.1615829189350795,0.5406104143232504,0,0,1,0,1,0,1,0,0,0,0,0,1,0,0,0,1,0,0,0,0,0,1,1,1,0,0,0,1,0
24,0,0.6771328748826912,-0.1715537009360761,0.3046657894484568,0,1,1,1,1,0,0,0,0,0,1,0,1,0,0,0,1,0,0,0,0,0,0,0,1,0,0,0,1,0
25,0,-0.0965540357978854,-0.3144682429503628,-0.3305052584801906,0,0,0,0,1,0,0,0,0,0,1,0,1,0,0,0,0,0,0,0,0,0,0,1,0,0,0,1,0,1
26,0,0.5956921474426305,1.1495749141959914,1.0894640242250588,1,1,1,1,1,0,1,1,0,0,0,0,1,0,0,0,0,0,1,0,1,0,0,1,0,1,0,1,0,0
27,0,-1.2774445836787656,-1.1486903370337564,-0.9924561095687108,1,1,1,1,0,1,0,0,0,0,0,0,1,0,0,0,0,0,0,0,0,0,0,0,0,1,0,0,0,1
28,0,1.6137012404433893,0.8471278601657574,1.8043127072554035,0,1,1,0,1,0,1,0,0,0,1,0,1,0,1,0,1,0,1,0,1,0,1,1,1,0,0,0,1,0
29,0,-0.62591876415828,-0.0020504069191315,-0.5235227853738373,1,0,0,1,1,0,0,0,0,0,0,0,0,0,0,0,0,0,1,0,1,0,0,1,0,0,1,1,0,1
30,1,1.5729808767233588,1.0498670941860242,1.9796829174044883,0,0,1,0,1,0,1,1,0,0,1,0,1,0,1,0,1,0,0,0,0,0,1,1,1,0,0,0,1,0
31,1,-1.2367242199587352,1.0216165451832002,-0.9256389565446128,0,1,1,0,1,0,0,1,0,0,0,0,0,0,1,0,0,0,1,0,1,0,0,1,1,0,0,0,0,1
32,0,-0.2187151269579764,0.0461417060856861,-0.1788045119147496,0,0,1,1,1,0,0,0,0,0,1,0,1,0,1,0,1,0,0,0,0,1,0,0,0,0,1,1,0,1
33,0,-1.2774445836787656,-1.481049737066981,-0.9968679387548512,0,1,0,0,1,0,0,0,1,1,0,1,0,1,0,1,0,1,0,1,0,0,0,0,0,0,0,0,0,2
34,1,-1.2774445836787656,-0.6484894399837535,-0.9858163066435692,0,1,0,0,1,0,0,0,0,0,0,0,0,0,0,0,0,0,0,0,0,0,0,0,0,0,0,0,0,1
35,0,1.6137012404433893,1.1678546811978192,2.193546337202649,0,0,1,1,1,0,1,1,0,0,1,0,1,0,0,0,1,0,1,0,0,0,1,0,0,0,0,0,1,0
36,0,-1.1145631287986442,0.1641292930974807,-0.8659689668020626,1,1,0,0,1,0,0,1,0,0,0,0,0,0,0,0,0,0,0,0,0,0,0,1,0,1,0,0,0,1
37,0,0.5549717837226001,0.3336325871144251,0.5596695164073775,0,0,0,0,1,0,0,1,0,0,0,0,0,0,1,0,0,0,0,0,0,0,0,1,1,0,0,1,0,1
38,0,0.0663274190822359,1.3822264942192488,0.5600886401800608,1,1,0,0,1,0,1,1,0,0,0,0,1,0,1,0,0,0,1,0,1,0,0,1,0,1,0,1,0,0
39,0,-0.8702409464784621,1.099721004191008,-0.5180962354748845,1,0,0,0,1,0,1,1,0,0,0,0,0,0,1,0,0,0,1,0,1,0,0,1,0,0,0,0,0,1
40,0,-0.9109613101984924,-0.5055748979694671,-0.7959091193261516,0,1,1,1,1,0,0,0,0,0,0,0,1,0,0,0,0,0,0,0,0,1,0,0,0,0,1,0,0,1
41,0,1.5322605130033284,0.1475113230958195,1.14381775979831,0,0,1,1,1,0,1,0,0,0,1,0,1,0,0,0,0,0,1,0,0,0,1,1,1,0,0,0,1,0
42,0,-0.62591876415828,-1.462769970065154,-0.8212550780005288,0,0,1,1,1,0,0,0,1,1,0,1,0,1,0,1,0,1,0,1,0,1,0,0,0,0,1,1,0,2
43,0,1.247217966963116,0.5014740841312035,1.1390088659854167,0,0,0,0,1,0,1,0,0,0,1,0,1,0,1,0,1,0,1,0,0,0,1,1,1,0,0,0,1,0
44,0,-0.7888002190384014,0.3801629031190768,-0.5727808582370959,0,0,1,0,1,0,1,0,0,0,1,0,1,0,0,0,1,0,1,0,0,0,0,1,0,1,0,1,0,1
45,0,0.6771328748826912,0.6560212051466532,0.7177894744386527,0,0,0,0,1,0,1,1,0,0,0,0,0,0,0,0,0,0,0,0,1,0,0,1,0,1,0,0,1,0
46,0,-1.2367242199587352,-0.5155456799704636,-0.9629850906052922,0,1,0,0,1,0,0,0,0,0,0,0,1,0,0,0,0,0,0,0,0,0,0,0,0,0,1,0,0,1
47,0,-1.2367242199587352,0.5280628361338618,-0.9421833159926396,1,0,0,0,1,0,0,1,0,0,0,0,0,0,0,0,0,0,1,0,0,0,0,1,0,1,0,0,0,1
48,0,0.7992939660427822,0.4981504901308714,0.8550414804194837,0,1,0,0,1,0,1,0,0,0,1,0,0,0,0,0,1,0,1,0,1,0,1,1,1,0,0,0,1,0
49,0,1.4915401492832985,-0.0203301739209587,0.8710564203651738,0,0,1,1,1,0,1,0,0,0,1,0,0,0,1,0,1,0,0,0,0,0,1,1,1,0,0,0,1,0
50,1,0.4328106925625091,0.8471278601657574,0.6878110951188281,0,0,0,0,1,0,1,1,0,0,0,0,1,0,0,0,0,0,1,0,0,0,0,1,0,1,0,1,0,1
51,0,-0.7073594915983407,1.141265929195161,-0.3764765185997745,1,0,0,0,1,0,0,1,0,0,1,0,1,0,0,0,0,0,1,0,1,0,0,1,1,0,0,1,0,1
52,1,-0.3001558543980371,0.1574821050968162,-0.2325405914019408,0,0,1,0,1,0,1,0,0,0,1,0,0,0,0,0,1,0,1,0,0,0,0,1,1,0,0,1,0,1
53,1,-0.9924020376385532,0.5280628361338618,-0.7263786913525774,1,0,1,0,1,0,1,1,0,0,0,0,1,0,0,0,0,0,0,0,0,0,0,1,1,0,0,0,0,1
54,1,1.125056875803025,0.3352943841145911,0.9602856656548654,0,0,1,1,1,0,0,0,0,0,1,0,1,0,1,0,1,0,0,0,1,1,0,1,1,0,0,0,1,0
55,1,-0.5851984004382496,1.0199547481830342,-0.2325847096938023,1,1,0,0,1,0,1,1,0,0,0,0,0,0,0,0,0,0,1,0,1,0,0,1,0,1,0,1,0,1
56,0,1.247217966963116,1.1595456961969886,1.778613802246135,0,0,1,1,1,0,1,1,0,0,1,0,0,0,0,0,0,0,1,0,1,1,0,1,1,0,0,0,1,0
57,1,1.369379058123207,1.4520219682262263,2.116184912423676,0,1,1,1,1,0,1,1,0,0,0,0,1,0,1,0,1,0,1,0,1,1,0,1,0,1,0,0,1,0
58,0,0.0663274190822359,-1.3231790220511994,-0.6112299495943104,0,0,1,1,1,0,1,0,1,1,0,1,0,1,0,1,0,1,0,1,0,0,1,0,1,0,0,1,0,2
59,0,1.6137012404433893,1.42044782522307,2.459138454208307,0,0,0,0,1,0,1,1,0,0,0,0,0,0,1,0,1,0,1,0,1,0,1,1,1,0,0,0,1,0
60,0,0.5956921474426305,1.1877962451998123,1.0709122824973385,0,0,1,0,1,0,1,1,0,0,0,0,0,0,1,0,0,0,1,0,1,0,0,1,0,1,0,1,0,0
61,0,1.125056875803025,0.8354952811645946,1.3989759007787457,0,1,0,0,1,0,1,1,0,0,0,0,1,0,0,0,0,0,1,0,0,0,0,1,0,0,0,0,1,0
62,0,1.6137012404433893,-0.7531826509942192,0.3010039712239601,0,1,1,0,0,1,0,0,0,0,1,0,1,0,1,0,0,0,0,0,0,0,1,0,0,0,0,0,1,0
63,0,-0.5851984004382496,-0.344380588953353,-0.5835236623053481,0,0,1,1,1,0,0,0,0,0,0,0,0,0,1,0,1,0,0,0,0,1,0,1,1,0,0,1,0,1
64,0,-0.9516816739185228,0.9850570111795456,-0.6275757767289609,1,0,0,0,1,0,1,1,0,0,0,0,0,0,0,0,0,0,1,0,1,0,0,0,0,1,0,0,0,1
65,0,-1.1960038562387048,0.3502505571160864,-0.8980870832771656,0,0,0,0,1,0,0,0,0,0,0,0,1,0,0,0,1,0,1,0,1,0,0,1,0,1,0,0,0,1
66,0,0.5956921474426305,0.4698999411280475,0.6046922332519411,0,1,1,0,1,0,1,1,0,0,0,0,1,0,0,0,0,0,0,0,0,1,0,1,0,1,0,1,0,0
67,0,-0.055833672077855,0.4798707231290441,0.0959421506521497,0,0,0,0,1,0,0,0,0,0,0,0,1,0,1,0,1,0,1,0,1,0,1,0,0,0,1,1,0,1
68,0,0.7178532386027215,-1.4827115340671475,-0.5950826547730361,0,0,1,1,1,0,0,0,1,1,0,1,0,1,0,1,0,1,0,1,0,0,1,0,0,0,0,0,1,2
69,0,-0.9109613101984924,0.5014740841312035,-0.614296170878678,0,1,0,0,1,0,0,1,0,0,1,0,0,0,1,0,0,0,0,0,0,0,0,1,0,0,1,0,0,1
70,0,-1.2774445836787656,-0.5221928679711283,-0.9841398115528358,0,1,0,0,1,0,0,0,0,0,0,0,0,0,0,0,1,0,0,0,0,0,0,0,0,0,1,0,0,1
71,0,0.7992939660427822,-1.4744025490663168,-0.5246036835244418,0,0,1,1,1,0,0,0,1,1,0,1,0,1,0,1,0,1,0,1,0,1,0,1,0,1,0,0,1,2
72,1,1.2879383306831464,1.5567151792366918,2.126177705530284,0,1,1,1,1,0,1,1,0,0,1,0,0,0,1,0,1,0,1,0,1,0,1,1,0,0,0,0,1,0
73,0,1.2064976032430856,-1.3464441800535252,-0.3772706478532799,0,1,1,1,1,0,1,0,1,1,0,1,0,1,0,1,0,1,0,1,0,0,1,1,0,0,0,0,1,2
74,0,-1.1960038562387048,-0.0086975949197961,-0.9275139839487224,0,0,0,1,1,0,0,0,0,0,1,0,0,0,0,0,1,0,0,0,1,0,0,1,0,0,0,0,0,1
75,1,0.9621754209229036,1.5201556452330371,1.702862695120103,0,0,0,0,1,0,1,1,0,0,1,0,1,0,1,0,0,0,1,0,1,1,0,0,0,1,0,0,1,0
76,0,0.5549717837226001,-0.3028356639492,0.1804948570045323,0,0,0,0,1,0,0,0,0,0,0,0,0,0,0,0,0,0,0,0,1,1,0,0,1,0,0,1,0,1
77,0,-0.9924020376385532,-0.3360716039525224,-0.7930193712092296,0,0,1,1,1,0,0,0,0,0,1,0,1,0,0,0,0,0,0,0,0,0,0,0,0,0,1,0,0,1
78,1,-0.0965540357978854,0.3319707901142591,-0.0743103376410118,0,1,0,0,1,0,0,0,0,0,1,0,1,0,0,0,0,0,1,0,1,0,0,1,0,1,0,1,0,1
79,0,0.5142514200025698,-1.2916048790480432,-0.4690366949250022,0,0,1,1,1,0,1,0,1,1,0,1,0,1,0,1,0,1,0,1,0,1,0,1,1,0,0,1,0,2
80,0,-1.2774445836787656,0.4848561141295422,-0.9707719691188302,1,0,0,1,1,0,0,1,0,0,0,0,0,0,0,0,0,0,1,0,0,0,0,1,0,1,0,0,0,1
81,0,-0.8702409464784621,-0.4723389579661445,-0.7563570706724021,0,0,1,1,0,1,0,0,0,0,1,0,0,0,0,0,0,0,1,0,1,0,0,0,0,1,0,0,0,1
82,0,-1.0331224013585834,0.3452651661155883,-0.7865560414515337,1,0,1,0,1,0,0,1,0,0,0,0,0,0,1,0,0,0,0,0,0,0,0,1,0,0,0,0,0,1
83,0,0.3920903288424788,1.2974748472107769,0.9034392465914448,0,0,0,0,1,0,0,1,0,0,0,0,1,0,1,0,1,0,1,0,1,0,0,1,0,0,0,1,0,0
84,0,0.6771328748826912,-1.4827115340671475,-0.5763544398778698,0,0,1,0,1,0,0,0,1,1,0,1,0,1,0,1,0,1,0,1,0,0,1,1,0,0,0,0,1,2
85,0,-0.9516816739185228,1.1479131171958254,-0.6004430272341968,0,1,0,0,1,0,1,1,0,0,0,0,1,0,0,0,0,0,1,0,1,0,0,1,1,0,0,0,0,1
86,0,0.1070477828022663,-0.0868020539276039,-0.0283611366673587,0,0,1,0,1,0,0,0,0,0,1,0,0,0,0,0,0,0,1,0,0,1,0,1,0,0,0,1,0,1
87,0,0.6364125111626608,-1.4660935640654862,-0.5394494887358046,0,0,1,1,1,0,0,0,1,1,0,1,0,1,0,1,0,1,0,1,0,0,1,0,0,0,0,1,0,2
88,0,0.5549717837226001,-1.4893587220678115,-0.5967591498637697,0,0,1,1,1,0,0,0,1,1,0,1,0,1,0,1,0,1,0,1,0,0,1,1,0,0,1,1,0,2
89,0,-0.1372743995179157,-1.030702750021962,-0.5605159730996254,0,1,1,0,0,1,0,0,0,0,0,0,0,0,0,0,0,0,1,0,0,0,0,0,0,0,1,1,0,1
90,0,-0.0965540357978854,0.574593152138513,0.1281485037109753,0,1,1,1,1,0,0,1,0,0,0,0,1,0,1,0,0,0,0,0,0,0,0,0,0,0,0,1,0,1
91,1,-1.2774445836787656,0.3303089931140931,-0.9728234696903856,0,1,0,0,1,0,0,1,0,0,0,0,0,0,0,0,1,0,0,0,0,0,0,0,0,1,0,0,0,1
92,0,1.369379058123207,0.6394032351449919,1.5152496589794784,0,1,1,1,1,0,1,0,0,0,1,0,0,0,1,0,1,0,1,0,1,0,1,1,0,0,1,0,1,0
93,0,1.3286586944031769,1.5384354122348645,2.129707168879196,0,0,0,0,1,0,1,1,0,0,1,0,1,0,1,0,0,0,1,0,1,0,0,1,1,0,0,0,1,0
94,0,1.6137012404433893,1.2010906212011416,2.2850256153772723,0,1,0,0,1,0,1,1,0,0,0,0,1,0,1,0,0,0,1,0,1,0,1,1,0,0,0,0,1,0
95,0,-0.8295205827584317,0.4715617381282135,-0.5966488541341161,1,0,0,0,1,0,1,1,0,0,1,0,0,0,0,0,0,0,0,0,0,0,0,1,0,1,0,0,0,1
96,0,1.5729808767233588,0.0694068640880114,1.0892654919116826,0,1,1,1,1,0,1,0,0,0,1,0,1,0,0,0,1,0,0,0,0,1,0,1,1,0,0,0,1,0
97,0,-1.1145631287986442,-1.4527991880641573,-0.9555511584266456,1,1,0,0,1,0,0,0,1,1,0,1,0,1,0,1,0,1,0,1,0,0,0,0,0,0,1,0,0,2
98,0,0.7992939660427822,-1.4544609850643233,-0.5173021062213792,0,1,0,0,1,0,0,0,1,1,0,1,0,1,0,1,0,1,0,1,0,0,1,0,0,0,0,0,1,2
99,1,-0.3001558543980371,1.1213243651931677,0.1035746151441728,1,0,1,0,1,0,0,1,0,0,0,0,1,0,1,0,0,0,1,0,1,0,0,1,0,1,0,1,0,1
100,0,-1.2774445836787656,-1.481049737066981,-0.9968679387548512,0,1,0,0,1,0,0,0,1,1,0,1,0,1,0,1,0,1,0,1,0,0,0,0,0,0,1,0,0,2
101,0,-1.2774445836787656,-1.505976692069473,-0.9971988259438118,0,0,1,1,1,0,0,0,1,1,0,1,0,1,0,1,0,1,0,1,0,0,0,0,0,1,0,0,0,2
102,0,0.2292088739623573,1.0049985751815391,0.5849492976439624,0,1,0,0,1,0,1,1,0,0,0,0,0,0,1,0,1,0,1,0,0,1,0,0,0,0,0,1,0,0
103,1,1.369379058123207,-0.6385186579827569,0.3297911566635268,0,0,1,0,0,1,0,0,0,0,0,0,1,0,1,0,0,0,1,0,0,1,0,0,0,0,0,0,1,0
104,0,1.4508197855632678,1.503537675231376,2.352438365341499,1,1,1,0,1,0,1,1,0,0,0,0,1,0,1,0,1,0,1,0,1,0,1,1,0,0,0,0,1,0
105,0,-1.1145631287986442,-1.3447823830533592,-0.9615733052657274,0,1,0,0,0,1,0,0,0,0,0,0,0,0,0,0,0,0,0,0,0,0,0,0,0,0,1,0,0,1
106,0,1.6137012404433893,1.3091074262119398,2.2162010800734806,0,0,1,1,1,0,1,1,0,0,1,0,1,0,0,0,0,0,1,0,1,1,0,1,0,1,0,0,1,0
107,0,-0.0151133083578247,-1.150352134033923,-0.5965164992585318,0,0,0,0,0,1,0,0,0,0,1,0,0,0,0,0,0,0,0,0,0,1,0,0,0,0,1,1,0,1
108,0,0.4328106925625091,0.9833952141793793,0.7242307450504181,0,1,0,0,1,0,1,1,0,0,0,0,0,0,0,0,0,0,1,0,1,1,0,0,0,0,1,1,0,0
109,0,1.6137012404433893,-1.5076384890696393,-0.4043372199102518,0,1,1,1,1,0,0,0,1,1,0,1,0,1,0,1,0,1,0,1,0,0,1,0,1,0,0,0,1,2
110,0,0.9214550572028734,1.0631614701873533,1.3055333586162896,1,1,1,0,1,0,1,1,0,0,1,0,1,0,0,0,0,0,1,0,0,0,0,1,0,1,0,0,1,0
111,0,0.7992939660427822,-0.2263930019415581,0.3364089004427376,0,0,0,0,1,0,0,0,0,0,1,0,0,0,1,0,1,0,0,0,0,1,0,0,1,0,0,0,1,0
112,0,0.4328106925625091,0.893658176170409,0.7387015447809587,0,0,0,0,1,0,0,1,0,0,0,0,1,0,1,0,0,0,1,0,0,0,0,1,0,1,0,1,0,0
113,1,0.188488510242327,0.3901336851200734,0.2595989543120315,1,0,1,0,1,0,1,1,0,0,0,0,0,0,0,0,0,0,0,0,0,0,0,1,0,1,0,1,0,1
114,0,1.2879383306831464,-0.3377334009526884,0.504609888164344,0,0,1,1,0,1,0,0,0,0,0,0,1,0,0,0,1,0,1,0,1,0,1,1,0,1,0,0,1,0
115,0,-1.1960038562387048,0.8338334841644282,-0.8961899967271251,0,1,1,1,1,0,0,1,0,0,1,0,1,0,0,0,0,0,1,0,0,0,0,0,0,1,0,0,0,1
116,0,0.1477681465222966,-1.1204397880309327,-0.5088534533299203,0,0,0,0,0,1,0,0,0,0,1,0,0,0,0,0,0,0,0,0,0,0,1,0,0,0,0,1,0,1
117,0,-0.9109613101984924,1.179487260198982,-0.536074439408407,1,0,1,1,1,0,1,1,0,0,1,0,0,0,0,0,0,0,1,0,1,0,0,1,0,1,0,0,0,1
118,0,0.3513699651224484,-1.4660935640654862,-0.6373259192303314,0,0,0,0,1,0,0,0,1,1,0,1,0,1,0,1,0,1,0,1,0,0,1,0,0,0,1,1,0,2
119,0,-0.2187151269579764,0.6792863631489789,-0.0565306660208657,0,1,1,1,1,0,1,1,0,0,0,0,1,0,0,0,1,0,0,0,0,0,0,1,1,0,0,1,0,1
120,0,0.9621754209229036,1.1645310871974868,1.4275424947590052,0,0,1,1,1,0,1,1,0,0,0,0,0,0,1,0,0,0,1,0,1,1,0,1,1,0,0,0,1,0
121,0,-1.0738427650786138,-1.46443176706532,-0.9560364596371208,0,0,0,0,1,0,0,0,1,1,0,1,0,1,0,1,0,1,0,1,0,0,0,0,0,0,1,0,0,2
122,0,-1.1960038562387048,0.3203382111130964,-0.9045062947429998,1,1,0,0,1,0,1,1,0,0,0,0,0,0,0,0,0,0,0,0,0,0,0,1,0,1,0,0,0,1
123,0,-1.0331224013585834,-0.467353566965646,-0.8512113981744227,0,0,1,1,1,0,0,0,0,0,1,0,0,0,0,0,0,0,0,0,0,0,0,0,0,0,1,0,0,1
124,0,-1.1552834925186746,-1.4594463760648215,-0.9780294281300312,0,0,1,1,1,0,0,0,1,1,0,1,0,1,0,1,0,1,0,1,0,0,0,0,0,0,1,0,0,2
125,0,0.0256070553622056,0.8039211381614382,0.3299676298309725,0,1,0,0,1,0,0,1,0,0,1,0,0,0,0,0,1,0,1,0,0,0,1,1,0,1,0,1,0,1
126,1,-0.2187151269579764,0.4416493921252231,-0.0636337110105519,1,0,0,0,1,0,1,1,0,0,0,0,0,0,1,0,0,0,0,0,0,0,0,1,0,1,0,1,0,1
127,0,1.6137012404433893,-1.3697093380558512,-0.245202541166164,0,1,1,0,1,0,1,0,1,1,0,1,0,1,0,1,0,1,0,1,0,0,1,1,0,0,0,0,1,2
128,0,-1.2774445836787656,-1.4960059100684764,-0.9970664710682277,0,1,0,0,1,0,0,0,1,1,0,1,0,1,0,1,0,1,0,1,0,0,0,0,0,0,1,0,0,2
129,1,1.5729808767233588,-0.2762469119465419,0.7524885109876478,0,1,0,0,0,1,0,0,0,0,1,0,1,0,0,0,0,0,1,0,1,1,0,1,0,1,0,0,1,0
130,0,-0.7888002190384014,0.7042133181514708,-0.4694558186976855,0,0,0,0,1,0,1,1,0,0,0,0,0,0,0,0,0,0,0,0,1,0,0,1,0,1,0,1,0,1
131,0,-0.3001558543980371,-0.2047896409393986,-0.3428363210554532,1,0,1,1,0,1,0,0,0,0,1,0,1,0,1,0,0,0,1,0,1,0,0,1,1,0,0,1,0,1
132,0,1.4100994218432374,-0.4723389579661445,0.4325205992628083,0,1,0,0,1,0,0,0,0,0,0,0,0,0,0,0,1,0,0,0,0,0,1,0,0,0,0,0,1,0
133,0,-1.2774445836787656,-0.9742016520163136,-0.990139899245987,1,1,0,0,0,1,0,0,0,0,0,0,0,0,0,0,0,0,0,0,1,0,0,1,0,1,0,0,0,1
134,0,-1.2367242199587352,-0.6784017859867437,-0.9699337215734636,1,1,0,0,1,0,0,0,0,0,0,0,0,0,0,0,0,0,0,0,0,0,0,0,0,1,0,0,0,1
135,0,0.4328106925625091,-1.2982520670487077,-0.4815662898136412,0,0,0,0,1,0,1,0,1,1,0,1,0,1,0,1,0,1,0,1,0,0,1,1,1,0,0,1,0,2
136,0,-0.3815965818380978,0.3402797751150897,-0.2211360129557676,0,0,0,0,1,0,0,1,0,0,1,0,0,0,0,0,0,0,0,0,0,0,0,1,0,0,0,1,0,1
137,0,1.2879383306831464,-1.481049737066981,-0.442058359451753,0,0,1,1,1,0,0,0,1,1,0,1,0,1,0,1,0,1,0,1,0,0,1,0,0,0,1,0,1,2
138,0,1.002895784642934,-1.5009913010689746,-0.4893531683271792,0,1,0,1,1,0,0,0,1,1,0,1,0,1,0,1,0,1,0,1,0,0,1,1,0,0,1,0,1,2
139,1,-1.2774445836787656,0.1890562480999726,-0.9746984970944952,1,0,1,0,1,0,0,1,0,0,0,0,0,0,0,0,0,0,0,0,0,0,0,1,0,0,1,0,0,1
140,1,1.6137012404433893,0.7740087921584478,1.829107187281513,0,0,1,1,1,0,1,0,0,0,1,0,1,0,1,0,1,0,1,0,1,0,1,1,1,0,0,0,1,0
141,0,-0.9924020376385532,0.2123214061022984,-0.7571070816340459,1,0,0,0,1,0,1,0,0,0,1,0,0,0,0,0,1,0,0,0,1,0,0,0,0,1,0,0,0,1
142,0,1.1657772395230557,1.2060760122016398,1.628633669063289,0,0,1,0,1,0,1,1,0,0,0,0,1,0,0,0,0,0,1,0,1,0,1,1,0,0,0,0,1,0
143,0,1.2879383306831464,0.6493740171459885,1.3276586819847844,0,1,0,0,1,0,1,1,0,0,1,0,1,0,0,0,0,0,0,0,0,1,0,1,1,0,0,0,1,0
144,1,1.5729808767233588,-1.3564149620545218,-0.2309743920408609,0,1,1,0,1,0,1,0,1,1,0,1,0,1,0,1,0,1,0,1,0,0,1,0,0,0,0,0,1,2
145,0,1.3286586944031769,1.1396041321949948,1.8251586001599172,0,0,1,1,1,0,1,1,0,0,1,0,1,0,0,0,1,0,1,0,0,0,1,1,1,0,0,0,1,0
146,0,-1.1960038562387048,-1.5009913010689746,-0.9787132616538832,0,1,0,0,1,0,0,0,1,1,0,1,0,1,0,1,0,1,0,1,0,1,0,0,0,0,1,0,0,2
147,0,-1.2774445836787656,-0.6351950639824246,-0.9856398334761236,1,1,0,0,1,0,0,0,0,0,0,0,0,0,0,0,0,0,0,0,0,0,0,1,0,1,0,0,0,1
148,0,-0.0965540357978854,-0.0086975949197961,-0.1543188599316698,0,1,0,1,1,0,0,0,0,0,0,0,1,0,1,0,0,0,1,0,0,1,0,0,1,0,0,1,0,1
149,0,-0.7073594915983407,0.1574821050968162,-0.5330964547077621,0,1,1,1,1,0,0,0,0,0,0,0,1,0,1,0,1,0,0,0,1,0,0,1,0,0,1,1,0,1
150,0,-0.9924020376385532,0.1259079620936597,-0.7567982535910162,0,0,1,1,1,0,0,0,0,0,0,0,0,0,0,0,1,0,1,0,1,0,0,1,0,1,0,0,0,1
151,0,-1.0331224013585834,1.0049985751815391,-0.7165844305593455,1,1,0,0,1,0,1,1,0,0,0,0,0,0,0,0,0,0,1,0,1,0,0,0,0,0,1,0,0,1
152,0,1.5322605130033284,1.4420511862252297,2.493043361503797,0,0,1,1,1,0,1,1,0,0,1,0,1,0,1,0,0,0,1,0,1,1,0,1,1,0,0,0,1,0
153,0,1.2064976032430856,0.7091987091519689,1.2950993825910675,0,1,1,1,1,0,0,0,0,0,1,0,1,0,1,0,1,0,1,0,1,0,1,0,0,1,0,0,1,0
154,0,-1.0738427650786138,-1.4976677070686424,-0.9557055724481603,0,0,1,1,1,0,0,0,1,1,0,1,0,1,0,1,0,1,0,1,0,0,0,0,0,0,1,0,0,2
155,0,-0.748079855318371,0.5363718211346925,-0.4971841651325785,0,0,1,1,1,0,0,1,0,0,0,0,0,0,0,0,0,0,0,0,1,0,0,1,0,0,0,1,0,1
156,0,-0.4223169455581282,0.6443886261454905,-0.2019666151419872,0,0,0,0,1,0,1,1,0,0,0,0,0,0,0,0,0,0,1,0,0,0,0,1,0,0,0,1,0,1
157,0,-0.4223169455581282,-1.4827115340671475,-0.8205271261848155,0,1,1,1,1,0,0,0,1,1,0,1,0,1,0,1,0,1,0,1,0,1,0,0,0,0,1,1,0,2
158,0,-0.6666391278783103,-0.0170065799206267,-0.5540085250500681,0,1,1,1,1,0,0,0,0,0,1,0,0,0,1,0,0,0,1,0,0,0,1,0,0,0,1,1,0,1
159,0,-0.9109613101984924,-1.2982520670487077,-0.8947782113875602,0,1,0,0,1,0,1,0,1,1,0,1,0,1,0,1,0,1,0,1,0,0,1,0,0,0,0,0,0,2
160,0,-0.7888002190384014,-0.291203084948037,-0.6684734332844834,0,0,0,1,1,0,0,0,0,0,1,0,1,0,0,0,0,0,0,0,0,0,0,1,0,1,0,1,0,1
161,0,-0.5037576729981889,0.5862257311396761,-0.303262213255773,1,0,1,0,1,0,1,1,0,0,1,0,0,0,0,0,0,0,0,0,0,0,0,0,0,1,0,1,0,1
162,0,-1.2367242199587352,0.1641292930974807,-0.9461319031142356,0,0,0,0,1,0,0,1,0,0,0,0,0,0,0,0,0,0,0,0,0,0,0,1,0,1,0,0,0,1
163,0,0.8400143297628127,0.3037202411114352,0.7405324538932071,0,1,0,0,1,0,1,0,0,0,0,0,1,0,1,0,1,0,0,0,1,0,1,1,0,0,0,0,1,0
164,0,-0.8702409464784621,-1.4677553610656522,-0.9025871490470287,0,0,1,1,1,0,0,0,1,1,0,1,0,1,0,1,0,1,0,1,0,1,0,0,0,0,1,0,0,2
165,0,1.4915401492832985,-1.491020519067978,-0.404248983326529,0,1,1,0,1,0,0,0,1,1,0,1,0,1,0,1,0,1,0,1,0,0,1,0,0,0,1,0,1,2
166,0,-1.1552834925186746,0.2040124211014678,-0.8853368969292195,1,0,0,0,1,0,0,1,0,0,0,0,0,0,0,0,0,0,0,0,0,0,0,1,0,0,0,0,0,1
167,0,1.6137012404433893,0.8072447321617703,1.7535766716147878,0,1,1,0,1,0,1,0,0,0,1,0,1,0,1,0,1,0,1,0,1,0,1,1,0,0,0,0,1,0
168,1,1.0436161483629645,-0.6468276429835875,0.1638843201187133,1,1,1,0,0,1,0,0,0,0,0,0,1,0,1,0,0,0,0,0,1,0,0,1,0,1,0,0,1,0
169,0,-0.6666391278783103,-1.4744025490663168,-0.8639836436682994,0,0,1,1,1,0,0,0,1,1,0,1,0,1,0,1,0,1,0,1,0,0,0,0,0,1,0,1,0,2
170,0,0.4328106925625091,0.6477122201458225,0.5556768109939203,0,1,1,0,1,0,0,1,0,0,1,0,0,0,1,0,1,0,0,0,0,1,0,1,0,0,0,1,0,0
171,0,-1.2367242199587352,1.3174164112127704,-0.8986606210713638,1,0,1,0,1,0,1,1,0,0,0,0,0,0,1,0,1,0,1,0,1,0,0,1,0,1,0,0,0,1
172,0,-0.748079855318371,0.5712695581381809,-0.4844119196387018,0,1,1,0,1,0,0,0,0,0,0,0,1,0,1,0,1,0,1,0,1,0,1,0,0,0,1,1,0,1
173,0,0.8400143297628127,1.0000131841810405,1.200222995943116,1,0,1,0,1,0,0,1,0,0,0,0,0,0,1,0,0,0,1,0,1,1,0,1,0,0,0,0,1,0
174,0,-0.0151133083578247,-1.4694171580658184,-0.7170035543320288,0,0,0,0,1,0,0,0,1,1,0,1,0,1,0,1,0,1,0,1,0,1,0,0,0,0,0,1,0,2
175,0,0.0663274190822359,-1.33148800705203,-0.6615689206081734,0,0,1,0,1,0,1,0,1,1,0,1,0,1,0,1,0,1,0,1,0,0,0,0,0,1,0,1,0,2
176,1,-0.7073594915983407,0.3220000081132624,-0.5003165638547383,1,0,0,0,1,0,1,1,0,0,0,0,0,0,0,0,0,0,0,0,0,0,0,1,0,0,1,1,0,1
177,1,-1.0331224013585834,0.3884718881199074,-0.7836001158968197,1,0,0,0,1,0,0,1,0,0,1,0,0,0,0,0,0,0,0,0,0,0,0,0,0,0,0,0,0,1
178,0,-0.7073594915983407,1.3489905542159264,-0.317865367861898,0,0,1,1,1,0,1,1,0,0,0,0,1,0,1,0,0,0,1,0,1,0,0,1,0,0,0,1,0,1
179,0,1.1657772395230557,-1.4694171580658184,-0.4534188196060648,0,1,1,0,1,0,0,0,1,1,0,1,0,1,0,1,0,1,0,1,0,1,0,1,1,0,0,0,1,2
180,0,-1.2774445836787656,-1.156999322034587,-0.9925664052983644,1,0,0,0,0,1,0,0,0,0,0,0,1,0,0,0,0,0,0,0,0,0,0,0,0,0,0,0,0,1
181,0,-1.2774445836787656,-0.6468276429835875,-0.9857942474976384,0,0,0,0,1,0,0,0,0,0,0,0,0,0,0,0,0,0,0,0,0,0,0,0,0,0,1,0,0,1
182,0,-0.9924020376385532,0.6560212051466532,-0.713429972691255,1,1,0,0,1,0,1,1,0,0,0,0,0,0,0,0,0,0,0,0,1,0,0,0,0,0,0,0,0,1
183,0,0.0256070553622056,0.3319707901142591,0.0765742205249931,0,1,1,1,1,0,0,0,0,0,1,0,0,0,1,0,0,0,1,0,1,1,0,0,1,0,0,1,0,1
184,0,-0.7888002190384014,0.4815325201292102,-0.5153388422335466,1,0,0,0,1,0,0,1,0,0,0,0,1,0,1,0,0,0,0,0,0,0,0,1,0,1,0,1,0,1
185,0,-1.2774445836787656,-1.328164413051698,-0.9948384973292264,1,0,1,0,0,1,0,0,0,0,0,0,0,0,0,0,0,0,0,0,0,0,0,1,0,1,0,0,0,1
186,0,-0.5037576729981889,-0.4307940329619915,-0.5540747024878603,0,1,0,0,1,0,0,0,0,0,0,0,1,0,0,0,0,0,0,0,0,0,0,1,0,0,1,1,0,1
187,0,-1.1960038562387048,-1.1420431490330922,-0.9695366569467108,0,1,0,0,0,1,0,0,0,0,0,0,0,0,0,0,1,0,0,0,0,0,0,0,0,1,0,0,0,1
188,0,-0.7888002190384014,-1.4993295040688086,-0.8977782552341357,0,0,0,0,1,0,0,0,1,1,0,1,0,1,0,1,0,1,0,1,0,1,0,0,0,1,0,1,0,2
189,0,0.3106496014024181,-0.2712615209460435,0.0438384479638305,0,0,1,0,1,0,1,0,0,0,0,0,1,0,0,0,0,0,0,0,0,0,0,0,1,0,0,1,0,1
190,0,0.4328106925625091,0.2372483611047903,0.3942479810730394,0,1,1,1,1,0,1,0,0,0,1,0,0,0,0,0,1,0,0,0,1,1,0,1,1,0,0,1,0,0
191,0,-1.0738427650786138,0.8720548151682491,-0.7715117039267947,1,1,1,0,1,0,0,1,0,0,0,0,1,0,1,0,0,0,0,0,1,0,0,1,0,1,0,0,0,1
192,0,1.4915401492832985,-1.4960059100684764,-0.398976847449091,0,0,1,1,1,0,0,0,1,1,0,1,0,1,0,1,0,1,0,1,0,0,1,0,0,0,0,0,1,2
193,0,1.6137012404433893,1.4935668932303794,2.580728466578339,0,0,1,1,1,0,1,1,0,0,1,0,1,0,1,0,0,0,1,0,1,0,1,0,1,0,0,0,1,0
194,0,1.0843365120829946,-1.5109620830699717,-0.479580966679878,0,1,1,1,1,0,0,0,1,1,0,1,0,1,0,1,0,1,0,1,0,0,1,0,1,0,0,0,1,2
195,0,-0.5037576729981889,1.0565142821866886,-0.1668043365284474,0,0,1,0,1,0,0,1,0,0,1,0,1,0,0,0,1,0,1,0,0,0,0,1,0,1,0,1,0,1
196,0,-0.3408762181180675,-1.3514295710540236,-0.7466289873169623,0,1,1,1,1,0,1,0,1,1,0,1,0,1,0,1,0,1,0,1,0,0,1,1,0,0,0,1,0,2
197,0,1.0843365120829946,1.5484061942358611,1.8706224999230956,0,1,0,0,1,0,1,1,0,0,0,0,1,0,1,0,1,0,1,0,1,0,0,1,0,1,0,0,1,0
198,0,1.6137012404433893,1.5783185402388515,2.542058783761817,0,1,1,1,1,0,1,1,0,0,0,0,1,0,1,0,1,0,1,0,1,0,1,1,0,0,0,0,1,0
199,0,-1.2774445836787656,-1.462769970065154,-0.9966252881496136,0,1,0,1,1,0,0,0,1,1,0,1,0,1,0,1,0,1,0,1,0,0,0,0,0,0,1,0,0,2
200,0,-0.2187151269579764,1.2343265612044645,0.1770977485312042,0,0,1,0,1,0,0,1,0,0,1,0,0,0,0,0,1,0,1,0,1,1,0,1,1,0,0,1,0,1
201,0,-0.748079855318371,0.5081212721318681,-0.5150520733364476,0,0,0,0,1,0,0,1,0,0,0,0,1,0,0,0,1,0,0,0,0,0,0,1,1,0,0,1,0,1
202,0,1.5729808767233588,1.3556377422165908,2.2614002700854896,0,1,1,1,1,0,1,1,0,0,1,0,0,0,1,0,0,0,1,0,1,0,1,0,0,1,0,0,1,0
203,0,-0.7888002190384014,0.4499583771260538,-0.5496187550098584,0,1,0,1,1,0,0,1,0,0,0,0,0,0,0,0,0,0,1,0,0,0,0,1,1,0,0,1,0,1
204,0,0.4735310562825394,0.1358787440946564,0.2996583633221871,0,1,0,0,1,0,0,1,0,0,0,0,0,0,0,0,0,0,0,0,0,0,0,0,1,0,0,1,0,1
205,0,0.0256070553622056,0.5047976781315361,0.1787301253300761,0,0,0,0,1,0,0,1,0,0,0,0,1,0,0,0,1,0,0,0,0,1,0,1,0,0,0,1,0,1
206,0,1.6137012404433893,-0.3094828519498643,0.8380118197609813,0,1,1,1,0,1,0,0,0,0,1,0,1,0,1,0,1,0,0,0,1,0,1,1,1,0,0,0,1,0
207,0,-1.2774445836787656,0.50313588113137,-0.9705293185135924,1,1,0,0,1,0,0,1,0,0,0,0,0,0,0,0,0,0,0,0,1,0,0,0,0,1,0,0,0,1
208,0,-0.5444780367182193,1.3905354792200797,-0.1523335367979066,1,0,0,0,1,0,0,1,0,0,1,0,0,0,1,0,1,0,1,0,1,0,0,1,0,1,0,1,0,1
209,0,1.2879383306831464,1.2526063282062914,1.929895425038893,0,1,1,0,1,0,0,1,0,0,0,0,1,0,1,0,1,0,1,0,1,1,0,1,1,0,0,0,1,0
210,0,-1.2367242199587352,-0.6235624849812617,-0.9684998770879678,1,1,0,0,1,0,0,0,0,0,0,0,0,0,0,0,0,0,0,0,0,0,0,1,1,0,0,0,0,1
211,0,-1.2774445836787656,-1.3132082400502028,-0.9946399650158504,0,0,0,0,0,1,0,0,0,0,0,0,0,0,0,0,0,0,0,0,0,0,0,0,0,1,0,0,0,1
212,0,1.1657772395230557,-1.4960059100684764,-0.5098019966049404,0,1,0,1,1,0,0,0,1,1,0,1,0,1,0,1,0,1,0,1,0,0,1,0,0,0,1,0,1,2
213,0,-0.1372743995179157,-1.4876969250676455,-0.7675189985133375,0,0,1,1,1,0,0,0,1,1,0,1,0,1,0,1,0,1,0,1,0,1,0,0,0,1,0,1,0,2
214,1,-0.3815965818380978,0.7324638671542947,-0.134068563967285,0,1,1,0,1,0,1,1,0,0,0,0,0,0,0,0,0,0,0,0,1,0,0,0,0,1,0,1,0,1
215,0,1.002895784642934,-0.1998042499389002,0.51076438987901,0,0,1,0,0,1,0,0,0,0,1,0,1,0,1,0,0,0,1,0,1,0,0,1,0,0,0,0,1,0
216,0,1.6137012404433893,-0.6484894399837535,0.3794462941535382,0,1,1,1,0,1,0,0,0,0,1,0,1,0,1,0,1,0,0,0,0,0,1,0,1,0,0,0,1,0
217,0,1.369379058123207,-0.2712615209460435,0.6659504815015019,0,1,1,0,0,1,0,0,0,0,1,0,1,0,1,0,1,0,1,0,0,0,1,1,0,0,0,0,1,0
218,0,1.3286586944031769,0.6460504231456565,1.3432986164496523,0,1,1,1,1,0,1,0,0,0,0,0,1,0,1,0,1,0,1,0,1,0,1,1,0,0,0,0,1,0
219,0,-0.9924020376385532,0.5064594751317021,-0.7302169827445196,0,0,0,0,1,0,0,1,0,0,0,0,0,0,0,0,0,0,1,0,0,0,0,1,0,0,0,0,0,1
220,0,-1.1552834925186746,0.179085466098976,-0.8873883975007748,1,0,0,0,1,0,0,1,0,0,0,0,0,0,0,0,0,0,0,0,0,0,0,1,0,1,0,0,0,1
221,0,1.5729808767233588,-1.329826210051864,-0.1953709305087071,0,0,1,0,1,0,1,0,1,1,0,1,0,1,0,1,0,1,0,1,0,0,1,0,0,0,0,0,1,2
222,0,-1.2774445836787656,-1.481049737066981,-0.9968679387548512,0,1,1,1,1,0,0,0,1,1,0,1,0,1,0,1,0,1,0,1,0,1,0,1,0,1,0,0,0,2
223,0,-1.1552834925186746,-0.4889569279678058,-0.9266536772574252,1,1,1,0,1,0,0,0,0,0,0,0,0,0,0,0,1,0,0,0,0,0,0,0,0,0,1,0,0,1
224,0,-0.8295205827584317,-1.5093002860698053,-0.9090063605128632,0,0,0,0,1,0,0,0,1,1,0,1,0,1,0,1,0,1,0,1,0,1,0,1,0,0,0,0,0,2
225,0,-0.3408762181180675,-0.4706771609659783,-0.4372053473469985,0,1,0,0,0,1,0,0,0,0,1,0,0,0,0,0,0,0,1,0,1,1,0,1,0,0,1,1,0,1
226,0,-0.055833672077855,0.544680806135523,0.1173615813508619,0,0,1,1,1,0,0,0,0,0,1,0,0,0,1,0,1,0,1,0,1,1,0,1,0,0,1,1,0,1
227,0,-1.2774445836787656,-0.3177918369506949,-0.9814265366033595,1,0,1,0,1,0,0,0,0,0,0,0,0,0,0,0,0,0,1,0,0,0,0,0,0,0,1,0,0,1
228,0,-0.0965540357978854,0.8354952811645946,0.1956274311129943,0,1,0,0,1,0,1,1,0,0,0,0,0,0,0,0,1,0,0,0,1,0,0,1,1,0,0,1,0,1
229,0,0.5956921474426305,0.682609957149311,0.8062687087667004,0,0,1,1,1,0,1,0,0,0,1,0,1,0,0,0,1,0,1,0,1,0,1,1,1,0,0,1,0,0
230,0,0.880734693482843,1.437065795224731,1.53572054640317,0,1,0,0,1,0,1,1,0,0,1,0,1,0,0,0,1,0,1,0,1,0,1,1,1,0,0,0,1,0
231,0,0.7178532386027215,0.9551446651765552,1.0887360724093458,0,1,0,0,1,0,0,1,0,0,1,0,1,0,0,0,1,0,0,0,1,0,0,1,1,0,0,0,1,0
232,0,-1.2774445836787656,0.6593447991469852,-0.9684557587961063,1,1,0,0,1,0,0,1,0,0,1,0,0,0,0,0,0,0,0,0,1,0,0,1,0,0,1,0,0,1
233,0,1.6137012404433893,-1.479387940066815,-0.3144903185345005,0,0,0,0,1,0,0,0,1,1,0,1,0,1,0,1,0,1,0,1,0,0,1,0,1,0,0,0,1,2
234,0,-0.1372743995179157,-1.3165318340505352,-0.6960694248437922,0,0,0,0,1,0,1,0,1,1,0,1,0,1,0,1,0,1,0,1,0,0,0,0,0,1,0,1,0,2
235,0,-1.2367242199587352,-0.344380588953353,-0.955440862696992,1,1,0,0,1,0,1,0,0,0,0,0,1,0,0,0,0,0,0,0,0,0,0,1,0,0,1,0,0,1
236,0,-0.9109613101984924,-1.16863190103575,-0.8738440818993235,0,0,0,0,0,1,0,0,0,0,0,0,0,0,0,0,1,0,0,0,0,0,1,1,0,0,1,0,0,1
237,0,-0.5851984004382496,0.2787932861089434,-0.4296170011468368,0,1,1,0,1,0,1,1,0,0,0,0,0,0,0,0,0,0,0,0,0,0,0,1,0,1,0,1,0,1
238,1,-0.8702409464784621,1.0049985751815391,-0.5115226099875352,1,0,0,0,1,0,0,1,0,0,0,0,1,0,0,0,0,0,1,0,1,0,0,1,0,1,0,0,0,1
239,0,-0.6666391278783103,-1.4960059100684764,-0.88032947080295,0,1,0,0,1,0,0,0,1,1,0,1,0,1,0,1,0,1,0,1,0,0,1,0,0,0,1,1,0,2
240,0,1.6137012404433893,0.7258166791536301,1.7959522909476673,0,0,0,0,1,0,1,0,0,0,0,0,1,0,1,0,1,0,1,0,1,0,1,0,0,0,0,0,1,0
241,0,1.6137012404433893,1.476948923228718,2.4699915540062127,0,1,0,0,1,0,1,1,0,0,0,0,1,0,1,0,1,0,1,0,1,0,1,0,0,0,0,0,1,0
242,0,0.3513699651224484,0.3303089931140931,0.4005568968092204,0,0,1,1,1,0,0,0,0,0,1,0,0,0,0,0,1,0,1,0,1,1,0,1,1,0,0,1,0,0
243,1,1.3286586944031769,0.9850570111795456,1.6969729031566052,0,0,1,0,1,0,0,1,0,0,1,0,1,0,1,0,0,0,0,0,1,0,0,0,0,1,0,0,1,0
244,1,-0.7888002190384014,-0.3310862129520241,-0.6831427653284006,0,0,0,0,1,0,0,0,0,0,0,0,1,0,1,0,0,0,0,0,0,0,0,1,0,1,0,1,0,1
245,1,-1.1552834925186746,0.3519123541162524,-0.8851604237617738,0,1,0,0,1,0,0,1,0,0,1,0,0,0,0,0,0,0,0,0,0,0,0,0,0,1,0,0,0,1
246,0,0.3513699651224484,0.0079203750818651,0.111207079636196,0,1,0,0,1,0,1,0,0,0,0,0,0,0,1,0,0,0,0,0,1,1,0,0,0,0,1,1,0,1
247,1,-0.7073594915983407,0.3203382111130964,-0.5318170242437815,1,1,0,0,1,0,0,1,0,0,0,0,1,0,0,0,0,0,0,0,0,0,0,1,0,1,0,1,0,1
248,0,-1.2774445836787656,-0.5388108379727895,-0.9843604030121428,1,1,0,0,1,0,0,0,0,0,1,0,0,0,0,0,0,0,0,0,0,0,0,1,0,0,1,0,0,1
249,0,0.3920903288424788,1.1379423351948288,0.8906228828057067,0,1,0,0,1,0,1,1,0,0,1,0,1,0,1,0,0,0,0,0,1,1,0,1,0,1,0,1,0,0
250,0,0.758573602322752,0.9551446651765552,1.0322867179726782,0,0,1,0,1,0,0,1,0,0,1,0,1,0,1,0,0,0,1,0,0,1,0,1,0,1,0,0,1,0
251,0,-1.2367242199587352,0.1873944510998066,-0.9408597672367977,1,0,1,1,1,0,0,1,0,0,0,0,0,0,0,0,0,0,0,0,0,0,0,0,0,1,0,0,0,1
252,1,-1.2774445836787656,-0.8163309370005319,-0.9880442803825704,1,1,1,0,0,1,0,0,0,0,0,0,1,0,0,0,0,0,1,0,0,0,0,0,0,1,0,0,0,1
253,0,-0.0151133083578247,0.6294324531439953,0.155987145875522,0,1,0,1,1,0,1,0,0,0,0,0,1,0,1,0,1,0,1,0,1,1,0,0,1,0,0,1,0,1
254,0,-0.9109613101984924,-1.4926823160681442,-0.9206094712724128,0,1,0,0,1,0,0,0,1,1,0,1,0,1,0,1,0,1,0,1,0,0,0,1,0,0,1,0,0,2
255,0,1.4100994218432374,-0.1732154979362424,0.8047907459893432,0,0,1,1,0,1,0,0,0,0,0,0,1,0,1,0,1,0,1,0,1,0,1,1,0,1,0,0,1,0
256,0,1.1657772395230557,1.6730409692483204,2.086096237374197,0,0,1,1,1,0,1,1,0,0,1,0,1,0,1,0,1,0,1,0,1,0,1,0,1,0,0,0,1,0
257,0,0.7178532386027215,1.6481140142458286,1.5491545662749682,0,1,0,0,1,0,1,1,0,0,1,0,1,0,1,0,1,0,1,0,1,1,0,0,1,0,0,0,1,0
258,0,-1.2367242199587352,-0.6700928009859131,-0.9702425496164933,1,0,1,0,1,0,0,0,0,0,0,0,0,0,0,0,0,0,0,0,0,0,0,1,1,0,0,0,0,1
259,1,-0.1372743995179157,-0.6567984249845842,-0.4637204407557028,0,0,1,0,0,1,0,0,0,0,1,0,0,0,1,0,0,0,0,0,1,0,0,1,0,1,0,1,0,1
260,1,-1.1960038562387048,-0.7847567939973756,-0.9474554518700776,1,1,0,0,0,1,0,0,0,0,0,0,0,0,1,0,0,0,0,0,1,0,0,1,0,1,0,0,0,1
261,1,-0.7888002190384014,1.4005062612210766,-0.403873977845707,1,1,0,0,1,0,1,1,0,0,0,0,1,0,1,0,0,0,1,0,1,0,0,1,0,1,0,1,0,1
262,1,1.002895784642934,0.8338334841644282,1.1672004544848549,0,1,1,0,1,0,1,1,0,0,0,0,1,0,0,0,0,0,0,0,1,0,0,1,0,1,0,0,1,0
263,0,-0.055833672077855,-0.4956041159684701,-0.3351376791256382,0,0,0,0,0,1,0,0,0,0,1,0,1,0,0,0,1,0,0,0,1,0,1,1,0,0,0,1,0,1
264,0,0.5142514200025698,1.61321627724234,1.2143629084846963,0,0,1,0,1,0,1,1,0,0,1,0,1,0,1,0,1,0,1,0,1,1,0,0,0,0,1,1,0,0
265,0,1.1657772395230557,0.7756705891586139,1.432527861739344,0,0,1,1,1,0,1,0,0,0,1,0,1,0,1,0,1,0,1,0,1,0,1,0,0,0,1,0,1,0
266,0,0.7178532386027215,-1.3248408190513656,-0.4784559502374121,0,1,0,0,1,0,1,0,1,1,0,1,0,1,0,1,0,1,0,1,0,0,1,0,0,0,0,0,1,2
267,1,-0.5444780367182193,1.3373579752147635,-0.1202154203228038,0,0,0,0,1,0,0,1,0,0,1,0,1,0,0,0,1,0,1,0,1,0,0,1,0,0,1,1,0,1
268,0,1.0843365120829946,-1.5093002860698053,-0.520655096402846,1,1,0,0,1,0,0,0,1,1,0,1,0,1,0,1,0,1,0,1,0,0,1,0,0,0,1,0,1,2
269,0,1.5729808767233588,-1.3464441800535252,-0.2412318948986376,0,0,1,0,1,0,1,0,1,1,0,1,0,1,0,1,0,1,0,1,0,0,1,1,1,0,0,0,1,2
270,1,-0.6666391278783103,0.9867188081797118,-0.3390642071013031,1,0,0,0,1,0,0,1,0,0,0,0,0,0,0,0,1,0,1,0,1,0,0,1,0,1,0,1,0,1
271,0,1.002895784642934,-0.1665683099355778,0.5163674129454084,0,1,1,0,1,0,0,0,0,0,1,0,1,0,0,0,1,0,0,0,0,0,1,1,0,1,0,0,1,0
272,0,-1.2774445836787656,-1.328164413051698,-0.9948384973292264,1,1,0,0,0,1,0,0,0,0,0,0,0,0,0,0,0,0,0,0,0,0,0,0,0,0,0,0,0,1
273,1,-0.5037576729981889,1.4054916522215746,-0.0475084753352083,0,1,1,0,1,0,1,1,0,0,0,0,1,0,0,0,1,0,1,0,1,0,0,0,0,1,0,1,0,1
274,0,-1.2774445836787656,0.1940416391004707,-0.9746323196567032,1,1,0,0,1,0,0,1,0,0,0,0,0,0,0,0,0,0,0,0,0,0,0,0,0,0,1,0,0,1
275,0,-1.1145631287986442,0.6859335511496436,-0.8288213650547598,1,1,1,0,1,0,1,1,0,0,0,0,1,0,0,0,1,0,0,0,0,0,0,1,0,1,0,0,0,1
276,0,0.7992939660427822,1.3390197722149295,1.4758079060553824,1,0,1,0,1,0,1,1,0,0,0,0,1,0,1,0,0,0,1,0,1,0,0,1,0,1,0,0,1,0
277,1,-0.4630373092781585,0.006258578081699,-0.4146829593517513,0,1,1,0,1,0,0,0,0,0,1,0,1,0,0,0,0,0,0,0,1,0,0,1,0,0,0,1,0,1
278,0,-0.748079855318371,-0.3244390249513595,-0.6652086796867394,0,1,0,0,0,1,0,0,0,0,0,0,0,0,1,0,1,0,1,0,1,0,0,1,0,1,0,1,0,1
279,0,-1.1145631287986442,-0.4723389579661445,-0.8978003143800664,0,0,0,0,1,0,0,0,0,0,0,0,1,0,0,0,0,0,0,0,0,0,0,0,0,0,0,0,0,1
280,0,-1.0738427650786138,-0.3194536339508612,-0.8633218692903784,0,0,0,0,1,0,0,0,0,0,1,0,1,0,0,0,0,0,0,0,0,0,0,0,0,0,1,0,0,1
281,0,-0.9109613101984924,-0.4507355969639848,-0.7859604445114048,0,0,0,0,1,0,0,0,0,0,0,0,1,0,0,0,0,0,0,0,0,0,0,0,0,1,0,0,0,1
282,0,-1.2774445836787656,-1.3082228490497043,-0.994573787578058,0,0,0,1,1,0,1,0,1,1,0,1,0,1,0,1,0,1,0,1,0,0,0,0,0,0,1,0,0,2
283,0,1.4508197855632678,-0.3427187919531868,0.6211924744081067,0,0,0,0,1,0,1,0,0,0,1,0,0,0,0,0,0,0,0,0,0,0,0,0,0,0,1,0,1,0
284,0,-0.5851984004382496,1.0099839661820376,-0.2204962977237773,1,1,1,1,1,0,0,1,0,0,0,0,0,0,1,0,0,0,1,0,1,0,0,0,0,0,1,1,0,1
285,0,-0.4223169455581282,0.3735157151184122,-0.218885980070836,0,0,0,0,1,0,1,1,0,0,0,0,0,0,0,0,0,0,0,0,0,1,0,1,1,0,0,1,0,1
286,0,-0.5037576729981889,-0.6784017859867437,-0.5967370907178389,0,0,0,0,1,0,0,0,0,0,0,0,0,0,0,0,0,0,0,0,0,0,0,1,0,1,0,1,0,1
287,0,-1.2774445836787656,0.1741000750984774,-0.9748970294078716,1,1,1,0,1,0,0,1,0,0,0,0,0,0,0,0,0,0,0,0,0,0,0,0,0,1,0,0,0,1
288,1,-0.9924020376385532,0.3236618051134285,-0.7381803344255032,1,1,0,0,1,0,0,1,0,0,0,0,1,0,0,0,0,0,0,0,0,0,0,1,0,1,0,0,0,1
289,0,-0.9109613101984924,-0.6617838159850825,-0.8136887909462978,1,1,0,0,1,0,0,0,0,0,0,0,0,0,0,0,0,0,0,0,0,0,0,1,1,0,0,0,0,1
290,1,-0.3408762181180675,0.3768393091187442,-0.2501658490005721,1,1,0,0,1,0,1,1,0,0,0,0,0,0,0,0,0,0,0,0,0,0,0,1,0,1,0,1,0,1
291,0,0.1070477828022663,-0.1183761969307601,-0.1140609186081378,0,1,0,0,1,0,0,0,0,0,1,0,1,0,1,0,0,0,0,0,0,1,0,0,0,0,1,1,0,1
292,0,-0.3815965818380978,0.7324638671542947,-0.1495320252647074,0,1,1,1,1,0,0,1,0,0,0,0,1,0,1,0,1,0,0,0,0,1,0,0,0,0,1,1,0,1
293,1,-1.0738427650786138,0.8172155141627669,-0.7552761725217977,0,0,0,0,1,0,0,1,0,0,0,0,0,0,0,0,0,0,1,0,1,0,0,1,0,1,0,0,0,1
294,0,-0.8295205827584317,-1.4976677070686424,-0.9085651775942492,0,0,0,0,1,0,0,0,1,1,0,1,0,1,0,1,0,1,0,1,0,0,0,0,0,0,1,0,0,2
295,0,-1.2774445836787656,-1.479387940066815,-0.9968458796089206,0,1,0,0,1,0,0,0,1,1,0,1,0,1,0,1,0,1,0,1,0,0,0,0,0,0,1,0,0,2
296,0,1.5729808767233588,0.3751775121185782,1.3926890441884952,0,0,1,1,1,0,0,1,0,0,0,0,0,0,1,0,0,0,0,0,0,0,1,0,0,1,0,0,1,0
297,1,0.1070477828022663,1.1977670272008092,0.5107864490249407,0,1,1,0,1,0,1,1,0,0,0,0,0,0,1,0,0,0,1,0,1,0,0,1,0,1,0,1,0,0
298,0,0.3106496014024181,0.3253236021135945,0.3247175530994652,0,1,1,1,1,0,1,0,0,0,0,0,0,0,1,0,0,0,1,0,1,0,0,1,0,1,0,1,0,1
299,0,-1.2774445836787656,0.2937494591104381,-0.973308770900861,1,0,0,1,1,0,0,1,0,0,1,0,0,0,0,0,0,0,0,0,0,0,0,1,0,0,1,0,0,1
300,0,-0.3815965818380978,0.004596781081533,-0.3396818631873629,0,1,0,0,1,0,0,0,0,0,0,0,0,0,0,0,0,0,1,0,1,1,0,1,0,0,0,1,0,1
301,1,-1.1552834925186746,1.0199547481830342,-0.83102727964783,1,0,0,0,1,0,1,1,0,0,0,0,0,0,0,0,0,0,1,0,1,0,0,1,0,1,0,0,0,1
302,0,-1.1552834925186746,0.8521132511662559,-0.8484319457871542,0,1,0,0,1,0,0,1,0,0,0,0,0,0,1,0,1,0,0,0,1,0,0,1,0,1,0,0,0,1
303,0,1.4508197855632678,-0.1482885429337505,0.807040778874275,0,0,1,1,0,1,0,0,0,0,0,0,1,0,1,0,1,0,1,0,1,0,1,0,1,0,0,0,1,0
304,0,0.2292088739623573,0.5679459641378485,0.3802845416989047,0,1,0,1,1,0,1,1,0,0,0,0,1,0,0,0,0,0,0,0,0,0,0,1,0,0,1,1,0,1
305,0,0.7992939660427822,-1.328164413051698,-0.4635219084423266,0,1,1,1,1,0,1,0,1,1,0,1,0,1,0,1,0,1,0,1,0,0,1,0,0,0,1,0,1,2
306,1,-0.0151133083578247,0.3369561811147576,0.0104188418788162,1,1,1,0,1,0,1,1,0,0,0,0,0,0,0,0,0,0,0,0,0,0,0,1,0,1,0,1,0,1
307,0,-0.1372743995179157,0.358559542116917,-0.0994136457101513,0,1,1,1,1,0,0,0,0,0,0,0,0,0,1,0,1,0,1,0,1,0,1,0,0,0,1,1,0,1
308,1,0.2292088739623573,1.2093996062019725,0.6450604703051267,0,1,1,1,1,0,1,1,0,0,0,0,1,0,0,0,0,0,1,0,1,0,0,0,0,1,0,1,0,0
309,0,0.6364125111626608,0.464914550127549,0.6188542049394521,0,1,0,1,1,0,1,0,0,0,1,0,0,0,1,0,0,0,1,0,1,1,0,1,1,0,0,1,0,0
310,0,-1.2774445836787656,-1.5126238800701377,-0.9972870625275344,0,0,0,0,1,0,0,0,1,1,0,1,0,1,0,1,0,1,0,1,0,0,0,1,0,0,0,0,0,2
311,0,-0.4223169455581282,0.8072447321617703,-0.1735985534751038,0,0,0,0,1,0,0,1,0,0,1,0,0,0,0,0,1,0,0,0,1,0,0,1,0,1,0,1,0,1
312,0,0.4328106925625091,1.6713791722481544,1.1538546711967796,0,0,0,0,1,0,1,1,0,0,1,0,1,0,1,0,1,0,1,0,1,0,1,0,1,0,0,1,0,0
313,1,-1.1145631287986442,0.1524967140963176,-0.8550717487122957,0,0,1,0,1,0,0,1,0,0,0,0,0,0,0,0,0,0,0,0,0,0,0,1,0,1,0,0,0,1
314,0,-1.1145631287986442,0.5264010391336954,-0.8224462718807867,1,1,0,0,1,0,0,1,0,0,0,0,0,0,0,0,0,0,1,0,0,0,0,1,0,1,0,0,0,1
315,0,0.758573602322752,1.505199472231542,1.502962714696077,0,1,1,1,1,0,1,1,0,0,1,0,1,0,0,0,1,0,1,0,1,1,0,0,1,0,0,0,1,0
316,0,1.5729808767233588,-1.491020519067978,-0.4079328606969563,0,1,0,0,1,0,0,0,1,1,0,1,0,1,0,1,0,1,0,1,0,0,1,1,1,0,0,0,1,2
317,0,0.2292088739623573,0.5164302571326987,0.343644300308008,1,0,1,1,1,0,0,0,0,0,1,0,1,0,0,0,1,0,1,0,1,1,0,0,1,0,0,1,0,0
318,1,-0.3408762181180675,0.9435120861753926,-0.0214786831369794,1,1,1,0,1,0,0,1,0,0,0,0,0,0,1,0,0,0,1,0,1,0,0,1,0,1,0,1,0,1
319,0,0.1070477828022663,0.8886727851699104,0.4220425049457246,0,1,1,0,1,0,1,1,0,0,0,0,0,0,0,0,1,0,1,0,0,0,0,1,1,0,0,1,0,1
320,1,0.880734693482843,0.5878875281398422,0.9134099805521226,1,0,0,0,1,0,1,0,0,0,1,0,1,0,0,0,1,0,1,0,1,1,0,0,0,0,0,0,1,0
321,0,1.6137012404433893,-0.1582593249347472,0.8754241312594527,0,0,1,1,0,1,0,0,0,0,0,0,1,0,1,0,1,0,1,0,1,0,1,1,0,1,0,0,1,0
322,0,-1.2774445836787656,-0.6634456129852487,-0.9860148389569456,0,1,0,0,1,0,0,0,0,0,0,0,0,0,0,0,0,0,0,0,0,0,0,1,0,1,0,0,0,1
323,0,-0.9516816739185228,-0.5371490409726233,-0.8194682871801419,0,0,1,1,1,0,0,0,0,0,1,0,0,0,0,0,0,0,0,0,0,1,0,0,0,0,1,0,0,1
324,0,1.4915401492832985,-0.1565975279345811,0.8369088624644462,0,1,0,0,0,1,0,0,0,0,1,0,1,0,0,0,1,0,1,0,1,0,1,1,0,0,0,0,1,0
325,0,0.7992939660427822,1.260915313207122,1.2610621204199937,0,0,1,0,1,0,1,1,0,0,0,0,1,0,0,0,1,0,1,0,1,0,0,1,1,0,0,0,1,0
326,1,-0.8702409464784621,0.6028437011413373,-0.6175168061845606,0,0,1,0,1,0,0,1,0,0,0,0,0,0,0,0,1,0,1,0,0,0,0,1,0,1,0,0,0,1
327,1,-1.2367242199587352,0.1857326540996401,-0.9444333488775714,1,0,0,0,1,0,0,1,0,0,0,0,0,0,0,0,0,0,0,0,0,0,0,1,0,1,0,0,0,1
328,1,-0.1779947632379461,-0.9592454790148186,-0.5762220850022856,0,0,1,1,0,1,0,0,0,0,0,0,0,0,0,0,0,0,1,0,0,0,0,1,0,1,0,1,0,1
329,1,-0.62591876415828,0.5945347161405068,-0.3572188842022713,0,0,0,0,1,0,1,1,0,0,0,0,0,0,1,0,0,0,0,0,0,0,0,1,1,0,0,1,0,1
330,0,0.1070477828022663,-1.4926823160681442,-0.6795912428335574,0,0,1,1,1,0,0,0,1,1,0,1,0,1,0,1,0,1,0,1,0,0,1,1,0,0,1,1,0,2
331,0,-0.9924020376385532,-1.5142856770703037,-0.9343302600413098,0,0,0,0,1,0,0,0,1,1,0,1,0,1,0,1,0,1,0,1,0,1,0,1,0,0,1,0,0,2
332,0,0.5549717837226001,1.001674981181207,0.945550156173156,0,1,0,0,1,0,1,1,0,0,0,0,1,0,1,0,0,0,1,0,0,1,0,1,1,0,0,1,0,0
333,0,-1.0331224013585834,0.3020584441112687,-0.7802250665694221,1,0,0,0,1,0,1,1,0,0,0,0,0,0,0,0,0,0,0,0,0,0,0,1,0,1,0,0,0,1
334,0,-1.2367242199587352,0.5264010391336954,-0.937043534990786,1,0,0,0,1,0,1,1,0,0,0,0,0,0,1,0,0,0,0,0,0,0,0,0,0,0,1,0,0,1
335,0,1.4508197855632678,0.3668685271177476,1.329820478285993,1,1,1,1,1,0,1,0,0,0,0,0,1,0,1,0,1,0,0,0,1,1,0,1,0,0,0,0,1,0
336,0,0.4328106925625091,1.3240635992134344,1.0941846814542295,1,0,0,0,1,0,1,1,0,0,0,0,1,0,1,0,0,0,1,0,1,0,1,1,0,1,0,1,0,0
337,0,1.4508197855632678,0.7773323861587803,1.7068112822416983,0,0,0,0,1,0,1,0,0,0,1,0,1,0,1,0,1,0,1,0,1,0,1,1,0,1,0,0,1,0
338,0,0.1477681465222966,0.9983513871808744,0.5673240400453312,0,0,0,0,1,0,0,1,0,0,0,0,1,0,0,0,0,0,1,0,1,0,0,1,1,0,0,1,0,1
339,0,1.247217966963116,1.284180471209448,1.907350977897715,1,1,1,0,1,0,1,1,0,0,0,0,1,0,1,0,0,0,1,0,1,0,0,1,0,1,0,0,1,0
340,1,-0.0151133083578247,-0.3360716039525224,-0.1983709743552827,0,0,0,0,1,0,0,0,0,0,0,0,1,0,0,0,1,0,0,0,0,0,0,0,0,0,0,1,0,1
341,0,1.5729808767233588,0.6975661301508063,1.7400544151592674,0,0,1,0,1,0,1,0,0,0,1,0,1,0,1,0,1,0,1,0,1,0,1,0,1,0,0,0,1,0
342,0,1.369379058123207,0.0893484280900052,0.9833595322983798,0,0,1,1,1,0,1,0,0,0,1,0,1,0,1,0,0,0,0,0,0,0,0,1,0,0,0,0,1,0
343,0,1.247217966963116,-1.4710789550659844,-0.4198227403536049,0,1,0,0,1,0,0,0,1,1,0,1,0,1,0,1,0,1,0,1,0,1,0,0,0,0,1,0,1,2
344,0,0.3513699651224484,-1.479387940066815,-0.624156609109702,0,0,0,1,1,0,0,0,1,1,0,1,0,1,0,1,0,1,0,1,0,1,0,1,1,0,0,1,0,2
345,1,-1.2774445836787656,0.2438955491054544,-0.973970545278782,0,0,0,0,1,0,1,1,0,0,0,0,0,0,0,0,0,0,0,0,0,0,0,1,0,1,0,0,0,1
346,0,-1.2367242199587352,0.8521132511662559,-0.931572866799972,1,0,0,0,1,0,0,1,0,0,0,0,0,0,0,0,0,0,1,0,1,0,0,1,0,1,0,0,0,1
347,0,1.5322605130033284,-1.505976692069473,-0.4306978992974413,0,0,1,0,1,0,0,0,1,1,0,1,0,1,0,1,0,1,0,1,0,0,1,0,0,0,0,0,1,2
348,0,-0.3815965818380978,-0.6584602219847502,-0.5659866412904396,0,0,0,0,0,1,0,0,0,0,0,0,0,0,0,0,0,0,1,0,1,0,0,1,0,1,0,1,0,1
349,1,1.2879383306831464,1.071470455188184,1.831423397604237,0,0,1,0,1,0,0,1,0,0,1,0,1,0,1,0,0,0,0,0,1,1,0,0,0,0,0,0,1,0
350,0,0.188488510242327,-0.0651986929254444,-0.0004342579190893,0,1,1,1,1,0,1,0,0,0,1,0,0,0,1,0,1,0,0,0,0,0,1,1,1,0,0,1,0,1
351,0,-0.62591876415828,-0.6700928009859131,-0.7051577929672416,0,1,0,1,1,0,0,0,0,0,0,0,0,0,0,0,0,0,0,0,0,1,0,0,0,0,1,1,0,1
352,1,-1.0331224013585834,0.8105683261621028,-0.7523864244048757,0,0,0,0,1,0,0,1,0,0,0,0,0,0,0,0,0,0,1,0,1,0,0,1,0,1,0,0,0,1
353,0,-1.1552834925186746,0.6659919871476498,-0.84170390627829,1,1,1,1,1,0,1,1,0,0,0,0,1,0,1,0,0,0,0,0,0,0,0,1,0,0,0,0,0,1
354,1,-0.4630373092781585,-0.7598298389948839,-0.6351420637831919,1,0,0,0,0,1,0,0,0,0,1,0,0,0,0,0,0,0,1,0,0,0,0,1,0,1,0,1,0,1
355,0,-0.9109613101984924,0.5147684601325326,-0.632539084563369,1,0,0,0,1,0,0,1,0,0,0,0,0,0,0,0,0,0,0,0,1,0,0,1,0,0,0,0,0,1
356,1,-0.6666391278783103,-0.3543513709543497,-0.6135682190629649,0,0,0,0,1,0,1,0,0,0,1,0,0,0,0,0,0,0,0,0,0,0,0,1,0,1,0,1,0,1
357,0,1.2879383306831464,1.3456669602155942,2.0045876931602518,0,1,1,0,1,0,1,1,0,0,0,0,1,0,0,0,1,0,1,0,1,0,1,1,0,1,0,0,1,0
358,1,-0.2187151269579764,-1.1304105700319294,-0.6505834659346836,1,1,1,0,0,1,0,0,0,0,1,0,0,0,0,0,0,0,0,0,0,0,0,0,1,0,0,1,0,1
359,0,0.3920903288424788,1.074794049188516,0.766341654632129,0,1,1,1,1,0,1,1,0,0,1,0,0,0,0,0,0,0,1,0,1,1,0,0,0,1,0,1,0,0
360,0,-1.1145631287986442,-1.481049737066981,-0.9688307642769284,0,1,0,1,1,0,0,0,1,1,0,1,0,1,0,1,0,1,0,1,0,0,0,0,0,0,1,0,0,2
361,0,0.3513699651224484,1.1312951471941644,0.7409295185199598,0,0,0,0,1,0,0,1,0,0,0,0,1,0,0,0,1,0,1,0,1,0,1,1,0,0,0,1,0,0
362,0,1.0436161483629645,-0.4806479429669752,0.2641872566656177,0,1,1,0,1,0,0,0,0,0,0,0,0,0,1,0,0,0,0,0,0,1,0,0,1,0,0,0,1,0
363,0,0.5956921474426305,-1.4694171580658184,-0.5885531475775483,0,0,0,0,1,0,0,0,1,1,0,1,0,1,0,1,0,1,0,1,0,0,1,1,0,0,1,1,0,2
364,0,-0.5851984004382496,0.3701921211180801,-0.4000136273078341,0,1,0,0,1,0,0,1,0,0,0,0,0,0,0,0,1,0,0,0,0,0,0,1,0,0,0,1,0,1
365,0,-1.1145631287986442,1.0548524851865226,-0.7884751871475049,1,1,0,0,1,0,0,1,0,0,0,0,0,0,1,0,0,0,1,0,1,0,0,0,0,0,0,0,0,1
366,0,-0.3815965818380978,-0.1599211219349132,-0.3854766501395011,0,1,1,0,1,0,0,0,0,0,1,0,0,0,0,0,0,0,0,0,1,0,0,1,0,0,0,1,0,1
367,0,-1.2774445836787656,-1.51594747407047,-0.997331180819396,0,0,0,0,1,0,0,0,1,1,0,1,0,1,0,1,0,1,0,1,0,0,0,0,0,0,1,0,0,2
368,0,1.5729808767233588,1.126309756193666,2.066110651160981,0,1,1,0,1,0,1,1,0,0,0,0,0,0,1,0,0,0,1,0,1,1,0,1,1,0,0,0,1,0
369,0,1.6137012404433893,1.5899511192400142,2.5795593318440115,0,1,1,1,1,0,1,1,0,0,1,0,1,0,1,0,1,0,1,0,1,0,1,1,1,0,0,0,1,0
370,0,0.0256070553622056,-1.4677553610656522,-0.7012533241375073,0,1,1,1,1,0,0,0,1,1,0,1,0,1,0,1,0,1,0,1,0,1,0,0,0,0,1,1,0,2
371,0,-1.2367242199587352,0.6942425361504742,-0.9257051339824052,1,1,0,0,1,0,1,1,0,0,0,0,0,0,0,0,0,0,1,0,0,0,0,1,0,1,0,0,0,1
372,0,-0.3408762181180675,-0.9642308700153168,-0.6392450649263026,0,1,0,1,0,1,0,0,0,0,1,0,0,0,0,0,1,0,0,0,0,0,1,0,0,0,1,1,0,1
373,0,0.9621754209229036,1.1628692901973208,1.468550447044181,0,0,1,1,1,0,1,1,0,0,0,0,1,0,1,0,1,0,0,0,1,1,0,1,1,0,0,0,1,0
374,0,0.188488510242327,1.0415581091851935,0.6031260338908614,0,1,0,0,1,0,0,1,0,0,0,0,1,0,0,0,0,0,1,0,1,0,0,1,1,0,0,1,0,1
375,0,0.4328106925625091,0.6759627691486464,0.6099423099834483,0,0,0,0,1,0,1,0,0,0,0,0,1,0,1,0,1,0,1,0,1,1,0,0,1,0,0,1,0,0
376,0,-1.2774445836787656,-1.3098846460498703,-0.9945958467239888,0,1,0,0,0,1,0,0,0,0,0,0,0,0,0,0,0,0,0,0,0,0,0,0,0,0,1,0,0,1
377,0,-0.3001558543980371,1.3356961782145975,0.1265161269121034,1,0,1,0,1,0,1,1,0,0,0,0,0,0,1,0,1,0,1,0,1,0,0,1,0,0,0,1,0,1
378,0,1.1657772395230557,0.827186296163764,1.3363279263355503,0,0,0,0,1,0,1,0,0,0,1,0,1,0,1,0,1,0,1,0,1,0,1,0,0,1,0,0,1,0
379,0,-0.62591876415828,0.7308020701541287,-0.3836016227353915,0,1,0,0,1,0,1,1,0,0,0,0,0,0,1,0,1,0,0,0,0,1,0,0,0,1,0,1,0,1
380,0,0.3513699651224484,0.7125223031523015,0.4673519906873876,0,0,1,0,1,0,0,1,0,0,0,0,1,0,1,0,1,0,0,0,0,1,0,1,0,0,0,1,0,0
381,0,-1.2774445836787656,-0.4690153639658123,-0.9834339188830532,1,1,0,0,1,0,0,0,0,0,0,0,1,0,0,0,0,0,0,0,0,0,0,0,0,0,1,0,0,1
382,1,1.6137012404433893,0.0012731870812005,1.082052151192343,0,1,1,1,0,1,0,0,0,0,1,0,1,0,1,0,1,0,1,0,1,0,1,1,0,0,0,0,1,0
383,0,-1.2774445836787656,0.8670694241677506,-0.9656983655547686,1,1,0,0,1,0,1,1,0,0,0,0,1,0,0,0,0,0,0,0,1,0,0,1,1,0,0,0,0,1
384,0,0.6364125111626608,1.440389389225063,1.229892547219911,0,1,0,0,1,0,1,1,0,0,0,0,1,0,1,0,0,0,1,0,1,0,1,1,0,0,0,1,0,0
385,1,-0.8702409464784621,-1.4893587220678115,-0.911035801938488,1,1,1,0,1,0,0,0,1,1,0,1,0,1,0,1,0,1,0,1,0,0,0,0,0,0,1,0,0,2
386,1,0.9214550572028734,0.6875953481498096,1.1448545396570529,1,0,1,0,1,0,1,1,0,0,0,0,1,0,1,0,0,0,0,0,0,0,0,1,0,1,0,0,1,0
387,0,0.3920903288424788,-0.3327480099521901,0.0303161915083098,0,0,0,0,0,1,0,0,0,0,1,0,1,0,1,0,1,0,0,0,1,1,0,1,0,1,0,1,0,1
388,0,0.4735310562825394,0.8521132511662559,0.7867463646180288,0,1,0,0,1,0,1,1,0,0,0,0,0,0,1,0,0,0,0,0,1,0,0,1,0,0,1,1,0,0
389,0,-1.2774445836787656,-0.6900343649879066,-0.9863677852918368,0,1,0,1,1,0,0,0,0,0,0,0,0,0,0,0,0,0,0,0,0,0,0,0,0,1,0,0,0,1
390,0,-0.2187151269579764,1.0249401391835322,0.1392001358222573,0,0,0,0,1,0,1,1,0,0,0,0,0,0,0,0,0,0,1,0,1,0,0,1,0,0,0,1,0,1
391,1,-0.2187151269579764,0.6659919871476498,0.0131541759742234,0,1,1,0,1,0,1,0,0,0,0,0,1,0,1,0,1,0,1,0,1,0,0,1,0,0,0,1,0,1
392,1,-1.2367242199587352,-0.6800635829869099,-0.9663821990786204,0,0,0,0,1,0,0,0,0,0,0,0,0,0,0,0,0,0,0,0,0,0,0,1,0,1,0,0,0,1
393,0,-0.5444780367182193,-1.491020519067978,-0.8436230519742611,0,0,0,0,1,0,0,0,1,1,0,1,0,1,0,1,0,1,0,1,0,0,0,0,0,0,1,1,0,2
394,1,0.3920903288424788,1.0066603721817051,0.7344661887622639,0,0,1,0,1,0,1,1,0,0,0,0,0,0,0,0,0,0,1,0,1,0,0,1,0,1,0,1,0,0
395,0,1.369379058123207,0.8404806721650927,1.6262953995946343,0,0,0,0,1,0,1,0,0,0,1,0,1,0,1,0,1,0,1,0,1,0,1,1,1,0,0,0,1,0
396,1,0.0256070553622056,1.5002140812310438,0.6242586956924742,0,1,1,0,1,0,1,1,0,0,1,0,0,0,1,0,1,0,1,0,1,0,0,1,0,0,0,1,0,0
397,0,0.0663274190822359,0.3053820381116012,0.1079643851843825,1,0,0,0,1,0,0,1,0,0,0,0,1,0,0,0,0,0,0,0,0,0,0,1,1,0,0,1,0,1
398,1,0.0256070553622056,-0.3377334009526884,-0.2100182034066936,0,1,0,0,0,1,0,0,0,0,0,0,0,0,1,0,1,0,1,0,1,0,0,1,0,1,0,1,0,1
399,0,-0.3815965818380978,-1.4860351280674795,-0.8226448041941631,0,0,1,1,1,0,0,0,1,1,0,1,0,1,0,1,0,1,0,1,0,1,0,0,0,0,1,1,0,2
400,0,-0.0151133083578247,-1.4960059100684764,-0.7304155150578959,0,0,0,0,1,0,0,0,1,1,0,1,0,1,0,1,0,1,0,1,0,1,0,0,0,0,0,1,0,2
401,0,-0.8702409464784621,-1.4860351280674795,-0.9009106539562954,0,0,0,0,1,0,0,0,1,1,0,1,0,1,0,1,0,1,0,1,0,1,0,0,1,0,0,0,0,2
402,0,1.4915401492832985,1.152898508196324,2.08585358676896,1,1,1,1,1,0,1,1,0,0,0,0,0,0,1,0,0,0,1,0,1,0,0,1,1,0,0,0,1,0
403,0,1.4508197855632678,-0.2945266789483693,0.6922449834508995,0,0,1,0,1,0,0,0,0,0,1,0,0,0,0,0,1,0,0,0,0,1,0,0,0,0,0,0,1,0
404,0,-0.5037576729981889,-1.4976677070686424,-0.8207477176441226,0,1,0,0,1,0,0,0,1,1,0,1,0,1,0,1,0,1,0,1,0,0,1,1,0,0,1,1,0,2
405,0,1.6137012404433893,-1.4943441130683104,-0.3577924219964696,0,1,0,0,1,0,0,0,1,1,0,1,0,1,0,1,0,1,0,1,0,0,1,1,1,0,0,0,1,2
406,0,1.125056875803025,1.0182929511828682,1.5583752892740017,0,1,1,1,1,0,1,1,0,0,1,0,0,0,1,0,0,0,1,0,0,1,0,1,0,0,0,0,1,0
407,1,-0.0151133083578247,0.9701008381780504,0.2566430287573173,0,1,1,1,1,0,0,1,0,0,0,0,1,0,0,0,0,0,1,0,1,0,0,1,0,0,1,1,0,1
408,0,-1.2774445836787656,-1.491020519067978,-0.9970002936304354,1,0,0,0,1,0,0,0,1,1,0,1,0,1,0,1,0,1,0,1,0,0,0,1,0,0,1,0,0,2
409,0,-1.2774445836787656,-1.5009913010689746,-0.9971326485060196,1,1,0,0,1,0,0,0,1,1,0,1,0,1,0,1,0,1,0,1,0,0,0,1,0,0,1,0,0,2
410,1,-1.1960038562387048,0.5513279941361872,-0.9026753856307516,1,1,0,0,1,0,1,1,0,0,0,0,1,0,0,0,0,0,0,0,0,0,0,1,0,1,0,0,0,1
411,0,0.5549717837226001,-1.3397969920528607,-0.5354126650304859,0,0,1,0,1,0,1,0,1,1,0,1,0,1,0,1,0,1,0,1,0,1,0,1,0,0,0,1,0,2
412,0,-0.1372743995179157,0.3386179781149237,-0.0576556824633315,0,0,1,0,1,0,1,1,0,0,0,0,0,0,0,0,0,0,0,0,0,0,0,1,0,1,0,1,0,1
413,0,0.758573602322752,0.750743634156122,0.9676313612497892,0,1,0,0,1,0,1,1,0,0,0,0,1,0,1,0,1,0,0,0,0,0,0,1,0,1,0,0,1,0
414,1,0.6364125111626608,0.1957034361006372,0.5582356719218818,0,0,1,0,1,0,0,1,0,0,0,0,0,0,0,0,0,0,0,0,0,0,0,1,0,0,0,1,0,1
415,0,-0.6666391278783103,0.2821168801092754,-0.4782353587781051,0,0,1,1,1,0,0,1,0,0,0,0,1,0,0,0,0,0,0,0,0,0,0,0,0,0,0,1,0,1
416,0,1.5322605130033284,1.127971553193832,2.02024968677105,0,1,1,0,1,0,1,1,0,0,0,0,1,0,1,0,1,0,0,0,1,0,1,1,0,0,0,0,1,0
417,0,0.3106496014024181,-1.328164413051698,-0.5536996970070384,0,0,1,1,1,0,1,0,1,1,0,1,0,1,0,1,0,1,0,1,0,0,1,1,0,0,1,1,0,2
418,0,-0.4223169455581282,0.6161380771426661,-0.1914002842411807,1,0,1,1,1,0,0,1,0,0,0,0,1,0,0,0,0,0,0,0,1,0,0,0,0,1,0,1,0,1
419,1,-1.2774445836787656,0.3502505571160864,-0.972558759939217,1,0,0,0,1,0,0,1,0,0,0,0,0,0,1,0,0,0,0,0,0,0,0,1,0,0,0,0,0,1
420,0,-1.1145631287986442,-1.3447823830533592,-0.947433392724147,0,0,1,1,1,0,1,0,1,1,0,1,0,1,0,1,0,1,0,1,0,0,0,1,0,0,1,0,0,2
421,0,-1.0331224013585834,0.1691146840979788,-0.7783720983112431,0,0,0,0,1,0,0,1,0,0,0,0,0,0,0,0,0,0,0,0,0,0,0,1,0,0,0,0,0,1
422,0,-0.1372743995179157,1.1894580421999783,0.2429663582802818,0,1,0,1,1,0,1,1,0,0,0,0,1,0,1,0,1,0,0,0,1,1,0,0,1,0,0,1,0,1
423,0,0.4735310562825394,-1.2982520670487077,-0.5158462025899528,0,1,1,1,1,0,1,0,1,1,0,1,0,1,0,1,0,1,0,1,0,1,0,0,0,0,1,1,0,2
424,0,-0.9109613101984924,-0.7997129669988706,-0.8075563483775625,0,0,0,0,0,1,0,0,0,0,1,0,1,0,1,0,0,0,0,0,0,0,0,0,0,0,0,0,0,1
425,1,0.9214550572028734,-0.4357794239624898,0.2465399399210557,0,0,1,0,1,0,1,0,0,0,0,0,0,0,0,0,0,0,0,0,0,0,0,0,0,0,0,0,1,0
426,1,0.7992939660427822,1.3406815692150955,1.3661960099257215,0,1,1,0,1,0,1,1,0,0,0,0,1,0,1,0,0,0,1,0,1,1,0,1,0,0,0,0,1,0
427,0,-0.9109613101984924,0.7042133181514708,-0.626980179788832,0,0,1,1,1,0,1,1,0,0,0,0,0,0,0,0,0,0,0,0,1,0,0,0,0,1,0,0,0,1
428,0,-0.5851984004382496,0.360221339117083,-0.3903076030983251,0,1,0,0,1,0,1,1,0,0,0,0,0,0,0,0,0,0,0,0,0,0,0,1,0,0,0,1,0,1
429,0,1.4508197855632678,-0.2164222199405615,0.7482310958230222,0,0,1,0,1,0,1,0,0,0,1,0,0,0,0,0,1,0,0,0,0,1,0,0,0,0,0,0,1,0
430,0,1.1657772395230557,-1.5076384890696393,-0.4840589733038106,1,0,1,1,1,0,0,0,1,1,0,1,0,1,0,1,0,1,0,1,0,0,0,1,0,0,1,0,1,2
431,0,1.6137012404433893,0.0145675630825296,1.1050377812521348,0,0,1,1,0,1,0,0,0,0,1,0,1,0,1,0,1,0,1,0,1,0,1,1,1,0,0,0,1,0
432,0,-1.2367242199587352,-0.3759547319565092,-0.953058474936476,0,1,0,0,1,0,0,0,0,0,1,0,0,0,1,0,0,0,0,0,0,0,0,0,0,1,0,0,0,1
433,0,-0.8295205827584317,-0.6435040489832552,-0.7768500172420246,1,1,0,0,1,0,0,0,0,0,0,0,0,0,0,0,0,0,0,0,0,0,0,1,0,0,0,0,0,1
434,0,0.3513699651224484,-1.4960059100684764,-0.608957857563448,0,1,1,0,1,0,0,0,1,1,0,1,0,1,0,1,0,1,0,1,0,0,1,1,0,1,0,1,0,2
435,0,-0.2594354906780068,-0.6750781919864114,-0.483507494655543,0,0,0,0,0,1,0,0,0,0,0,0,0,0,1,0,1,0,1,0,0,0,0,1,1,0,0,1,0,1
436,0,0.1477681465222966,-1.4594463760648215,-0.6881060731628086,0,1,1,0,1,0,0,0,1,1,0,1,0,1,0,1,0,1,0,1,0,1,0,0,0,0,0,1,0,2
437,0,1.6137012404433893,1.638143232244832,2.730245357696641,0,1,1,1,1,0,1,1,0,0,1,0,1,0,1,0,1,0,1,0,1,0,1,1,1,0,0,0,1,0
438,0,0.1070477828022663,0.8338334841644282,0.3888876086118787,0,1,1,0,1,0,1,1,0,0,0,0,0,0,0,0,1,0,0,0,1,0,0,1,0,0,0,1,0,1
439,0,-1.2774445836787656,-0.3227772279511935,-0.9814927140411516,0,1,0,0,1,0,0,0,0,0,0,0,0,0,1,0,1,0,0,0,0,0,0,0,0,0,1,0,0,1
440,0,-0.6666391278783103,1.6015836982411773,-0.1752309302739758,0,0,1,1,1,0,1,1,0,0,1,0,0,0,1,0,1,0,1,0,1,0,0,1,0,1,0,1,0,1
441,1,0.6771328748826912,1.222693982203301,1.2311940368298222,0,0,0,0,1,0,1,1,0,0,1,0,0,0,0,0,0,0,1,0,1,0,0,0,1,0,0,0,1,0
442,0,0.880734693482843,1.6580847962468257,1.6631562324448383,0,0,1,0,1,0,1,1,0,0,1,0,1,0,1,0,1,0,1,0,1,1,0,1,0,0,1,0,1,0
443,0,-0.5851984004382496,0.0012731870812005,-0.4910517225638433,0,0,0,1,1,0,1,0,0,0,1,0,0,0,0,0,0,0,0,0,1,0,0,0,0,1,0,1,0,1
444,0,0.1477681465222966,0.5197538511330312,0.290261167155708,0,0,1,0,1,0,0,1,0,0,0,0,0,0,0,0,0,0,0,0,1,0,0,0,0,1,0,1,0,1
445,0,1.125056875803025,1.3672703212177542,1.816224646057983,1,0,0,0,1,0,1,1,0,0,0,0,1,0,1,0,0,0,1,0,1,0,0,1,0,1,0,0,1,0
446,0,-1.2774445836787656,0.1591439020969822,-0.9750955617212478,1,0,0,0,1,0,0,1,0,0,0,0,0,0,0,0,0,0,0,0,0,0,0,0,0,0,1,0,0,1
447,0,0.7992939660427822,-1.3198554280508674,-0.4453672313413584,0,0,1,1,1,0,1,0,1,1,0,1,0,1,0,1,0,1,0,1,0,0,1,1,0,0,0,0,1,2
448,0,-0.9924020376385532,0.9966895901807084,-0.6706793478775536,0,1,1,1,1,0,0,1,0,0,0,0,0,0,1,0,0,0,1,0,1,0,0,1,0,1,0,0,0,1
449,0,1.6137012404433893,1.3539759452164248,2.352306010465915,0,1,1,1,1,0,0,1,0,0,1,0,1,0,0,0,1,0,1,0,1,0,1,0,0,0,0,0,1,0
450,0,1.2879383306831464,-1.33148800705203,-0.2810265941576249,0,0,0,0,1,0,1,0,1,1,0,1,0,1,0,1,0,1,0,1,0,1,0,0,0,0,1,0,1,2
451,1,-0.4223169455581282,0.1657910900976468,-0.3239757512847026,0,0,0,0,1,0,0,0,0,0,1,0,0,0,1,0,1,0,0,0,1,0,0,1,0,0,1,1,0,1
452,0,1.125056875803025,-0.1516121369340826,0.5747138539321165,0,1,1,0,0,1,0,0,0,0,0,0,1,0,1,0,1,0,1,0,1,0,0,1,0,0,0,0,1,0
453,0,-0.1779947632379461,0.5413572121351905,-0.023221355665505,1,0,1,1,1,0,0,1,0,0,0,0,0,0,0,0,0,0,0,0,1,0,0,1,0,1,0,1,0,1
454,0,1.1657772395230557,-1.341458789053027,-0.380226573407994,0,0,1,0,1,0,1,0,1,1,0,1,0,1,0,1,0,1,0,1,0,0,1,0,0,0,1,0,1,2
455,0,-0.3408762181180675,1.3091074262119398,0.094817134209684,0,0,0,0,1,0,1,1,0,0,0,0,1,0,1,0,0,0,1,0,1,0,0,1,0,1,0,1,0,1
456,0,-0.1779947632379461,0.935203101174562,0.2155688990343493,0,1,1,1,1,0,0,1,0,0,0,0,1,0,1,0,1,0,1,0,0,1,0,0,0,0,0,1,0,1
457,0,-0.0965540357978854,0.53304822713436,0.0395148553614129,0,0,1,1,1,0,0,0,0,0,0,0,1,0,1,0,1,0,1,0,1,0,1,0,0,0,0,1,0,1
458,0,-1.2367242199587352,-1.4876969250676455,-0.9890148828035212,0,1,1,0,1,0,0,0,1,1,0,1,0,1,0,1,0,1,0,1,0,0,0,0,0,0,1,0,0,2
459,0,-1.2774445836787656,0.3436033691154218,-0.97264699652294,0,1,0,0,1,0,1,1,0,0,0,0,0,0,0,0,0,0,0,0,0,0,0,1,0,1,0,0,0,1
460,0,-1.0738427650786138,-1.4993295040688086,-0.9612644772226974,0,1,0,1,1,0,0,0,1,1,0,1,0,1,0,1,0,1,0,1,0,0,0,0,0,0,1,0,0,2
461,0,-0.3408762181180675,0.1558203080966501,-0.2936885439218482,0,0,1,0,1,0,0,0,0,0,0,0,1,0,0,0,0,0,1,0,1,0,0,1,0,0,0,1,0,1
462,0,-1.1552834925186746,1.2093996062019725,-0.8355273454176932,1,1,1,1,1,0,1,1,0,0,0,0,0,0,1,0,0,0,1,0,1,0,0,0,0,1,0,0,0,1
463,0,-1.0331224013585834,1.1645310871974868,-0.7087534337539461,1,1,0,0,1,0,1,1,0,0,0,0,1,0,0,0,0,0,1,0,1,0,0,1,0,1,0,0,0,1
464,1,1.6137012404433893,1.7046151122514768,2.7023184789483707,0,1,1,0,1,0,1,1,0,0,1,0,1,0,1,0,1,0,1,0,1,0,1,1,0,0,0,0,1,0
465,0,1.5322605130033284,-0.8213163280010305,0.2294220426788305,0,1,0,0,0,1,0,0,0,0,0,0,0,0,0,0,1,0,0,0,1,0,1,1,0,0,1,0,1,0
466,1,1.2879383306831464,1.2409737492051285,1.8788726205011776,0,1,1,0,1,0,1,1,0,0,0,0,0,0,1,0,1,0,1,0,1,0,1,0,0,1,0,0,1,0
467,0,1.6137012404433893,0.82884809316393,1.9011523578911875,0,1,1,1,1,0,1,1,0,0,0,0,1,0,0,0,0,0,1,0,0,1,0,1,0,1,0,0,1,0
468,0,0.4735310562825394,-1.491020519067978,-0.6227889420619985,0,0,0,1,1,0,0,0,1,1,0,1,0,1,0,1,0,1,0,1,0,0,1,0,0,0,1,1,0,2
469,0,-0.7888002190384014,-0.2928648819482031,-0.6817971574266277,1,0,1,1,1,0,0,0,0,0,0,0,0,0,0,0,0,0,0,0,1,0,0,0,0,1,0,1,0,1
470,1,-0.62591876415828,-1.4660935640654862,-0.8599247608170503,0,0,0,0,1,0,0,0,1,1,0,1,0,1,0,1,0,1,0,1,0,1,0,0,0,0,1,1,0,2
471,0,-1.2774445836787656,-0.3244390249513595,-0.9815147731870822,1,1,0,0,1,0,0,0,0,0,0,0,0,0,0,0,0,0,0,0,1,0,0,1,0,1,0,0,0,1
472,0,-0.9516816739185228,0.1757618720986434,-0.7567761944450854,0,1,1,0,1,0,0,0,0,0,0,0,0,0,1,0,0,0,1,0,1,0,0,1,0,0,1,0,0,1
473,0,-0.3408762181180675,-0.3709693409560109,-0.4254698817118648,0,1,1,0,1,0,0,0,0,0,1,0,0,0,0,0,1,0,0,0,0,0,0,0,0,0,1,1,0,1
474,0,-1.2774445836787656,0.3303089931140931,-0.9728234696903856,1,0,1,1,1,0,0,1,0,0,0,0,1,0,0,0,0,0,0,0,0,0,0,1,0,1,0,0,0,1
475,0,-0.3408762181180675,0.5147684601325326,-0.1845178307108015,1,1,0,0,1,0,1,1,0,0,0,0,1,0,0,0,0,0,0,0,0,0,0,1,0,1,0,1,0,1
476,1,0.1070477828022663,0.3751775121185782,0.2062378803056621,0,1,1,1,1,0,0,0,0,0,0,0,1,0,0,0,1,0,1,0,1,0,0,1,0,1,0,1,0,1
477,0,-1.0331224013585834,0.3635449331174155,-0.7613424376527408,0,0,1,1,1,0,0,0,0,0,1,0,1,0,1,0,1,0,1,0,0,0,0,1,0,1,0,0,0,1
478,0,-1.1145631287986442,1.0415581091851935,-0.8057474984112448,1,1,0,0,1,0,0,1,0,0,0,0,0,0,0,0,1,0,1,0,1,0,0,1,0,1,0,0,0,1
479,0,-0.7073594915983407,0.1408641350951549,-0.5668910662735984,1,0,0,1,1,0,0,1,0,0,0,0,0,0,0,0,0,0,0,0,0,0,0,0,0,0,0,1,0,1
480,0,-0.8702409464784621,-1.4993295040688086,-0.9061827898337332,0,1,1,1,1,0,0,0,1,1,0,1,0,1,0,1,0,1,0,1,0,0,1,0,0,0,1,0,0,2
481,0,0.6364125111626608,-0.6468276429835875,-0.0594424732837184,1,0,1,0,0,1,0,0,0,0,1,0,0,0,1,0,0,0,0,0,1,0,0,1,0,0,0,1,0,1
482,1,-0.5037576729981889,0.5546515881365197,-0.2682984669556096,0,0,0,0,1,0,0,1,0,0,0,0,0,0,0,0,0,0,0,0,1,0,0,1,0,1,0,1,0,1
483,0,1.6137012404433893,1.4536837652263923,2.525360010292276,0,0,1,0,1,0,1,1,0,0,0,0,1,0,1,0,1,0,1,0,1,1,0,1,0,0,0,0,1,0
484,0,-0.9924020376385532,0.6244470621434968,-0.7057533899073706,1,0,1,1,1,0,0,1,0,0,0,0,1,0,0,0,0,0,1,0,0,0,0,1,0,1,0,0,0,1
485,0,1.6137012404433893,0.6560212051466532,1.6990464628740916,0,1,1,1,1,0,1,1,0,0,0,0,0,0,0,0,0,0,0,0,1,0,1,1,1,0,0,0,1,0
486,0,-0.7073594915983407,1.17616366619865,-0.3815060038719747,0,0,0,0,1,0,1,1,0,0,0,0,1,0,0,0,0,0,1,0,1,0,0,1,0,1,0,1,0,1
487,0,1.6137012404433893,0.7922885591602751,1.7304145683875505,0,1,0,0,1,0,1,0,0,0,0,0,1,0,1,0,1,0,1,0,1,0,1,1,0,0,0,0,1,0
488,0,-1.318164947398796,-0.4058670779594996,-1.005779833710855,0,0,1,1,0,1,0,0,0,0,1,0,0,0,1,0,1,0,1,0,0,0,1,1,0,0,0,0,0,1
489,0,-1.2774445836787656,0.3186764141129299,-0.9729778837119004,1,1,0,1,1,0,1,1,0,0,0,0,0,0,0,0,0,0,0,0,0,0,0,1,0,1,0,0,0,1
490,0,1.247217966963116,1.330710787214099,1.904814176115684,0,1,1,1,1,0,1,1,0,0,0,0,1,0,1,0,0,0,1,0,1,0,1,1,0,0,0,0,1,0
491,0,-1.2367242199587352,-0.1914952649380696,-0.9554188035510612,0,0,0,0,1,0,0,0,0,0,0,0,1,0,0,0,0,0,1,0,0,0,0,1,0,1,0,0,0,1
492,0,-1.2367242199587352,0.3203382111130964,-0.9442789348560564,1,0,1,0,1,0,0,1,0,0,1,0,0,0,0,0,0,0,0,0,0,0,0,1,0,1,0,0,0,1
493,1,1.1657772395230557,-0.0236537679212913,0.7159806244723351,0,1,1,0,1,0,1,0,0,0,0,0,1,0,0,0,0,0,0,0,1,1,0,0,0,0,0,0,1,0
494,0,-1.2774445836787656,-1.4744025490663168,-0.9967797021711284,0,1,0,0,1,0,0,0,1,1,0,1,0,1,0,1,0,1,0,1,0,0,0,0,0,0,1,0,0,2
495,0,-0.4223169455581282,-0.6983433499887373,-0.6071269484511997,1,1,0,0,0,1,0,0,0,0,0,0,1,0,1,0,0,0,0,0,1,1,0,1,0,0,0,1,0,1
496,0,-0.1779947632379461,-0.128346978931757,-0.2179815550876772,0,1,1,0,1,0,0,0,0,0,1,0,1,0,0,0,1,0,0,0,0,0,0,0,0,0,1,1,0,1
497,0,1.5322605130033284,-1.4943441130683104,-0.3891605275099284,0,0,1,0,1,0,0,0,1,1,0,1,0,1,0,1,0,1,0,1,0,0,1,0,0,0,0,0,1,2
498,1,-1.1145631287986442,-1.2068532320395708,-0.9479628122264836,1,0,0,0,0,1,0,0,0,0,0,0,1,0,0,0,0,0,0,0,0,0,0,0,0,1,0,0,0,1
499,0,-0.8295205827584317,1.1612074931971548,-0.4593968481532852,1,0,0,0,1,0,1,1,0,0,1,0,1,0,1,0,0,0,0,0,1,0,0,1,0,0,0,0,0,1
500,0,0.0663274190822359,1.7112623002521414,0.7144144251112554,0,1,0,0,1,0,1,1,0,0,1,0,1,0,1,0,1,0,1,0,1,1,0,0,1,0,0,1,0,0
501,1,1.5729808767233588,0.5297246331340278,1.498374412342491,0,0,1,0,1,0,1,1,0,0,1,0,0,0,0,0,0,0,0,0,0,0,1,1,1,0,0,0,1,0
502,0,1.5322605130033284,0.0145675630825296,0.9985803429905644,0,0,1,1,1,0,1,0,0,0,1,0,0,0,0,0,0,0,0,0,1,1,0,0,0,0,0,0,1,0
503,0,0.7992939660427822,0.641065032145158,0.9031304185484152,0,0,1,1,1,0,0,1,0,0,1,0,0,0,1,0,1,0,0,0,0,0,0,1,0,0,0,0,1,0
504,0,1.4915401492832985,0.4881797081298748,1.421851235108884,0,1,0,1,1,0,1,0,0,0,1,0,1,0,1,0,1,0,1,0,0,0,1,1,1,0,0,0,1,0
505,1,-0.5037576729981889,0.9750862291785486,-0.2194153995731728,1,0,0,0,1,0,1,1,0,0,0,0,1,0,1,0,0,0,0,0,1,0,0,1,0,1,0,1,0,1
506,0,-0.8702409464784621,0.4399875951250571,-0.6299802236354075,0,1,0,1,1,0,1,1,0,0,0,0,0,0,1,0,0,0,0,0,0,0,0,1,0,0,1,0,0,1
507,0,-1.2367242199587352,0.9784098231788813,-0.9318816948430017,1,1,1,0,1,0,0,1,0,0,0,0,0,0,0,0,1,0,1,0,1,0,0,1,0,1,0,0,0,1
508,0,-1.0738427650786138,0.5230774451333633,-0.7839310030857802,1,0,1,1,1,0,1,1,0,0,0,0,0,0,0,0,1,0,0,0,0,0,0,1,0,1,0,0,0,1
509,0,-1.2774445836787656,-1.4926823160681442,-0.9970223527763662,0,0,0,0,1,0,0,0,1,1,0,1,0,1,0,1,0,1,0,1,0,0,0,0,0,0,1,0,0,2
510,1,-0.5037576729981889,0.9817334171792133,-0.2035769327949285,0,1,1,1,1,0,0,1,0,0,1,0,0,0,1,0,1,0,0,0,1,1,0,0,1,0,0,1,0,1
511,0,1.1657772395230557,1.3855500882195813,1.7737387309954498,0,1,0,0,1,0,1,1,0,0,1,0,0,0,1,0,0,0,1,0,1,0,0,1,0,1,0,0,1,0
512,1,-1.1145631287986442,0.3186764141129299,-0.8580717925588712,1,0,1,0,1,0,1,1,0,0,0,0,0,0,0,0,0,0,0,0,0,0,0,1,0,1,0,0,0,1
513,0,0.9621754209229036,1.3523141482162588,1.604677436582546,0,0,0,0,1,0,1,1,0,0,0,0,1,0,0,0,1,0,1,0,1,0,0,1,0,0,0,0,1,0
514,0,-0.0965540357978854,1.0049985751815391,0.2526503233438603,0,1,0,0,1,0,1,1,0,0,1,0,1,0,1,0,1,0,0,0,0,0,0,1,1,0,0,1,0,1
515,0,0.3106496014024181,1.330710787214099,0.8171659268564674,1,1,0,0,1,0,1,1,0,0,0,0,0,0,1,0,1,0,1,0,1,0,0,0,0,0,0,1,0,0
516,0,-0.1779947632379461,-0.3477041829536853,-0.32357868665795,0,0,0,0,1,0,0,0,0,0,1,0,0,0,0,0,1,0,0,0,0,1,0,0,0,0,1,1,0,1
517,1,-1.1145631287986442,0.1757618720986434,-0.8722778825382437,0,0,1,0,1,0,0,1,0,0,0,0,0,0,0,0,0,0,0,0,0,0,0,0,0,1,0,0,0,1
518,1,-0.2187151269579764,0.3469269631157543,-0.1545835696828383,1,0,1,0,1,0,0,1,0,0,1,0,0,0,0,0,0,0,0,0,0,0,0,1,0,0,0,1,0,1
519,0,-0.8295205827584317,-1.4860351280674795,-0.8886678279647555,0,1,0,0,1,0,0,0,1,1,0,1,0,1,0,1,0,1,0,1,0,0,0,0,1,0,0,0,0,2
520,0,1.4100994218432374,1.3506523512160928,2.077846116796114,0,1,1,1,1,0,1,1,0,0,0,0,1,0,1,0,0,0,1,0,1,1,0,1,0,1,0,0,1,0
521,1,-0.1372743995179157,-0.4374412209626558,-0.3695940650693954,0,1,1,0,1,0,1,0,0,0,0,0,0,0,0,0,0,0,0,0,0,0,0,1,0,1,0,1,0,1
522,0,0.9214550572028734,0.6892571451499756,1.0736917348846065,0,1,1,1,1,0,1,1,0,0,0,0,0,0,0,0,0,0,0,0,1,0,0,0,0,0,0,0,1,0
523,0,-0.3815965818380978,0.360221339117083,-0.2299155530361873,1,0,0,0,1,0,1,1,0,0,0,0,0,0,0,0,0,0,0,0,0,0,0,0,0,0,0,1,0,1
524,0,0.0663274190822359,1.1728400721983174,0.5295367230660378,1,1,1,0,1,0,1,1,0,0,0,0,0,0,1,0,0,0,1,0,1,0,0,1,0,1,0,1,0,1
525,0,0.7992939660427822,0.8803638001690798,1.0846771895580969,0,1,0,0,1,0,0,1,0,0,1,0,0,0,1,0,0,0,1,0,0,1,0,0,0,1,0,0,1,0
526,1,1.6137012404433893,1.69464433025048,2.69978167716634,0,1,1,1,1,0,1,1,0,0,1,0,1,0,1,0,1,0,1,0,1,0,1,1,1,0,0,0,1,0
527,0,1.0436161483629645,0.9950277931805424,1.3899978283849497,0,1,1,1,1,0,1,1,0,0,0,0,1,0,0,0,1,0,1,0,0,1,0,1,1,0,0,0,1,0
528,0,0.1070477828022663,-1.5009913010689746,-0.7027092277689336,0,1,1,1,1,0,0,0,1,1,0,1,0,1,0,1,0,1,0,1,0,0,1,0,0,0,1,1,0,2
529,1,0.9621754209229036,1.1678546811978192,1.5117422547764967,0,0,0,0,1,0,1,1,0,0,0,0,1,0,1,0,1,0,1,0,0,0,1,1,0,0,0,0,1,0
530,0,-0.3408762181180675,-1.451137391063991,-0.7893134346928715,0,0,1,1,1,0,0,0,1,1,0,1,0,1,0,1,0,1,0,1,0,0,1,1,1,0,0,1,0,2
531,0,1.5322605130033284,-1.4860351280674795,-0.4056607686660939,0,1,1,1,1,0,0,0,1,1,0,1,0,1,0,1,0,1,0,1,0,0,1,0,1,0,0,0,1,2
532,0,-1.2367242199587352,0.5047976781315361,-0.928815473558634,0,1,0,0,1,0,0,1,0,0,0,0,0,0,0,0,0,0,1,0,0,0,0,1,0,1,0,0,0,1
533,1,1.4508197855632678,1.4088152462219072,2.2500618690771086,0,1,1,1,1,0,1,1,0,0,0,0,0,0,1,0,1,0,1,0,1,1,0,1,1,0,0,0,1,0
534,0,-1.2774445836787656,0.6726391751483144,-0.9682792856286608,1,0,0,0,1,0,1,1,0,0,0,0,0,0,0,0,0,0,0,0,1,0,0,1,0,1,0,0,0,1
535,0,-0.8295205827584317,0.8238627021634315,-0.5550011866169497,0,1,0,0,1,0,1,1,0,0,0,0,0,0,1,0,0,0,1,0,0,0,0,1,0,1,0,0,0,1
536,0,1.247217966963116,0.5579751821368518,1.2129511231451315,0,0,1,0,1,0,1,1,0,0,0,0,1,0,0,0,0,0,0,0,0,0,0,1,0,0,0,0,1,0
537,0,0.0256070553622056,-0.2097750319398969,-0.1430907546529422,0,0,1,1,1,0,0,0,0,0,1,0,1,0,1,0,0,0,0,0,0,1,0,1,0,0,1,1,0,1
538,0,1.4915401492832985,1.0266019361836989,1.9696460060060184,0,0,1,0,1,0,0,1,0,0,0,0,1,0,0,0,0,0,1,0,1,1,0,1,1,0,0,0,1,0
539,0,1.125056875803025,0.5264010391336954,1.1766197097972644,0,0,1,1,1,0,0,0,0,0,0,0,1,0,1,0,1,0,1,0,1,0,1,1,0,0,0,0,1,0
540,0,1.6137012404433893,1.6065690892416755,2.6333174704771336,0,0,1,1,1,0,1,1,0,0,1,0,1,0,1,0,1,0,1,0,1,0,1,1,0,0,0,0,1,0
541,0,-0.8702409464784621,-0.1931570619382357,-0.7403641898726427,0,0,0,0,1,0,1,0,0,0,0,0,0,0,0,0,0,0,0,0,1,0,0,1,0,0,1,0,0,1
542,0,-1.2774445836787656,-1.502653098069141,-0.9971547076519502,0,0,0,0,1,0,0,0,1,1,0,1,0,1,0,1,0,1,0,1,0,0,0,0,0,0,1,0,0,2
543,0,-0.9109613101984924,0.7075369121518029,-0.6377891612948763,1,1,0,0,1,0,1,1,0,0,0,0,0,0,0,0,0,0,1,0,0,0,0,1,0,0,0,0,0,1
544,0,-0.7888002190384014,-0.6385186579827569,-0.7423936312982674,1,1,0,0,0,1,0,0,0,0,1,0,0,0,0,0,1,0,1,0,0,0,0,1,1,0,0,1,0,1
545,0,0.0663274190822359,0.4715617381282135,0.1621195884442571,0,1,1,1,1,0,0,1,0,0,0,0,0,0,0,0,0,0,0,0,1,1,0,1,0,0,0,1,0,1
546,0,0.2699292376823877,0.7158458971526335,0.4351235784826311,1,1,1,1,1,0,0,1,0,0,0,0,1,0,0,0,0,0,1,0,0,0,0,1,0,0,1,1,0,1
547,0,1.3286586944031769,1.3390197722149295,1.9696680651519491,0,0,0,0,1,0,1,1,0,0,0,0,1,0,0,0,1,0,1,0,1,1,0,1,0,0,0,0,1,0
548,1,0.7178532386027215,1.2343265612044645,1.3172688242514234,0,1,1,0,1,0,1,1,0,0,1,0,1,0,1,0,0,0,1,0,0,1,0,1,0,0,0,0,1,0
549,0,-0.7073594915983407,-1.4960059100684764,-0.8683072362707172,0,1,0,0,1,0,0,0,1,1,0,1,0,1,0,1,0,1,0,1,0,0,0,0,0,0,1,1,0,2
550,0,1.6137012404433893,1.5135084572323727,2.509080360595417,0,1,1,1,1,0,1,1,0,0,1,0,1,0,1,0,0,0,1,0,1,0,1,1,0,0,0,0,1,0
551,0,1.6137012404433893,1.6896589392499817,2.620920230464079,0,0,1,1,1,0,1,1,0,0,1,0,1,0,1,0,1,0,1,0,1,0,1,1,0,0,0,0,1,0
552,0,0.9214550572028734,-1.5093002860698053,-0.4969856328192022,0,1,1,1,1,0,0,0,1,1,0,1,0,1,0,1,0,1,0,1,0,0,1,0,0,0,0,0,1,2
553,0,-0.3815965818380978,-1.30157566104904,-0.778680926354273,0,0,1,1,1,0,1,0,1,1,0,1,0,1,0,1,0,1,0,1,0,0,1,1,1,0,0,1,0,2
554,0,-0.0151133083578247,0.5180920541328647,0.13959720044901,1,1,0,0,1,0,1,1,0,0,0,0,1,0,0,0,0,0,0,0,0,0,0,1,0,0,0,1,0,1
555,0,0.9621754209229036,0.1325551500943243,0.6742447203714461,0,0,1,1,1,0,1,0,0,0,1,0,0,0,1,0,0,0,0,0,1,1,0,1,0,0,0,0,1,0
556,0,-1.2774445836787656,-1.491020519067978,-0.9970002936304354,0,0,0,0,1,0,0,0,1,1,0,1,0,1,0,1,0,1,0,1,0,0,0,0,0,0,0,0,0,2
557,0,0.2292088739623573,0.1940416391004707,0.1890317464797142,0,1,0,0,1,0,0,0,0,0,1,0,1,0,0,0,1,0,1,0,0,1,0,0,0,0,1,1,0,1
558,0,-0.8702409464784621,0.180747263099142,-0.6704587564182466,0,1,0,0,1,0,0,1,0,0,0,0,0,0,0,0,0,0,0,0,0,0,0,0,0,1,0,0,0,1
559,0,-1.2774445836787656,-0.5138838829702976,-0.9840295158231824,0,1,0,0,1,0,0,0,0,0,0,0,0,0,0,0,1,0,0,0,0,0,0,1,0,1,0,0,0,1
560,0,0.9621754209229036,1.4121388402222392,1.656009069163291,0,1,1,0,1,0,1,1,0,0,0,0,1,0,0,0,1,0,1,0,1,1,0,1,0,1,0,0,1,0
561,0,-1.1960038562387048,-1.368047541055685,-0.9664924948082738,0,1,1,0,1,0,1,0,1,1,0,1,0,1,0,1,0,1,0,1,0,0,0,1,0,0,1,0,0,2
562,0,-1.0331224013585834,0.1641292930974807,-0.7780632702682132,0,1,1,1,1,0,0,0,0,0,1,0,0,0,0,0,0,0,1,0,1,0,0,0,1,0,0,0,0,1
563,0,1.0843365120829946,1.15456030519649,1.580324139475051,0,1,1,1,1,0,1,1,0,0,0,0,0,0,1,0,0,0,1,0,1,0,1,1,1,0,0,0,1,0
564,0,-1.0331224013585834,-0.0153447829204607,-0.8090343111549195,0,1,0,0,1,0,0,0,0,0,0,0,0,0,1,0,1,0,1,0,0,0,0,0,0,0,0,0,0,1
565,0,1.5729808767233588,0.2023506241013013,1.1883992937242591,0,1,1,1,1,0,0,0,0,0,1,0,0,0,1,0,1,0,0,0,1,0,1,1,1,0,0,0,1,0
566,0,-0.7073594915983407,1.2343265612044645,-0.2702176126515807,0,1,1,1,1,0,0,1,0,0,1,0,0,0,0,0,1,0,1,0,1,1,0,0,0,1,0,1,0,1
567,0,1.5729808767233588,0.290425865110106,1.3579679484935696,0,1,1,0,1,0,1,0,0,0,1,0,1,0,0,0,1,0,1,0,0,0,1,0,1,0,0,0,1,0
568,0,0.1070477828022663,1.179487260198982,0.5505370299920666,1,0,0,0,1,0,1,1,0,0,0,0,0,0,1,0,0,0,1,0,1,0,0,1,0,1,0,1,0,1
569,0,-0.8702409464784621,-0.8096837489998675,-0.8193359323045577,0,0,0,0,0,1,0,0,0,0,0,0,1,0,1,0,1,0,0,0,0,1,0,1,1,0,0,0,0,1
570,0,1.125056875803025,-1.5126238800701377,-0.5190447787499047,0,0,1,1,1,0,0,0,1,1,0,1,0,1,0,1,0,1,0,1,0,0,1,1,1,0,0,0,1,2
571,1,0.5956921474426305,-0.1715537009360761,0.2092379241522377,0,1,0,0,1,0,1,0,0,0,0,0,1,0,0,0,1,0,0,0,0,0,1,0,0,0,0,1,0,1
572,0,-0.8702409464784621,0.004596781081533,-0.6981650437072089,0,0,0,0,1,0,0,0,0,0,0,0,0,0,1,0,1,0,0,0,1,1,0,0,1,0,0,0,0,1
573,0,0.9621754209229036,1.181149057199148,1.4712196037017962,1,1,1,0,1,0,1,1,0,0,0,0,1,0,0,0,0,0,1,0,1,1,0,0,1,0,0,0,1,0
574,1,-0.1779947632379461,1.5317882242341998,0.4079467106960058,0,0,1,0,1,0,1,1,0,0,0,0,1,0,1,0,1,0,1,0,1,0,0,1,0,1,0,1,0,0
575,0,1.1657772395230557,0.5413572121351905,1.0888022498471377,0,1,1,0,1,0,0,0,0,0,1,0,1,0,0,0,1,0,1,0,1,0,1,1,0,0,1,0,1,0
576,0,-0.055833672077855,1.1063681921916724,0.3539900397495074,0,1,1,1,1,0,1,1,0,0,1,0,0,0,1,0,0,0,1,0,0,1,0,0,0,0,0,1,0,1
577,0,-0.9516816739185228,0.1907180451001386,-0.7419965666715147,0,1,0,0,1,0,0,1,0,0,0,0,0,0,0,0,0,0,0,0,0,0,0,1,0,1,0,0,0,1
578,1,0.1070477828022663,0.9900424021800438,0.4789771605928677,0,1,1,0,1,0,1,1,0,0,1,0,1,0,0,0,0,0,0,0,1,0,0,1,0,1,0,1,0,1
579,0,-1.2367242199587352,-1.4993295040688086,-0.9886619364686298,0,1,0,0,1,0,0,0,1,1,0,1,0,1,0,1,0,1,0,1,0,0,0,1,0,0,1,0,0,2
580,0,-0.8295205827584317,-1.520932865070968,-0.9027415630685436,1,0,1,1,1,0,0,0,1,1,0,1,0,1,0,1,0,1,0,1,0,0,0,0,0,0,1,0,0,2
581,0,-1.2774445836787656,0.3502505571160864,-0.972558759939217,1,0,0,0,1,0,0,1,0,0,1,0,0,0,0,0,0,0,0,0,0,0,0,0,0,0,1,0,0,1
582,1,-1.1552834925186746,0.8122301231622688,-0.853042307286671,1,0,0,0,1,0,1,1,0,0,0,0,0,0,1,0,0,0,1,0,0,0,0,1,0,1,0,0,0,1
583,0,-1.2774445836787656,-1.520932865070968,-0.997397358257188,0,0,1,1,1,0,0,0,1,1,0,1,0,1,0,1,0,1,0,1,0,0,0,1,0,0,1,0,0,2
584,0,-1.1960038562387048,-1.4876969250676455,-0.9785588476323682,0,0,0,0,1,0,0,0,1,1,0,1,0,1,0,1,0,1,0,1,0,0,0,1,0,0,1,0,0,2
585,1,-1.2774445836787656,0.6959043331506402,-0.967970457585631,1,0,0,0,1,0,1,1,0,0,0,0,0,0,0,0,0,0,1,0,0,0,0,1,0,1,0,0,0,1
586,0,0.7992939660427822,-0.0502425199239492,0.4688520126106752,0,1,0,0,1,0,0,0,0,0,1,0,1,0,0,0,0,0,1,0,0,0,1,1,1,0,0,0,1,0
587,0,-1.1145631287986442,-1.4843733310673135,-0.9682351673367996,0,1,1,1,1,0,0,0,1,1,0,1,0,1,0,1,0,1,0,1,0,1,0,0,0,0,1,0,0,2
588,0,1.6137012404433893,1.1429277261953277,2.268723906534483,0,1,1,0,1,0,1,1,0,0,1,0,1,0,1,0,0,0,0,0,1,0,1,1,0,1,0,0,1,0
589,0,1.5729808767233588,0.8521132511662559,1.936049926753559,0,1,1,1,1,0,1,0,0,0,1,0,1,0,1,0,1,0,1,0,1,0,1,0,0,1,0,0,1,0
590,0,1.6137012404433893,1.5666859612376889,2.5550295615690706,0,1,1,0,1,0,1,1,0,0,1,0,0,0,1,0,1,0,1,0,1,0,1,1,1,0,0,0,1,0
591,0,0.5549717837226001,-1.3248408190513656,-0.4874781409230695,0,1,1,1,1,0,1,0,1,1,0,1,0,1,0,1,0,1,0,1,0,1,0,0,0,1,0,1,0,2
592,0,1.247217966963116,0.6227852651433307,1.392049328956505,0,1,1,1,1,0,1,0,0,0,1,0,1,0,1,0,0,0,1,0,1,0,1,0,1,0,0,0,1,0
593,0,-0.0965540357978854,0.6493740171459885,0.0700888316213664,0,1,0,0,1,0,0,1,0,0,1,0,1,0,1,0,0,0,0,0,0,0,0,1,1,0,0,1,0,1
594,0,-1.2774445836787656,-0.6368568609825906,-0.9856618926220544,0,1,0,0,1,0,0,0,0,0,0,0,0,0,0,0,0,0,0,0,0,0,0,0,0,0,1,0,0,1
595,0,-0.8295205827584317,-0.1034200239292651,-0.6908855255500771,1,0,0,0,1,0,1,0,0,0,1,0,0,0,1,0,1,0,0,0,0,0,0,1,0,0,1,0,0,1
596,0,-0.6666391278783103,-0.3294244159518578,-0.6015901028225934,0,1,0,0,0,1,0,0,0,0,1,0,1,0,1,0,1,0,1,0,0,0,1,0,0,0,1,1,0,1
597,0,-1.1552834925186746,0.0262001420836923,-0.9011312454156024,0,1,0,0,1,0,1,0,0,0,0,0,0,0,0,0,1,0,0,0,1,0,0,0,0,0,1,0,0,1
598,0,0.758573602322752,0.8504514541660894,1.030080803379608,0,1,1,0,1,0,1,1,0,0,0,0,1,0,0,0,0,0,0,0,1,1,0,1,1,0,0,0,1,0
599,0,1.3286586944031769,-1.4744025490663168,-0.3817486544772124,0,1,1,0,1,0,0,0,1,1,0,1,0,1,0,1,0,1,0,1,0,0,1,1,1,0,0,0,1,2
600,0,-0.6666391278783103,0.3253236021135945,-0.4893752274731099,0,1,0,0,1,0,0,1,0,0,0,0,0,0,0,0,1,0,0,0,0,0,0,1,1,0,0,1,0,1
601,0,-1.2367242199587352,-1.4893587220678115,-0.9847354084929648,0,1,0,0,1,0,0,0,1,1,0,1,0,1,0,1,0,1,0,1,0,1,0,0,0,0,1,0,0,2
602,0,1.369379058123207,0.3153528201125979,1.138038263564466,0,0,1,1,1,0,1,1,0,0,0,0,0,0,0,0,0,0,0,0,0,1,0,1,0,0,0,0,1,0
603,0,0.5549717837226001,1.4586691562268908,1.1574282528375532,0,1,0,0,1,0,1,1,0,0,0,0,1,0,1,0,1,0,1,0,1,0,1,0,0,1,0,1,0,0
604,0,-0.0151133083578247,1.4885815022298807,0.5860081366486362,0,0,0,0,1,0,1,1,0,0,1,0,0,0,1,0,1,0,1,0,1,1,0,1,0,0,0,1,0,0
605,0,1.6137012404433893,0.7274784761537967,1.6828991680528171,0,1,1,0,1,0,1,0,0,0,1,0,0,0,1,0,1,0,1,0,1,0,1,0,1,0,0,0,1,0
606,0,0.2292088739623573,0.5396954151350245,0.3552253519216268,0,1,1,1,1,0,0,0,0,0,1,0,0,0,1,0,1,0,1,0,1,0,1,0,1,0,0,1,0,0
607,0,0.758573602322752,-0.562075995975115,0.0339780097328065,0,1,0,1,1,0,0,0,0,0,0,0,0,0,0,0,1,0,0,0,0,1,0,0,1,0,0,0,1,1
608,0,1.6137012404433893,1.654761202246493,2.658707547443372,0,1,1,1,1,0,1,1,0,0,1,0,1,0,1,0,1,0,1,0,1,0,1,0,0,0,0,0,1,0
609,1,1.3286586944031769,1.3456669602155942,1.9882639251715315,1,0,1,0,1,0,1,1,0,0,1,0,0,0,1,0,0,0,1,0,1,0,0,0,0,0,0,0,1,0
610,0,-0.9516816739185228,-1.156999322034587,-0.8959473461218873,1,1,1,1,0,1,0,0,0,0,0,0,1,0,0,0,0,0,0,0,0,0,0,1,0,1,0,0,0,1
611,0,-0.9516816739185228,0.0079203750818651,-0.7132534995238095,1,0,1,1,1,0,0,0,0,0,1,0,1,0,1,0,1,0,0,0,0,0,0,0,0,0,1,0,0,1
612,0,1.369379058123207,-1.4694171580658184,-0.4070504948597283,0,1,0,1,1,0,0,0,1,1,0,1,0,1,0,1,0,1,0,1,0,0,1,0,0,0,1,0,1,2
613,1,0.4735310562825394,1.4968904872307114,1.1385235647749414,0,0,0,0,1,0,1,1,0,0,1,0,1,0,1,0,0,0,1,0,1,1,0,1,1,0,0,1,0,0
614,0,0.7178532386027215,0.1574821050968162,0.5022716186956895,0,1,0,0,1,0,1,0,0,0,0,0,0,0,1,0,1,0,0,0,1,0,1,0,0,0,0,0,1,0
615,0,-0.7073594915983407,-0.5288400559717926,-0.727216938897944,0,0,0,0,1,0,1,0,0,0,0,0,0,0,0,0,0,0,0,0,0,0,0,0,0,0,1,1,0,1
616,0,-0.9924020376385532,-1.3132082400502028,-0.9235874559730576,0,1,0,0,0,1,0,0,0,0,0,0,0,0,0,0,0,0,0,0,0,0,0,1,1,0,0,0,0,1
617,1,1.369379058123207,1.2659007042076202,2.072243093729716,0,0,0,0,1,0,1,1,0,0,0,0,0,0,1,0,1,0,1,0,1,1,0,1,1,0,0,0,1,0
618,0,1.002895784642934,0.7573908221567865,1.1493325462809856,0,0,0,0,1,0,1,1,0,0,1,0,1,0,0,0,1,0,0,0,0,0,0,1,0,0,0,0,1,0
619,0,-1.0331224013585834,0.4582673621268844,-0.7750632264216377,0,0,0,0,1,0,1,1,0,0,0,0,1,0,0,0,0,0,0,0,0,0,0,1,0,0,0,0,0,1
620,1,-0.9109613101984924,-1.004113998019304,-0.8458069074214006,0,1,1,1,0,1,0,0,0,0,0,0,0,0,0,0,0,0,0,0,1,0,0,1,0,0,0,0,0,1
621,0,1.2064976032430856,0.9069525521717376,1.5335808092478922,0,0,0,0,1,0,1,1,0,0,1,0,1,0,1,0,0,0,0,0,0,1,0,1,0,1,0,0,1,0
622,0,0.3106496014024181,0.6743009721484804,0.4746756271363808,0,1,1,1,1,0,0,1,0,0,0,0,0,0,1,0,0,0,1,0,0,1,0,1,0,1,0,1,0,1
623,0,-0.5037576729981889,-1.4976677070686424,-0.8262404449808675,0,0,0,0,1,0,0,0,1,1,0,1,0,1,0,1,0,1,0,1,0,0,1,0,0,0,1,1,0,2
624,0,-1.0331224013585834,-1.4876969250676455,-0.9450730641095618,1,0,0,0,1,0,0,0,1,1,0,1,0,1,0,1,0,1,0,1,0,0,0,0,0,0,0,0,0,2
625,0,-0.3001558543980371,1.0099839661820376,0.0511620844128236,0,0,1,0,1,0,0,1,0,0,0,0,0,0,0,0,1,0,1,0,1,0,0,1,0,1,0,1,0,1
626,0,-0.3815965818380978,0.6477122201458225,-0.1374877315865439,0,1,1,0,1,0,1,1,0,0,0,0,1,0,1,0,0,0,0,0,0,0,0,0,0,1,0,1,0,1
627,1,1.369379058123207,1.3240635992134344,2.002845020631726,0,0,1,0,1,0,1,1,0,0,0,0,1,0,1,0,0,0,1,0,1,1,0,0,1,0,0,0,1,0
628,1,1.6137012404433893,1.5583769762368582,2.498734621153918,0,0,0,0,1,0,1,1,0,0,0,0,1,0,1,0,1,0,1,0,1,0,1,0,0,1,0,0,1,0
629,1,0.6771328748826912,0.8404806721650927,1.0003891929568822,1,1,1,0,1,0,1,1,0,0,0,0,1,0,0,0,0,0,0,0,1,0,0,0,1,0,0,0,1,0
630,1,0.4328106925625091,1.5284646302338678,1.0624415704599484,1,1,1,1,1,0,1,1,0,0,0,0,1,0,1,0,1,0,1,0,1,0,0,1,0,0,0,1,0,0
631,0,0.5549717837226001,-0.3244390249513595,0.085684647794373,0,0,1,0,1,0,1,0,0,0,1,0,0,0,0,0,0,0,0,0,0,0,0,0,0,0,0,1,0,1
632,0,1.6137012404433893,0.8338334841644282,1.8896595428612917,0,1,1,1,1,0,1,0,0,0,1,0,1,0,1,0,1,0,1,0,1,0,1,0,1,0,0,0,1,0
633,0,-0.9109613101984924,-1.4760643460664828,-0.927999285159198,0,1,0,0,1,0,0,0,1,1,0,1,0,1,0,1,0,1,0,1,0,1,0,0,0,0,1,0,0,2
634,0,0.3106496014024181,-0.3393951979528547,-0.0192065911061172,0,0,0,0,0,1,0,0,0,0,1,0,0,0,0,0,1,0,1,0,1,1,0,1,0,0,0,1,0,1
635,0,1.3286586944031769,1.3539759452164248,2.0761696217053807,1,0,1,1,1,0,1,1,0,0,0,0,1,0,1,0,0,0,1,0,1,0,0,1,0,1,0,0,1,0
636,0,-0.055833672077855,1.152898508196324,0.3662549248869781,0,1,0,0,1,0,0,1,0,0,0,0,0,0,1,0,1,0,1,0,1,0,1,0,0,0,0,1,0,1
637,0,1.4508197855632678,0.2040124211014678,1.161023893624258,0,0,1,0,1,0,1,0,0,0,1,0,1,0,1,0,1,0,0,0,0,0,1,0,1,0,0,0,1,0
638,1,0.9621754209229036,1.3224018022132684,1.5507207656360478,1,1,1,1,1,0,1,1,0,0,1,0,0,0,1,0,0,0,1,0,1,1,0,1,0,0,0,0,1,0
639,0,-0.9109613101984924,0.6809481601491449,-0.6284360834202584,1,1,1,0,1,0,1,1,0,0,0,0,0,0,0,0,0,0,0,0,1,0,0,1,0,1,0,0,0,1
640,0,1.4508197855632678,-1.3082228490497043,-0.2909752689723717,0,1,1,1,1,0,1,0,1,1,0,1,0,1,0,1,0,1,0,1,0,0,1,0,0,0,0,0,1,2
641,0,0.4328106925625091,-0.2862176939475387,0.0968686347812393,1,0,1,1,1,0,0,0,0,0,0,0,0,0,0,0,0,0,1,0,0,0,0,0,0,1,0,1,0,1
642,0,-1.2774445836787656,0.8238627021634315,-0.9662719033489668,1,1,0,0,1,0,0,1,0,0,0,0,0,0,0,0,0,0,1,0,1,0,0,1,0,1,0,0,0,1
643,1,0.6771328748826912,0.8338334841644282,0.8856595749712987,0,0,0,0,1,0,0,1,0,0,0,0,1,0,1,0,0,0,0,0,1,1,0,1,0,0,0,0,1,0
644,0,-0.7073594915983407,-1.3132082400502028,-0.8315787582960975,0,0,1,1,1,0,1,0,1,1,0,1,0,1,0,1,0,1,0,1,0,0,0,1,0,1,0,1,0,2
645,1,-0.5037576729981889,0.9900424021800438,-0.1676867023656755,1,1,1,0,1,0,1,1,0,0,0,0,0,0,0,0,0,0,1,0,1,0,0,1,0,1,0,1,0,1
646,0,-1.2774445836787656,-0.6335332669822583,-0.985617774330193,1,1,0,0,1,0,0,0,0,0,0,0,0,0,0,0,0,0,0,0,0,0,0,1,0,0,1,0,0,1
647,0,0.7178532386027215,0.1624674960973147,0.5128379495964961,0,1,1,1,1,0,1,0,0,0,0,0,0,0,1,0,1,0,1,0,0,1,0,1,0,1,0,0,1,0
648,1,-1.2367242199587352,0.8222009051632655,-0.934528792354686,1,0,0,0,1,0,1,1,0,0,0,0,1,0,0,0,0,0,0,0,1,0,0,0,0,1,0,0,0,1
649,1,-0.3408762181180675,0.1741000750984774,-0.2413863089201526,0,1,0,0,1,0,0,1,0,0,0,0,0,0,0,0,0,0,0,0,0,0,0,0,1,0,0,1,0,1
650,0,-1.1960038562387048,0.1591439020969822,-0.9077048709029516,1,0,0,0,1,0,0,1,0,0,0,0,0,0,0,0,0,0,0,0,0,0,0,1,0,0,0,0,0,1
651,0,-1.2774445836787656,0.3269853991137605,-0.9728675879822468,1,0,0,0,1,0,0,1,0,0,0,0,0,0,1,0,0,0,0,0,0,0,0,1,0,0,1,0,0,1
652,0,0.1070477828022663,-1.4843733310673135,-0.7166726671430683,0,1,1,1,1,0,0,0,1,1,0,1,0,1,0,1,0,1,0,1,0,0,1,0,0,0,1,1,0,2
653,0,-0.62591876415828,-1.328164413051698,-0.7961076516395279,0,0,0,0,1,0,1,0,1,1,0,1,0,1,0,1,0,1,0,1,0,0,0,0,0,0,1,1,0,2
654,1,-0.9924020376385532,-1.4993295040688086,-0.9332934801825666,1,0,0,0,1,0,0,0,1,1,0,1,0,1,0,1,0,1,0,1,0,0,0,0,0,1,0,0,0,2
655,0,-0.9109613101984924,1.0083221691818711,-0.6241124908178407,0,1,0,0,1,0,0,1,0,0,0,0,0,0,0,0,1,0,1,0,1,0,0,1,1,0,0,0,0,1
656,0,1.4508197855632678,0.8005975441611056,1.699862651273527,0,1,1,1,1,0,1,0,0,0,1,0,1,0,1,0,1,0,1,0,1,0,1,1,1,0,0,0,1,0
657,0,0.5142514200025698,0.466576347127715,0.5813757160031886,0,1,1,0,1,0,0,0,0,0,1,0,1,0,1,0,0,0,1,0,1,1,0,0,0,0,0,1,0,0
658,0,-1.2367242199587352,-1.4926823160681442,-0.9899413669326106,1,1,1,1,1,0,0,0,1,1,0,1,0,1,0,1,0,1,0,1,0,1,0,0,0,0,1,0,0,2
659,0,0.188488510242327,-1.4760643460664828,-0.6979885705397633,0,1,1,0,1,0,0,0,1,1,0,1,0,1,0,1,0,1,0,1,0,0,0,0,0,0,0,1,0,2
660,0,-1.1552834925186746,-1.3464441800535252,-0.9634042143779756,1,0,0,0,0,1,0,0,0,0,0,0,0,0,0,0,0,0,0,0,0,0,0,1,0,0,1,0,0,1
661,0,-0.9109613101984924,-0.6484894399837535,-0.8166447165010119,0,0,0,0,1,0,0,0,0,0,0,0,0,0,0,0,0,0,0,0,0,0,0,0,0,0,1,0,0,1
662,0,-1.2774445836787656,-1.4860351280674795,-0.9969341161926432,0,1,0,0,1,0,0,0,1,1,0,1,0,1,0,1,0,1,0,1,0,0,0,0,0,0,1,0,0,2
663,0,1.3286586944031769,0.1591439020969822,0.9615209778269844,0,1,1,1,1,0,1,0,0,0,1,0,1,0,0,0,0,0,0,0,1,0,1,1,0,0,1,0,1,0
664,0,1.002895784642934,-1.504314895069307,-0.4906546579370907,0,0,1,1,1,0,0,0,1,1,0,1,0,1,0,1,0,1,0,1,0,0,1,0,0,0,0,0,1,2
665,0,-1.1960038562387048,0.3319707901142591,-0.9007341807888498,0,0,0,0,1,0,0,1,0,0,0,0,0,0,1,0,0,0,0,0,0,0,0,1,0,0,1,0,0,1
666,0,-1.2367242199587352,0.1624674960973147,-0.9417421330740255,1,0,0,0,1,0,0,1,0,0,0,0,0,0,0,0,0,0,0,0,0,0,0,0,0,1,0,0,0,1
667,0,0.6771328748826912,-1.1486903370337564,-0.3646969346727794,0,1,0,0,0,1,0,0,0,0,0,0,0,0,1,0,0,0,0,0,0,0,0,1,0,0,0,0,1,1
668,0,-1.1552834925186746,-0.6351950639824246,-0.9214918371096408,1,0,0,0,1,0,0,0,0,0,0,0,0,0,0,0,0,0,0,0,0,0,0,0,0,0,1,0,0,1
669,0,1.5322605130033284,-0.2313783929420567,0.7762903294468759,0,0,1,0,0,1,0,0,0,0,0,0,1,0,1,0,1,0,1,0,1,0,1,0,0,0,0,0,1,0
670,0,0.8400143297628127,-1.4926823160681442,-0.5471922489574811,0,0,1,1,1,0,0,0,1,1,0,1,0,1,0,1,0,1,0,1,0,1,0,1,0,0,0,0,1,2
671,0,0.8400143297628127,-1.303237458049206,-0.4163153361506233,0,1,1,1,1,0,1,0,1,1,0,1,0,1,0,1,0,1,0,1,0,0,1,0,1,0,0,0,1,2
672,0,-1.2774445836787656,0.3419415721152558,-0.9726690556688704,1,0,0,0,1,0,1,1,0,0,0,0,0,0,0,0,0,0,0,0,0,0,0,1,0,0,1,0,0,1
673,0,-0.4223169455581282,-1.326502616051532,-0.7881001816666828,0,1,0,0,1,0,1,0,1,1,0,1,0,1,0,1,0,1,0,1,0,0,0,1,1,0,0,1,0,2
674,1,0.7992939660427822,-0.518869273970796,0.1196336733817243,1,1,0,0,0,1,0,0,0,0,0,0,1,0,0,0,0,0,1,0,1,0,0,1,0,1,0,0,1,1
675,1,1.3286586944031769,1.5151702542325387,2.191097772004341,0,1,0,0,1,0,1,1,0,0,1,0,0,0,1,0,1,0,1,0,1,0,1,1,0,1,0,0,1,0
676,0,0.6364125111626608,-1.3364733980525287,-0.4746176588454699,0,0,0,0,1,0,1,0,1,1,0,1,0,1,0,1,0,1,0,1,0,1,0,0,0,0,0,1,0,2
677,0,-1.2367242199587352,-0.9991286070188056,-0.9783161970271304,1,0,0,0,0,1,0,0,0,0,0,0,0,0,0,0,0,0,0,0,1,0,0,1,0,1,0,0,0,1
678,0,-1.1960038562387048,1.435403998224565,-0.867424870433489,0,1,0,0,1,0,1,1,0,0,0,0,1,0,1,0,0,0,1,0,1,0,0,0,0,0,1,0,0,1
679,0,0.5142514200025698,0.5529897911363537,0.6600606895380043,0,1,1,0,1,0,1,1,0,0,0,0,1,0,0,0,0,0,0,0,0,0,0,0,0,0,0,1,0,0
680,0,-1.2774445836787656,0.5064594751317021,-0.970485200221731,1,1,1,1,1,0,0,1,0,0,0,0,0,0,0,0,0,0,0,0,1,0,0,0,0,1,0,0,0,1
681,0,1.1657772395230557,0.3003966471111027,1.030742577757529,0,0,1,1,1,0,0,0,0,0,0,0,0,0,1,0,1,0,1,0,1,0,1,1,0,0,0,0,1,0
682,0,-1.1960038562387048,-0.0120211889201281,-0.9194623956840162,0,1,0,0,1,0,0,0,0,0,1,0,0,0,0,0,1,0,1,0,0,0,0,1,1,0,0,0,0,1
683,1,0.3106496014024181,1.2958130502106109,0.8420707026122305,0,0,0,0,1,0,1,1,0,0,0,0,0,0,1,0,1,0,1,0,1,1,0,1,1,0,0,1,0,0
684,0,-1.2774445836787656,0.2106596091021319,-0.974411728197396,0,0,0,0,1,0,0,1,0,0,0,0,0,0,0,0,0,0,0,0,0,0,0,0,0,0,1,0,0,1
685,0,-1.2774445836787656,-0.4939423189683041,-0.983764806072014,0,0,0,0,1,0,0,0,0,0,0,0,0,0,0,0,1,0,0,0,0,0,0,1,0,1,0,0,0,1
686,0,0.758573602322752,-1.3348116010523623,-0.4470657855780224,0,1,0,0,1,0,1,0,1,1,0,1,0,1,0,1,0,1,0,1,0,1,0,1,0,0,0,0,1,2
687,1,-1.2367242199587352,-0.5155456799704636,-0.9655880698251152,1,1,0,0,1,0,0,0,0,0,1,0,0,0,0,0,0,0,0,0,0,0,0,1,0,1,0,0,0,1
688,0,0.7992939660427822,-1.152013931034089,-0.2895634836328067,0,1,0,0,0,1,0,0,0,0,0,0,1,0,0,0,0,0,0,0,0,1,0,0,0,0,1,0,1,1
689,0,0.758573602322752,0.6194616711429987,0.8248866279322132,0,1,0,0,1,0,1,1,0,0,0,0,0,0,0,0,0,0,0,0,1,0,0,0,0,0,0,0,1,0
690,0,-1.2774445836787656,-1.4727407520661506,-0.9967576430251978,0,1,0,0,1,0,0,0,1,1,0,1,0,1,0,1,0,1,0,1,0,0,0,1,0,0,1,0,0,2
691,0,-0.055833672077855,0.3485887601159204,0.0285735189797844,0,1,1,1,1,0,1,0,0,0,1,0,1,0,0,0,1,0,0,0,1,1,0,1,0,0,0,1,0,1
692,0,0.5956921474426305,-1.4694171580658184,-0.558839478008892,0,1,0,1,1,0,0,0,1,1,0,1,0,1,0,1,0,1,0,1,0,1,0,0,1,0,0,1,0,2
693,0,-1.1960038562387048,0.3436033691154218,-0.8863516176420317,1,0,0,0,1,0,1,1,0,0,0,0,0,0,0,0,0,0,0,0,0,0,0,1,1,0,0,0,0,1
694,1,-0.4223169455581282,-1.4860351280674795,-0.8218065566487963,0,0,0,0,1,0,0,0,1,1,0,1,0,1,0,1,0,1,0,1,0,1,0,1,0,0,1,1,0,2
695,0,-1.2774445836787656,-1.4660935640654862,-0.9966694064414748,0,0,1,0,1,0,0,0,1,1,0,1,0,1,0,1,0,1,0,1,0,0,0,1,0,0,1,0,0,2
696,0,1.6137012404433893,0.677624566148813,1.7808197168392057,0,1,1,0,1,0,1,0,0,0,0,0,1,0,1,0,1,0,1,0,1,0,1,1,0,0,0,0,1,0
697,0,-1.1960038562387048,-0.4856333339674735,-0.9315949259459024,1,1,1,1,1,0,0,0,0,0,0,0,0,0,1,0,0,0,0,0,0,0,0,1,0,1,0,0,0,1
698,1,0.5956921474426305,0.6709773781481484,0.7669151924263273,0,1,1,1,1,0,0,1,0,0,0,0,1,0,0,0,0,0,1,0,0,1,0,1,0,0,0,1,0,0
699,0,1.6137012404433893,0.0577742850868488,1.1170158974925066,0,1,1,1,1,0,1,0,0,0,1,0,0,0,1,0,1,0,0,0,0,0,1,1,1,0,0,0,1,0
700,0,1.369379058123207,-0.0485807229237831,0.8426442404064288,0,1,1,1,1,0,1,0,0,0,0,0,0,0,1,0,0,0,1,0,0,0,1,1,0,0,0,0,1,0
701,0,0.1070477828022663,0.611152686142168,0.2509076508153346,0,1,0,0,1,0,1,1,0,0,0,0,0,0,0,0,0,0,1,0,0,0,0,0,0,1,0,1,0,1
702,0,-0.1372743995179157,0.6693155811479823,0.1043246261058166,0,1,0,0,1,0,1,1,0,0,0,0,0,0,0,0,0,0,0,0,1,0,0,1,0,1,0,1,0,1
703,0,-1.2367242199587352,-1.4694171580658184,-0.990956087645423,0,0,0,0,1,0,0,0,1,1,0,1,0,1,0,1,0,1,0,1,0,0,0,1,0,0,1,0,0,2
704,0,-1.1552834925186746,-0.5155456799704636,-0.9138152543257564,0,1,0,0,1,0,0,0,0,0,0,0,1,0,0,0,0,0,0,0,0,0,0,0,0,0,1,0,0,1
705,0,-0.3001558543980371,0.5014740841312035,-0.11664183868203,1,0,0,0,1,0,0,1,0,0,1,0,1,0,0,0,0,0,0,0,0,0,0,1,0,0,0,1,0,1
706,0,1.3286586944031769,-0.1715537009360761,0.644156045321968,0,0,0,0,1,0,0,0,0,0,1,0,1,0,0,0,1,0,0,0,0,0,1,1,0,0,1,0,1,0
707,1,-0.2187151269579764,1.325725396213601,0.3018863370611881,0,1,0,0,1,0,1,1,0,0,0,0,1,0,0,0,1,0,1,0,1,1,0,1,0,0,0,1,0,1
708,0,-0.1372743995179157,0.3502505571160864,-0.0072064157198149,0,1,1,0,1,0,0,1,0,0,0,0,0,0,1,0,0,0,0,0,0,0,0,1,1,0,0,1,0,1
709,0,-0.1372743995179157,0.5097830691320341,-0.0299714543202998,0,1,1,1,1,0,1,0,0,0,0,0,1,0,1,0,0,0,1,0,1,0,0,0,1,0,0,1,0,1
710,0,-1.2774445836787656,-1.502653098069141,-0.9971547076519502,1,1,0,0,1,0,0,0,1,1,0,1,0,1,0,1,0,1,0,1,0,0,0,0,0,0,1,0,0,2
711,0,-0.5037576729981889,0.5396954151350245,-0.2629601536403795,0,0,1,0,1,0,0,1,0,0,0,0,0,0,1,0,1,0,0,0,0,0,0,1,0,0,1,1,0,1
712,0,1.0436161483629645,-1.33148800705203,-0.3356229803361136,0,0,0,0,1,0,1,0,1,1,0,1,0,1,0,1,0,1,0,1,0,0,1,1,1,0,0,0,1,2
713,0,-0.748079855318371,0.7058751151516368,-0.4922208572981705,0,0,0,1,1,0,1,1,0,0,1,0,0,0,0,0,1,0,0,0,0,0,0,1,0,0,1,1,0,1
714,0,1.6137012404433893,-1.3082228490497043,-0.2509599782540774,0,1,1,0,1,0,1,0,1,1,0,1,0,1,0,1,0,1,0,1,0,0,1,0,0,0,1,0,1,2
715,0,0.5549717837226001,0.8105683261621028,0.8672843064110236,0,1,0,0,1,0,1,1,0,0,1,0,0,0,0,0,0,0,1,0,0,0,0,1,1,0,0,1,0,0
716,0,1.5729808767233588,-0.2164222199405615,0.8233204285711333,0,0,1,0,0,1,0,0,0,0,0,0,1,0,1,0,1,0,1,0,1,0,1,0,0,0,0,0,1,0
717,0,-0.0151133083578247,0.6942425361504742,0.1696638163525576,0,1,0,0,1,0,1,1,0,0,0,0,0,0,0,0,0,0,0,0,1,0,0,1,0,0,0,1,0,1
718,0,-0.2594354906780068,-0.4789861459668089,-0.4421686551814066,0,0,0,0,0,1,0,0,0,0,0,0,0,0,1,0,0,0,1,0,1,0,0,1,1,0,0,1,0,1
719,1,1.4508197855632678,0.5180920541328647,1.460123853298653,0,1,1,0,1,0,1,1,0,0,0,0,0,0,1,0,0,0,0,0,0,0,0,1,1,0,0,0,1,0
720,0,-1.2367242199587352,-1.481049737066981,-0.9904487272890168,0,1,1,1,1,0,0,0,1,1,0,1,0,1,0,1,0,1,0,1,0,1,0,0,0,0,1,0,0,2
721,0,1.1657772395230557,-1.4694171580658184,-0.4296170011468368,0,1,1,1,1,0,0,0,1,1,0,1,0,1,0,1,0,1,0,1,0,0,1,0,1,0,0,0,1,2
722,0,-1.1552834925186746,0.7042133181514708,-0.8375567868433179,1,0,1,1,1,0,1,1,0,0,0,0,0,0,0,0,0,0,0,0,1,0,0,1,0,1,0,0,0,1
723,0,-1.1960038562387048,-0.6451658459834212,-0.9433524507269668,1,1,0,0,1,0,0,0,0,0,0,0,0,0,0,0,0,0,0,0,0,0,0,1,0,1,0,0,0,1
724,1,0.0256070553622056,0.9883806051798778,0.364335779191007,1,1,1,0,1,0,1,1,0,0,0,0,0,0,0,0,0,0,1,0,1,0,0,1,0,1,0,1,0,1
725,1,-0.9516816739185228,-1.4461520000634926,-0.915535867708351,0,1,1,0,1,0,0,0,1,1,0,1,0,1,0,1,0,1,0,1,0,0,0,1,0,0,1,0,0,2
726,0,-0.4223169455581282,-1.2799723000468803,-0.7384671033226022,0,0,0,0,1,0,1,0,1,1,0,1,0,1,0,1,0,1,0,1,0,0,1,0,0,0,1,1,0,2
727,0,-1.1145631287986442,0.534710024134526,-0.848674596392392,0,0,1,1,1,0,0,1,0,0,0,0,0,0,0,0,0,0,1,0,0,0,0,1,0,1,0,0,0,1
728,1,-0.0965540357978854,0.895319973170575,0.2110688332644861,1,0,0,0,1,0,1,1,0,0,1,0,1,0,1,0,0,0,0,0,0,0,0,0,1,0,0,1,0,1
729,0,1.3286586944031769,0.3136910231124318,1.1143908591267526,0,1,0,0,1,0,1,0,0,0,0,0,1,0,1,0,1,0,0,0,1,0,1,1,1,0,0,0,1,0
730,0,0.5142514200025698,0.7474200401557899,0.7332308765901445,1,0,0,0,1,0,1,1,0,0,0,0,0,0,1,0,1,0,0,0,0,0,0,1,0,1,0,1,0,0
731,0,-1.1145631287986442,-1.4760643460664828,-0.964860118009402,0,1,0,0,1,0,0,0,1,1,0,1,0,1,0,1,0,1,0,1,0,0,0,0,0,0,1,0,0,2
732,0,-0.3001558543980371,0.356897745116751,-0.1670690462796159,0,1,1,1,1,0,0,1,0,0,0,0,1,0,0,0,0,0,0,0,0,0,0,1,0,1,0,1,0,1
733,0,1.6137012404433893,0.4748853321285456,1.5225071179906793,0,0,1,1,1,0,1,1,0,0,1,0,0,0,0,0,0,0,0,0,0,0,1,0,0,0,0,0,1,0
734,0,-0.2187151269579764,0.8438042661654253,0.0633828512584329,0,0,1,0,1,0,1,1,0,0,0,0,0,0,1,0,0,0,0,0,1,0,0,0,0,0,0,1,0,1
735,0,-0.0151133083578247,-0.4706771609659783,-0.2763059369284545,0,1,1,1,0,1,0,0,0,0,0,0,0,0,1,0,0,0,1,0,1,0,0,0,1,0,0,1,0,1
736,0,-0.0965540357978854,1.5184938482328711,0.462057795664019,0,0,0,0,1,0,1,1,0,0,0,0,1,0,1,0,1,0,1,0,1,1,0,0,1,0,0,1,0,0
737,0,1.5322605130033284,1.2044142152014738,2.120221736128994,0,1,1,0,1,0,0,1,0,0,1,0,1,0,1,0,1,0,0,0,1,0,1,0,1,0,0,0,1,0
738,1,0.3920903288424788,0.4848561141295422,0.4695799644263884,0,1,0,0,1,0,1,1,0,0,0,0,1,0,0,0,0,0,0,0,0,0,0,1,0,0,0,1,0,1
739,1,1.6137012404433893,0.8338334841644282,1.9489765862689508,0,0,1,0,1,0,1,0,0,0,1,0,1,0,1,0,1,0,1,0,1,0,1,1,0,0,0,0,1,0
740,0,0.5956921474426305,0.0079203750818651,0.2647828536057466,0,0,0,0,1,0,1,0,0,0,1,0,0,0,1,0,1,0,0,0,0,0,1,1,0,0,1,1,0,1
741,0,-1.2367242199587352,0.5214156481331973,-0.9452936555688688,0,0,0,0,1,0,0,1,0,0,1,0,0,0,1,0,0,0,0,0,0,0,0,1,0,1,0,0,0,1
742,0,-0.9109613101984924,1.1229861621933337,-0.5608248011426552,1,1,0,0,1,0,1,1,0,0,1,0,0,0,0,0,0,0,1,0,1,0,0,0,0,1,0,0,0,1
743,0,1.1657772395230557,-1.3514295710540236,-0.3212404171892956,0,0,1,1,1,0,1,0,1,1,0,1,0,1,0,1,0,1,0,1,0,0,1,1,0,0,1,0,1,2
744,0,-1.1145631287986442,-0.6883725679877406,-0.9165947067130248,0,0,0,0,1,0,0,0,0,0,0,0,0,0,0,0,0,0,0,0,0,0,0,1,1,0,0,0,0,1
745,1,1.6137012404433893,1.5301264272340338,2.471734226534738,0,0,1,0,1,0,1,1,0,0,0,0,1,0,1,0,1,0,1,0,1,0,1,1,1,0,0,0,1,0
746,1,1.6137012404433893,1.6680555782478224,2.610331840417341,0,1,1,1,1,0,1,1,0,0,1,0,1,0,1,0,1,0,1,0,1,0,1,1,0,0,0,0,1,0
747,1,-1.1960038562387048,0.3419415721152558,-0.9162638195240644,0,0,0,0,1,0,0,1,0,0,0,0,0,0,1,0,0,0,0,0,0,0,0,0,0,0,1,0,0,1
748,0,0.6364125111626608,-1.5126238800701377,-0.6285243200039812,0,1,1,0,1,0,0,0,1,1,0,1,0,1,0,1,0,1,0,1,0,0,1,0,0,0,1,1,0,2
749,0,1.247217966963116,0.8404806721650927,1.560581203867072,0,0,0,0,1,0,0,1,0,0,0,0,0,0,1,0,1,0,1,0,0,1,0,1,1,0,0,0,1,0
750,0,-0.2187151269579764,-0.2679379269457112,-0.2765265283877616,0,0,0,0,1,0,0,0,0,0,1,0,1,0,0,0,0,0,0,0,0,0,0,1,0,0,1,1,0,1
751,0,1.5322605130033284,0.5114448661322006,1.464910687965615,0,1,1,1,1,0,0,0,0,0,1,0,1,0,1,0,0,0,1,0,1,0,1,1,1,0,0,0,1,0
752,0,-1.0331224013585834,0.2189685941029625,-0.7782397434356589,0,1,1,1,1,0,0,0,0,0,1,0,0,0,1,0,1,0,0,0,1,0,0,1,1,0,0,0,0,1
753,0,-1.318164947398796,-1.479387940066815,-1.005779833710855,0,1,0,1,1,0,0,0,1,1,0,1,0,1,0,1,0,1,0,1,0,0,1,0,0,0,1,0,0,2
754,0,-1.2367242199587352,0.8504514541660894,-0.9217344877148784,0,0,1,0,1,0,0,1,0,0,1,0,1,0,0,0,0,0,1,0,0,0,0,0,0,1,0,0,0,1
755,1,-0.5037576729981889,1.1229861621933337,-0.1927679512888843,1,1,0,0,1,0,1,1,0,0,0,0,0,0,1,0,0,0,1,0,1,0,0,1,0,1,0,1,0,1
756,0,1.369379058123207,-1.4976677070686424,-0.4526246903525596,0,1,0,0,1,0,0,0,1,1,0,1,0,1,0,1,0,1,0,1,0,0,1,0,0,0,0,0,1,2
757,0,-1.1960038562387048,-1.4926823160681442,-0.9805441707661314,0,0,0,0,1,0,0,0,1,1,0,1,0,1,0,1,0,1,0,1,0,0,0,0,0,0,1,0,0,2
758,0,-0.7073594915983407,0.7025515211513048,-0.4456760593843883,1,0,0,1,1,0,0,1,0,0,0,0,1,0,0,0,0,0,0,0,1,0,0,1,0,0,0,1,0,1
759,0,1.6137012404433893,0.8504514541660894,1.8898801343205984,0,0,1,1,1,0,1,1,0,0,1,0,1,0,0,0,1,0,0,0,0,0,1,1,0,0,0,0,1,0
760,0,-1.2774445836787656,-1.461108173064988,-0.9966032290036828,0,1,0,0,1,0,0,0,1,1,0,1,0,1,0,1,0,1,0,1,0,0,0,0,0,0,1,0,0,2
761,0,-0.4223169455581282,0.8138919201624348,-0.1640690024330404,1,0,0,0,1,0,0,1,0,0,0,0,0,0,0,0,0,0,1,0,1,0,0,0,0,1,0,1,0,1
762,0,-1.1960038562387048,0.184070857099474,-0.9136387811583108,1,1,1,0,1,0,0,1,0,0,0,0,0,0,0,0,0,0,0,0,0,0,0,1,0,1,0,0,0,1
763,0,1.6137012404433893,0.0694068640880114,1.0937214393896846,0,0,1,1,1,0,1,0,0,0,1,0,0,0,1,0,1,0,0,0,0,0,1,0,0,0,0,0,1,0
764,0,1.3286586944031769,-1.491020519067978,-0.4355067931103344,0,1,1,1,1,0,0,0,1,1,0,1,0,1,0,1,0,1,0,1,0,0,1,0,0,0,1,0,1,2
765,0,-0.8702409464784621,-0.9625690730151508,-0.8455642568161629,0,0,0,0,0,1,0,0,0,0,0,0,0,0,0,0,0,0,1,0,0,0,0,1,0,0,1,0,0,1
766,0,-0.4223169455581282,0.468238144127881,-0.299776868198722,0,1,0,0,1,0,1,1,0,0,0,0,1,0,0,0,0,0,0,0,0,0,0,1,0,0,1,1,0,1
767,0,-0.748079855318371,-1.4744025490663168,-0.8841457030489616,0,1,0,0,1,0,0,0,1,1,0,1,0,1,0,1,0,1,0,1,0,1,0,0,0,0,0,1,0,2
768,0,0.3513699651224484,0.3153528201125979,0.3570783201798058,0,1,0,0,1,0,0,1,0,0,0,0,0,0,0,0,1,0,0,0,0,0,0,1,0,1,0,1,0,1
769,0,-0.62591876415828,0.0012731870812005,-0.4871251945881782,0,1,1,0,1,0,0,0,0,0,1,0,1,0,0,0,0,0,0,0,1,1,0,0,0,0,1,1,0,1
770,0,-0.8702409464784621,-1.4727407520661506,-0.9010871271237412,0,1,0,0,1,0,0,0,1,1,0,1,0,1,0,1,0,1,0,1,0,0,0,1,1,0,0,0,0,2
771,0,-0.7073594915983407,0.9501592741760568,-0.3684249303350681,1,1,0,0,1,0,1,1,0,0,0,0,0,0,0,0,0,0,1,0,1,0,0,1,0,1,0,1,0,1
772,0,-1.2774445836787656,-1.491020519067978,-0.9970002936304354,1,0,0,0,1,0,0,0,1,1,0,1,0,1,0,1,0,1,0,1,0,0,0,0,0,0,1,0,0,2
773,0,-1.1145631287986442,0.8022593411612722,-0.8054166112222844,1,0,1,0,1,0,0,1,0,0,1,0,0,0,1,0,0,0,0,0,1,0,0,1,0,0,1,0,0,1
774,0,0.0256070553622056,1.0315873271841969,0.3339823943903603,1,1,1,0,1,0,0,1,0,0,0,0,0,0,1,0,0,0,1,0,1,1,0,1,0,1,0,1,0,1
775,0,1.6137012404433893,1.5251410362335358,2.5526471738085545,0,0,1,0,1,0,1,1,0,0,1,0,1,0,1,0,0,0,1,0,1,0,1,1,1,0,0,0,1,0
776,0,-1.1960038562387048,-0.8130073430001998,-0.9649704137390556,0,0,1,1,0,1,0,0,0,0,0,0,1,0,0,0,0,0,0,0,1,0,0,0,0,0,1,0,0,1
777,0,-1.2367242199587352,0.572931355138347,-0.9243154077887707,1,1,0,0,1,0,1,1,0,0,0,0,1,0,0,0,0,0,0,0,0,0,0,1,0,1,0,0,0,1
778,0,1.0843365120829946,1.4038298552214086,1.7085098364783629,0,0,1,0,1,0,1,1,0,0,1,0,1,0,1,0,1,0,0,0,1,1,0,1,1,0,0,0,1,0
779,0,-1.2367242199587352,-0.6451658459834212,-0.9662939624948976,1,1,0,0,1,0,0,0,0,0,0,0,0,0,0,0,0,0,0,0,0,0,0,0,0,1,0,0,0,1
780,0,1.5729808767233588,0.2854404741096075,1.268297520285264,0,1,1,1,1,0,0,0,0,0,0,0,1,0,0,0,1,0,1,0,1,0,1,1,1,0,0,0,1,0
781,0,-1.1145631287986442,-0.6634456129852487,-0.9085210593023878,0,0,1,1,1,0,0,0,0,0,0,0,0,0,0,0,0,0,0,0,0,0,0,0,0,0,1,0,0,1
782,0,-0.2187151269579764,-0.3327480099521901,-0.3394612717280558,0,1,1,1,1,0,0,0,0,0,1,0,1,0,0,0,0,0,0,0,0,0,0,1,1,0,0,1,0,1
783,0,-1.2774445836787656,-0.4174996569606623,-0.9827500853592016,1,0,0,0,1,0,0,0,0,0,0,0,0,0,0,0,1,0,0,0,0,0,0,1,0,1,0,0,0,1
784,0,1.247217966963116,-0.803036560999203,0.1364206834349887,0,1,0,1,0,1,0,0,0,0,1,0,1,0,0,0,1,0,0,0,0,1,0,1,0,0,0,0,1,0
785,1,0.5549717837226001,1.503537675231376,1.1448986579489144,1,0,0,0,1,0,1,1,0,0,1,0,1,0,1,0,0,0,1,0,1,1,0,1,0,1,0,1,0,0
786,0,1.6137012404433893,-0.3144682429503628,0.7517164408800732,0,1,1,1,1,0,1,0,0,0,1,0,0,0,0,0,0,0,0,0,0,0,1,0,0,0,0,0,1,0
787,0,0.0663274190822359,-0.130008775931923,-0.1218257379757451,0,0,1,0,1,0,1,0,0,0,1,0,0,0,0,0,1,0,0,0,0,0,0,1,0,0,0,1,0,1
788,0,-0.3408762181180675,0.4532819711263863,-0.1973562536424703,0,0,1,1,1,0,1,0,0,0,1,0,1,0,0,0,0,0,1,0,1,1,0,0,0,1,0,1,0,1
789,0,1.6137012404433893,0.1624674960973147,1.1596562265765542,0,1,0,0,1,0,1,0,0,0,1,0,1,0,1,0,1,0,0,0,0,0,1,0,0,0,0,0,1,0
790,0,1.125056875803025,-0.1632447159352455,0.578155080697306,0,0,1,1,0,1,0,0,0,0,1,0,0,0,1,0,1,0,1,0,1,0,1,0,1,0,0,0,1,0
791,0,1.4508197855632678,0.4034280611214026,1.2102819664875164,0,1,0,0,1,0,1,0,0,0,1,0,1,0,1,0,0,0,0,0,1,1,0,1,1,0,0,0,1,0
792,0,-0.9924020376385532,-1.4926823160681442,-0.9411024178420354,0,0,1,1,1,0,0,0,1,1,0,1,0,1,0,1,0,1,0,1,0,0,1,1,0,0,1,0,0,2
793,0,0.0663274190822359,0.0959956160906698,0.0262793678029914,0,0,0,1,1,0,0,0,0,0,1,0,0,0,1,0,1,0,1,0,0,0,1,0,1,0,0,1,0,1
794,0,-1.0738427650786138,-0.6567984249845842,-0.8739984959208383,0,0,0,0,0,1,0,0,0,0,0,0,0,0,0,0,0,0,1,0,1,0,0,0,1,0,0,0,0,1
795,0,-1.2367242199587352,-0.0186683769207927,-0.9424039074519468,0,1,1,0,1,0,0,0,0,0,0,0,1,0,0,0,1,0,0,0,1,0,0,1,0,0,1,0,0,1
796,0,-0.055833672077855,0.5629605731373504,0.1186410118148427,0,1,0,0,1,0,1,1,0,0,0,0,0,0,0,0,1,0,0,0,0,1,0,0,1,0,0,1,0,1
797,0,-0.5037576729981889,-1.303237458049206,-0.7819236208060861,0,0,1,1,1,0,1,0,1,1,0,1,0,1,0,1,0,1,0,1,0,0,0,1,0,0,0,1,0,2
798,0,-1.2774445836787656,-1.4876969250676455,-0.996956175338574,0,0,1,1,1,0,0,0,1,1,0,1,0,1,0,1,0,1,0,1,0,0,0,0,0,1,0,0,0,2
799,0,1.2064976032430856,1.0631614701873533,1.6966420159676447,1,1,0,0,1,0,1,1,0,0,0,0,0,0,1,0,0,0,1,0,1,1,0,1,0,1,0,0,1,0
800,1,1.5322605130033284,0.3618831361172495,1.3816374120772132,0,0,1,0,1,0,1,1,0,0,0,0,0,0,0,0,0,0,0,0,0,0,1,1,1,0,0,0,1,0
801,0,-0.9109613101984924,1.1213243651931677,-0.538898010087537,1,0,0,0,1,0,1,1,0,0,0,0,0,0,0,0,1,0,1,0,1,0,0,1,0,1,0,0,0,1
802,0,0.2699292376823877,-1.3614003530550205,-0.6070387118674769,0,1,1,1,1,0,1,0,1,1,0,1,0,1,0,1,0,1,0,1,0,0,1,1,0,0,1,1,0,2
803,0,0.5549717837226001,-0.0186683769207927,0.3219601598581274,0,0,1,0,1,0,0,0,0,0,0,0,1,0,0,0,1,0,1,0,0,0,1,1,1,0,0,1,0,1
804,0,-1.0738427650786138,0.684271754149477,-0.7898428541952084,1,1,0,0,1,0,0,1,0,0,0,0,1,0,0,0,0,0,1,0,0,0,0,1,0,1,0,0,0,1
805,0,1.6137012404433893,0.40010446712107,1.4068068975841448,0,0,1,1,1,0,1,0,0,0,0,0,0,0,1,0,0,0,1,0,1,0,1,1,0,0,0,0,1,0
806,0,-0.5851984004382496,-0.3177918369506949,-0.5389641875253292,0,1,0,0,1,0,0,0,0,0,0,0,0,0,1,0,1,0,0,0,0,0,0,0,1,0,0,1,0,1
807,0,1.5729808767233588,1.4553455622265583,2.3542692744537472,0,1,1,0,1,0,1,1,0,0,1,0,0,0,1,0,1,0,1,0,1,0,1,1,1,0,0,0,1,0
808,0,0.3106496014024181,1.2143849972024705,0.8088496288405929,1,1,1,0,1,0,1,1,0,0,0,0,1,0,0,0,0,0,1,0,1,0,0,1,0,1,0,1,0,0
809,0,-1.2774445836787656,0.1591439020969822,-0.9750955617212478,1,1,0,0,1,0,0,1,0,0,0,0,0,0,0,0,0,0,0,0,0,0,0,1,0,1,0,0,0,1
810,0,1.0436161483629645,1.2791950802089491,1.6491045564869808,1,1,0,0,1,0,1,1,0,0,0,0,1,0,1,0,0,0,1,0,1,1,0,1,0,0,0,0,1,0
811,0,1.5322605130033284,1.304122035211441,2.192862503678797,1,1,0,0,1,0,1,1,0,0,1,0,0,0,0,0,1,0,1,0,1,0,1,1,1,0,0,0,1,0
812,0,0.3920903288424788,-1.3132082400502028,-0.5168609233027651,0,0,1,0,1,0,1,0,1,1,0,1,0,1,0,1,0,1,0,1,0,0,1,0,0,1,0,1,0,2
813,0,0.0663274190822359,-1.1420431490330922,-0.5916634871537773,0,1,1,1,0,1,0,0,0,0,1,0,0,0,0,0,0,0,0,0,0,1,0,0,0,0,0,1,0,1
814,1,-1.1145631287986442,-1.4860351280674795,-0.9642424619233422,0,1,0,0,1,0,0,0,1,1,0,1,0,1,0,1,0,1,0,1,0,0,0,0,0,0,0,0,0,2
815,0,-0.3001558543980371,0.6593447991469852,-0.0845678404987885,0,0,0,0,1,0,1,1,0,0,0,0,0,0,0,0,0,0,1,0,0,0,0,1,0,0,1,1,0,1
816,0,-1.2367242199587352,0.7125223031523015,-0.9269404461545244,1,0,0,0,1,0,0,1,0,0,0,0,0,0,1,0,0,0,0,0,1,0,0,1,0,0,1,0,0,1
817,0,0.9214550572028734,1.2941512532104444,1.4898816411591704,0,0,1,1,1,0,0,1,0,0,0,0,1,0,1,0,1,0,1,0,1,1,0,1,0,0,0,0,1,0
818,0,-0.4630373092781585,1.5434208032353631,0.0164851070097594,1,1,1,0,1,0,1,1,0,0,0,0,1,0,1,0,1,0,1,0,1,0,0,1,0,1,0,1,0,1
819,0,1.5322605130033284,0.7723469951582818,1.6353396494262225,0,1,1,0,1,0,1,1,0,0,1,0,1,0,0,0,1,0,0,0,0,0,1,1,1,0,0,0,1,0
820,0,1.1657772395230557,1.3822264942192488,1.9728004638741092,0,0,1,0,1,0,1,1,0,0,0,0,0,0,1,0,1,0,1,0,1,0,0,1,0,1,0,0,1,0
821,0,0.4328106925625091,0.4782089261288781,0.5677431638180145,0,1,1,1,1,0,0,0,0,0,1,0,0,0,1,0,1,0,1,0,1,0,1,1,1,0,0,1,0,0
822,0,0.5956921474426305,1.274209689208451,1.151295810268818,0,1,0,0,1,0,1,1,0,0,0,0,1,0,1,0,0,0,1,0,1,1,0,1,0,1,0,1,0,0
823,0,-1.1145631287986442,-0.0269773619216233,-0.8654395472997258,0,1,0,0,1,0,0,0,0,0,0,0,0,0,1,0,1,0,1,0,0,0,0,1,1,0,0,0,0,1
824,0,1.2064976032430856,-1.2949284730483754,-0.315791808144412,0,0,0,0,1,0,1,0,1,1,0,1,0,1,0,1,0,1,0,1,0,0,1,1,1,0,0,0,1,2
825,0,-0.6666391278783103,0.8205391081630994,-0.3747779643631105,1,0,1,1,1,0,0,1,0,0,0,0,1,0,1,0,0,0,1,0,0,0,0,1,1,0,0,1,0,1
826,1,-1.0331224013585834,1.0249401391835322,-0.7215036201018922,1,1,1,0,1,0,1,1,0,0,0,0,0,0,0,0,0,0,1,0,1,0,0,1,0,0,0,0,0,1
827,0,-0.748079855318371,-1.303237458049206,-0.8414612556730522,0,0,1,1,1,0,1,0,1,1,0,1,0,1,0,1,0,1,0,1,0,0,0,0,0,0,1,1,0,2
828,0,1.125056875803025,0.8703930181680831,1.4001670946590032,1,1,1,1,1,0,0,1,0,0,0,0,1,0,1,0,0,0,1,0,0,1,0,0,0,1,0,0,1,0
829,0,0.0663274190822359,-0.6617838159850825,-0.369329355318227,0,1,1,1,0,1,0,0,0,0,0,0,0,0,1,0,1,0,1,0,0,0,0,1,0,1,0,1,0,1
830,0,0.7178532386027215,1.4553455622265583,1.4695651677569934,1,0,1,0,1,0,1,1,0,0,1,0,1,0,0,0,1,0,1,0,1,1,0,0,0,1,0,0,1,0
831,0,0.2292088739623573,-1.3198554280508674,-0.5805015593128419,0,1,1,1,1,0,1,0,1,1,0,1,0,1,0,1,0,1,0,1,0,0,1,0,1,0,0,1,0,2
832,0,1.5322605130033284,0.3103674291120993,1.2982097221672966,0,0,1,1,1,0,0,0,0,0,1,0,1,0,1,0,1,0,0,0,1,1,0,0,1,0,0,0,1,0
833,0,0.188488510242327,0.7989357471609396,0.4680137650653087,0,0,1,1,1,0,1,1,0,0,0,0,1,0,0,0,0,0,1,0,0,0,0,1,0,1,0,1,0,1
834,1,-1.1552834925186746,0.468238144127881,-0.8766014751406613,1,0,0,0,1,0,0,1,0,0,0,0,0,0,0,0,0,0,1,0,0,0,0,1,0,1,0,0,0,1
835,1,1.125056875803025,0.9468356801757248,1.5418529889719057,0,1,1,1,1,0,1,1,0,0,1,0,1,0,0,0,0,0,0,0,1,0,0,1,0,1,0,0,1,0
836,0,1.2064976032430856,0.220630391103129,0.97394027698597,0,1,1,1,1,0,0,0,0,0,1,0,0,0,1,0,1,0,0,0,1,1,0,0,1,0,0,0,1,0
837,0,-1.2774445836787656,-0.6767399889865777,-0.9861913121243912,1,1,0,0,1,0,0,0,0,0,0,0,0,0,0,0,0,0,0,0,0,0,0,0,0,0,1,0,0,1
838,0,0.1477681465222966,0.4798707231290441,0.253775339786326,0,1,0,0,1,0,0,0,0,0,1,0,0,0,1,0,1,0,1,0,1,0,0,1,1,0,0,1,0,1
839,0,0.4735310562825394,-1.4744025490663168,-0.6062666417599024,0,1,0,0,1,0,0,0,1,1,0,1,0,1,0,1,0,1,0,1,0,0,1,0,1,0,0,1,0,2
840,1,0.9214550572028734,1.1711782751981514,1.424829219809529,1,0,0,0,1,0,1,1,0,0,0,0,0,0,1,0,0,0,1,0,1,1,0,1,0,1,0,0,1,0
841,0,1.6137012404433893,1.3373579752147635,2.3427102819860592,0,0,1,0,1,0,1,1,0,0,1,0,0,0,1,0,0,0,1,0,1,0,1,1,1,0,0,0,1,0
842,0,-0.8295205827584317,-1.4943441130683104,-0.9044842355970693,1,0,1,1,1,0,0,0,1,1,0,1,0,1,0,1,0,1,0,1,0,1,0,0,0,0,0,0,0,2
843,0,-0.7888002190384014,-1.127086976031597,-0.8319096454850581,0,0,0,0,0,1,0,0,0,0,1,0,0,0,0,0,0,0,0,0,0,0,0,1,0,0,0,1,0,1
844,0,-1.2774445836787656,0.8354952811645946,-0.966117489327452,1,1,0,0,1,0,0,1,0,0,0,0,0,0,0,0,0,0,1,0,1,0,0,1,0,1,0,0,0,1
845,0,-0.7073594915983407,-1.4694171580658184,-0.875211748947027,0,0,1,1,1,0,0,0,1,1,0,1,0,1,0,1,0,1,0,1,0,1,0,0,0,0,1,1,0,2
846,0,1.3286586944031769,0.6676537841478158,1.402725955586965,0,0,0,0,1,0,0,0,0,0,1,0,1,0,1,0,1,0,1,0,1,0,1,1,0,0,0,0,1,0
847,0,-0.8295205827584317,-1.0506443140239554,-0.8095637306572564,0,0,1,1,0,1,0,0,0,0,1,0,0,0,0,0,1,0,0,0,0,1,0,0,1,0,0,0,0,1
848,0,1.6137012404433893,0.9052907551715716,1.9863888977674216,0,1,1,0,1,0,1,0,0,0,1,0,1,0,1,0,1,0,1,0,1,0,1,1,1,0,0,0,1,0
849,0,1.6137012404433893,0.8321716871642622,1.8665194987799845,0,0,1,1,1,0,1,0,0,0,1,0,1,0,1,0,1,0,1,0,1,0,1,0,1,0,0,0,1,0
850,0,1.6137012404433893,1.696306127250646,2.733907175921137,0,0,1,1,1,0,1,1,0,0,1,0,1,0,1,0,1,0,1,0,1,0,1,1,0,0,0,0,1,0
851,0,0.7992939660427822,0.677624566148813,0.9627121717072428,0,1,0,1,1,0,1,0,0,0,1,0,1,0,0,0,1,0,1,0,1,0,1,1,0,0,1,0,1,0
852,0,-1.2367242199587352,-1.326502616051532,-0.978426492756784,0,1,0,0,1,0,1,0,1,1,0,1,0,1,0,1,0,1,0,1,0,0,0,0,0,0,1,0,0,2
853,0,-1.1145631287986442,-0.0136829859202946,-0.8501966774616103,0,0,0,0,1,0,0,0,0,0,1,0,0,0,0,0,1,0,1,0,0,0,0,1,0,1,0,0,0,1
854,0,1.4508197855632678,-1.4710789550659844,-0.3771382929776956,0,0,0,0,1,0,0,0,1,1,0,1,0,1,0,1,0,1,0,1,0,0,1,0,1,0,0,0,1,2
855,0,1.2064976032430856,1.17616366619865,1.8238129922581443,1,0,0,1,1,0,1,1,0,0,0,0,0,0,1,0,0,0,1,0,1,1,0,1,0,1,0,0,1,0
856,0,1.6137012404433893,0.7075369121518029,1.7779299687222834,0,1,0,0,1,0,1,0,0,0,1,0,1,0,0,0,1,0,1,0,1,0,1,0,1,0,0,0,1,0
857,0,-1.2774445836787656,-0.4640299729653139,-0.9833677414452612,1,1,0,0,1,0,0,0,0,0,0,0,1,0,0,0,0,0,0,0,0,0,0,0,0,1,0,0,0,1
858,0,1.369379058123207,0.8055829351616043,1.5965817300259786,0,0,1,0,1,0,1,1,0,0,1,0,1,0,0,0,1,0,0,0,0,1,0,0,0,1,0,0,1,0
859,0,1.6137012404433893,0.0012731870812005,1.076493246417806,0,1,1,1,0,1,0,0,0,0,1,0,1,0,1,0,1,0,1,0,1,0,1,1,1,0,0,0,1,0
860,0,-0.2594354906780068,-1.4943441130683104,-0.8040268850286502,0,1,0,0,1,0,0,0,1,1,0,1,0,1,0,1,0,1,0,1,0,1,0,0,1,0,0,1,0,2
861,0,1.2879383306831464,0.9518210711762232,1.5629194733357263,0,1,1,1,1,0,1,1,0,0,1,0,0,0,1,0,0,0,0,0,1,0,1,0,0,0,0,0,1,0
862,1,-0.5037576729981889,0.2954112561106046,-0.3601086323191933,1,1,1,0,1,0,0,1,0,0,0,0,1,0,0,0,0,0,0,0,0,0,0,1,0,1,0,1,0,1
863,0,-1.1960038562387048,1.0083221691818711,-0.8701602045288961,1,0,0,0,1,0,0,1,0,0,0,0,1,0,0,0,0,0,1,0,1,0,0,1,0,1,0,0,0,1
864,0,-0.4223169455581282,0.9933659961803764,-0.0772883223416567,1,1,0,0,1,0,1,1,0,0,0,0,0,0,0,0,0,0,1,0,1,0,0,1,1,0,0,1,0,1
865,0,-1.1552834925186746,0.5264010391336954,-0.864976305235181,1,1,1,0,1,0,0,1,0,0,0,0,0,0,1,0,1,0,0,0,0,0,0,1,0,0,1,0,0,1
866,0,1.2064976032430856,-0.8562140650045189,0.0254631794035552,0,1,1,0,0,1,0,0,0,0,0,0,0,0,0,0,1,0,1,0,0,0,1,1,0,0,0,0,1,0
867,0,-1.1145631287986442,-1.4710789550659844,-0.9597644552994096,0,0,0,0,1,0,0,0,1,1,0,1,0,1,0,1,0,1,0,1,0,0,0,1,0,0,1,0,0,2
868,0,1.0843365120829946,0.6909189421501416,1.2374808934200725,1,1,1,0,1,0,1,1,0,0,0,0,0,0,0,0,0,0,0,0,1,1,0,0,0,1,0,0,1,0
869,0,-1.1960038562387048,-1.274986909046382,-0.9522864048289016,0,1,0,1,1,0,1,0,1,1,0,1,0,1,0,1,0,1,0,1,0,0,1,1,0,0,1,0,0,2
870,0,1.6137012404433893,1.111353583192171,2.089515404993456,0,0,1,0,1,0,1,1,0,0,1,0,0,0,1,0,1,0,1,0,0,0,1,1,0,0,0,0,1,0
871,0,1.002895784642934,1.0897502221900113,1.463962144690595,0,1,1,1,1,0,0,1,0,0,0,0,1,0,1,0,0,0,1,0,1,1,0,1,1,0,0,0,1,0
872,0,1.369379058123207,-1.4893587220678115,-0.4458745916977646,0,1,0,1,1,0,0,0,1,1,0,1,0,1,0,1,0,1,0,1,0,0,1,0,1,0,0,0,1,2
873,0,1.125056875803025,-0.4640299729653139,0.3298573341013189,1,0,0,0,0,1,0,0,0,0,0,0,1,0,0,0,0,0,1,0,1,0,0,1,0,1,0,0,1,0
874,0,0.5142514200025698,1.1612074931971548,1.0388162251681663,0,1,0,1,1,0,1,1,0,0,0,0,0,0,1,0,0,0,1,0,1,0,1,0,0,0,0,1,0,0
875,0,-1.1960038562387048,-0.9958050130184734,-0.9555070401347842,0,0,0,0,0,1,0,0,0,0,0,0,0,0,0,0,0,0,1,0,0,0,0,1,1,0,0,0,0,1
876,0,-0.7073594915983407,1.3406815692150955,-0.3074975692744679,1,0,0,0,1,0,0,1,0,0,1,0,0,0,1,0,1,0,1,0,1,0,0,0,0,1,0,1,0,1
877,0,0.758573602322752,-0.1532739339342488,0.3517400068645758,0,0,0,1,0,1,0,0,0,0,1,0,0,0,1,0,1,0,1,0,1,1,0,0,0,0,0,0,1,0
878,0,1.125056875803025,-0.0003886099189655,0.7763785660305986,0,0,0,0,1,0,1,0,0,0,1,0,0,0,1,0,1,0,0,0,0,1,0,0,0,1,0,0,1,0
879,0,0.0256070553622056,-0.3360716039525224,-0.2711220376347395,0,1,0,0,1,0,1,0,0,0,0,0,1,0,0,0,0,0,0,0,0,0,0,1,0,0,0,1,0,1
880,0,-0.9109613101984924,1.506861269231708,-0.545493694720817,1,1,0,0,1,0,0,1,0,0,1,0,1,0,1,0,1,0,1,0,1,0,0,1,0,1,0,0,0,1
881,1,-0.2594354906780068,-1.5109620830699717,-0.7833354061456511,0,1,0,0,1,0,0,0,1,1,0,1,0,1,0,1,0,1,0,1,0,1,0,0,1,0,0,1,0,2
882,0,-1.0738427650786138,0.6360796411446599,-0.7862692725544347,1,0,0,0,1,0,0,1,0,0,0,0,0,0,1,0,0,0,0,0,1,0,0,0,0,1,0,0,0,1
883,0,1.4100994218432374,1.5450826002355291,2.308231836896371,0,0,1,0,1,0,1,1,0,0,1,0,0,0,1,0,1,0,1,0,1,1,0,1,0,1,0,0,1,0
884,0,0.6771328748826912,-0.9625690730151508,-0.2195918727406185,0,0,1,1,0,1,0,0,0,0,1,0,0,0,0,0,1,0,0,0,0,1,0,1,1,0,0,0,1,1
885,0,-1.2774445836787656,-1.4860351280674795,-0.9969341161926432,0,1,0,0,1,0,0,0,1,1,0,1,0,1,0,1,0,1,0,1,0,0,0,1,0,0,1,0,0,2
886,1,-1.0331224013585834,0.6510358141461546,-0.7368126673777996,0,0,0,0,1,0,0,1,0,0,0,0,0,0,1,0,0,0,1,0,0,0,0,1,0,1,0,0,0,1
887,1,-0.2187151269579764,1.5201556452330371,0.2549444745206533,0,0,0,0,1,0,1,1,0,0,1,0,1,0,1,0,0,0,1,0,1,1,0,1,0,0,0,1,0,1
888,0,0.188488510242327,0.8787020031689138,0.426983753634202,0,1,1,1,1,0,0,1,0,0,0,0,0,0,0,0,0,0,1,0,1,1,0,0,1,0,0,1,0,1
889,0,1.247217966963116,1.1894580421999783,1.7363264194969787,1,0,1,1,1,0,1,1,0,0,1,0,1,0,1,0,0,0,1,0,0,0,0,1,0,1,0,0,1,0
890,0,-0.055833672077855,0.8155537171626008,0.2396795455366072,0,1,1,1,1,0,1,1,0,0,1,0,0,0,1,0,1,0,0,0,0,0,0,0,0,1,0,1,0,1
891,0,0.7178532386027215,1.2991366442109429,1.2080319336025849,1,1,1,1,1,0,1,1,0,0,0,0,1,0,1,0,0,0,1,0,1,0,0,1,0,0,0,0,1,0
892,1,-0.0151133083578247,0.5430190091353566,0.1497885258689945,0,1,0,0,1,0,1,1,0,0,0,0,0,0,1,0,0,0,0,0,0,0,0,1,1,0,0,1,0,1
893,0,-1.2774445836787656,-1.3348116010523623,-0.9949267339129494,1,0,0,0,0,1,0,0,0,0,0,0,0,0,0,0,0,0,0,0,0,0,0,0,0,1,0,0,0,1
894,0,1.247217966963116,0.5463426031356892,1.184737475499763,0,0,1,0,1,0,1,1,0,0,0,0,0,0,0,0,1,0,0,0,0,1,0,1,1,0,0,0,1,0
895,0,-0.0965540357978854,0.9817334171792133,0.1764580332992137,0,1,0,0,1,0,1,1,0,0,1,0,1,0,0,0,0,0,0,0,1,0,0,1,1,0,0,1,0,1
896,0,1.5729808767233588,1.7062769092516428,2.6606928705771358,0,1,1,0,1,0,1,1,0,0,1,0,1,0,1,0,1,0,1,0,1,0,1,1,0,0,0,0,1,0
897,0,0.8400143297628127,1.3556377422165908,1.5011318055838287,0,0,0,0,1,0,1,1,0,0,0,0,1,0,1,0,0,0,1,0,1,0,1,0,0,1,0,0,1,0
898,0,-0.8295205827584317,1.1346187411944968,-0.5112358410904361,1,0,0,0,1,0,0,1,0,0,1,0,0,0,0,0,1,0,1,0,1,0,0,1,0,0,0,0,0,1
899,0,0.7178532386027215,0.9850570111795456,1.1625900929853374,0,1,1,0,1,0,1,1,0,0,1,0,1,0,0,0,0,0,0,0,1,0,0,1,1,0,0,0,1,0
900,0,-1.2367242199587352,-1.504314895069307,-0.993625244303038,0,0,0,0,1,0,0,0,1,1,0,1,0,1,0,1,0,1,0,1,0,0,0,0,0,0,1,0,0,2
901,0,-0.9516816739185228,1.114677177192503,-0.5983474083707802,1,0,0,0,1,0,1,1,0,0,0,0,0,0,1,0,0,0,1,0,1,0,0,0,1,0,0,0,0,1
902,0,-0.62591876415828,0.966777244177718,-0.2885708220659251,1,1,0,0,1,0,0,1,0,0,1,0,0,0,0,0,0,0,1,0,1,0,0,0,0,1,0,1,0,1
903,0,0.9621754209229036,1.3572995392167568,1.6716048853362973,0,0,1,0,1,0,0,1,0,0,1,0,1,0,1,0,0,0,1,0,1,1,0,1,1,0,0,0,1,0
904,0,1.4100994218432374,0.5513279941361872,1.3759902707189535,0,1,1,1,1,0,0,0,0,0,1,0,1,0,1,0,0,0,1,0,1,0,1,0,1,0,0,0,1,0
905,1,-0.9516816739185228,1.1877962451998123,-0.600509204671989,1,1,0,0,1,0,1,1,0,0,0,0,0,0,1,0,0,0,1,0,1,0,0,1,0,1,0,0,0,1
906,0,-1.1552834925186746,-0.2779087089467081,-0.9021680252743456,0,1,0,0,1,0,0,0,0,0,0,0,0,0,0,0,0,0,1,0,0,0,0,1,0,1,0,0,0,1
907,0,-0.5444780367182193,0.0195529540830277,-0.4623086554161379,0,1,0,0,1,0,0,0,0,0,0,0,1,0,0,0,1,0,0,0,1,1,0,1,0,0,0,1,0,1
908,0,-0.9924020376385532,-1.4893587220678115,-0.930381672919714,0,0,0,1,1,0,0,0,1,1,0,1,0,1,0,1,0,1,0,1,0,0,0,0,0,0,1,0,0,2
909,0,1.5729808767233588,1.5450826002355291,2.516690765941509,0,0,0,0,1,0,1,1,0,0,0,0,1,0,1,0,1,0,1,0,1,0,1,1,0,1,0,0,1,0
910,1,-0.9109613101984924,0.2688225041079463,-0.7019592168072897,1,1,0,0,1,0,0,1,0,0,0,0,1,0,0,0,0,0,0,0,0,0,0,1,0,1,0,0,0,1
911,1,-0.7073594915983407,0.8055829351616043,-0.4374038796603748,0,0,0,0,1,0,1,1,0,0,0,0,1,0,0,0,0,0,1,0,0,0,0,0,1,0,0,1,0,1
912,0,1.6137012404433893,1.3739175092184182,2.456844303031514,0,1,1,1,1,0,1,1,0,0,1,0,0,0,1,0,0,0,1,0,1,1,0,1,0,0,0,0,1,0
913,0,-0.8295205827584317,-1.4860351280674795,-0.8879839944409038,0,1,0,0,1,0,0,0,1,1,0,1,0,1,0,1,0,1,0,1,0,1,0,0,1,0,0,0,0,2
914,0,1.6137012404433893,-1.3148700370503688,-0.212135881416041,0,1,1,1,1,0,1,0,1,1,0,1,0,1,0,1,0,1,0,1,0,0,1,1,0,0,0,0,1,2
915,1,-1.2774445836787656,0.2920876621102721,-0.9733308300467916,1,1,1,0,1,0,1,1,0,0,0,0,0,0,0,0,0,0,0,0,0,0,0,1,0,1,0,0,0,1
916,1,-0.3815965818380978,0.3535741511164189,-0.2806736478227337,0,0,0,0,1,0,0,1,0,0,1,0,0,0,0,0,0,0,0,0,0,0,0,1,0,0,0,1,0,1
917,0,1.6137012404433893,0.0262001420836923,1.115184988380258,0,1,0,0,0,1,0,0,0,0,1,0,1,0,1,0,1,0,1,0,1,0,1,1,0,0,0,0,1,0
918,0,-0.2594354906780068,0.5297246331340278,-0.0382656931902441,0,0,0,0,1,0,1,1,0,0,0,0,0,0,1,0,0,0,0,0,0,0,0,1,0,1,0,1,0,1
919,0,-0.4630373092781585,1.3224018022132684,-0.0177948057665521,0,0,0,0,1,0,0,1,0,0,0,0,1,0,1,0,1,0,1,0,1,1,0,1,0,0,1,1,0,1
920,0,1.125056875803025,-1.3497677740538576,-0.3414024765699576,0,1,1,0,1,0,1,0,1,1,0,1,0,1,0,1,0,1,0,1,0,1,0,0,0,0,0,0,1,2
921,0,-0.8295205827584317,-1.4727407520661506,-0.8931237754427575,0,1,0,0,1,0,0,0,1,1,0,1,0,1,0,1,0,1,0,1,0,0,0,0,0,0,1,0,0,2
922,0,-0.6666391278783103,0.3535741511164189,-0.4810368703113043,0,1,1,0,1,0,1,1,0,0,0,0,0,0,0,0,0,0,0,0,0,0,0,1,0,1,0,1,0,1
923,0,1.247217966963116,0.4964886931307054,1.1057877922137789,0,0,1,0,1,0,1,0,0,0,1,0,1,0,0,0,0,0,1,0,1,1,0,1,1,0,0,0,1,0
924,1,-0.4223169455581282,0.5629605731373504,-0.2024298572065319,0,0,0,0,1,0,0,1,0,0,1,0,1,0,0,0,0,0,0,0,0,0,0,0,0,1,0,1,0,1
925,0,-0.0151133083578247,0.3834864971194088,0.0548900800751125,0,0,1,1,1,0,0,0,0,0,1,0,1,0,1,0,1,0,0,0,1,0,0,0,0,0,0,1,0,1
926,1,-1.1960038562387048,0.4865179111297087,-0.915315276249044,1,0,0,0,1,0,1,1,0,0,0,0,1,0,0,0,0,0,0,0,0,0,0,1,0,1,0,0,0,1
927,0,-0.7888002190384014,0.544680806135523,-0.5856413403146955,1,0,0,0,1,0,0,1,0,0,0,0,1,0,1,0,0,0,0,0,0,0,0,1,0,1,0,1,0,1
928,0,1.4508197855632678,1.2958130502106109,2.099905262726817,0,0,1,1,1,0,1,1,0,0,0,0,1,0,0,0,1,0,1,0,1,0,1,1,1,0,0,0,1,0
929,0,-0.0965540357978854,0.720831288153132,0.1139644728775338,0,0,1,1,1,0,0,1,0,0,0,0,0,0,1,0,0,0,0,0,1,1,0,0,0,1,0,1,0,1
930,0,-0.6666391278783103,0.3436033691154218,-0.4706911308698049,0,0,0,0,1,0,0,1,0,0,0,0,1,0,0,0,0,0,0,0,0,0,0,0,0,0,0,1,0,1
931,0,0.0256070553622056,0.5264010391336954,0.163840201826852,0,1,0,0,1,0,0,1,0,0,0,0,1,0,0,0,1,0,0,0,0,0,1,0,0,0,0,1,0,1
932,0,1.6137012404433893,-1.5109620830699717,-0.430124361503243,0,1,1,0,1,0,0,0,1,1,0,1,0,1,0,1,0,1,0,1,0,0,1,0,1,0,0,0,1,2
933,1,-1.1552834925186746,0.6593447991469852,-0.8469098647179357,1,0,0,0,1,0,1,1,0,0,0,0,0,0,0,0,0,0,0,0,1,0,0,1,0,1,0,0,0,1
934,0,-0.8295205827584317,-1.03568814102246,-0.8136667318003671,0,0,0,0,0,1,0,0,0,0,1,0,0,0,0,0,1,0,0,0,0,1,0,1,0,0,1,0,0,1
935,1,-1.1552834925186746,0.6144762801425001,-0.8698734356317971,0,0,1,0,1,0,1,1,0,0,0,0,0,0,0,0,0,0,1,0,0,0,0,1,0,1,0,0,0,1
936,0,-1.318164947398796,0.534710024134526,-1.005779833710855,0,0,1,1,1,0,0,0,0,0,1,0,1,0,1,0,0,0,1,0,1,0,1,0,0,0,1,0,0,1
937,0,-1.0738427650786138,0.4748853321285456,-0.8140858555730505,1,0,0,0,1,0,1,1,0,0,1,0,0,0,0,0,0,0,0,0,0,0,0,1,0,1,0,0,0,1
938,0,1.3286586944031769,1.438727592224897,2.134957245610703,0,0,1,0,1,0,1,1,0,0,0,0,1,0,1,0,1,0,1,0,1,1,0,1,1,0,0,0,1,0
939,0,-0.7073594915983407,-1.491020519067978,-0.8644027674409828,0,0,0,0,1,0,0,0,1,1,0,1,0,1,0,1,0,1,0,1,0,0,0,0,0,0,1,1,0,2
940,0,-0.3408762181180675,-1.4527991880641573,-0.7712690533215569,0,0,0,1,1,0,0,0,1,1,0,1,0,1,0,1,0,1,0,1,0,1,0,0,0,0,0,1,0,2
941,0,-0.7888002190384014,-1.150352134033923,-0.8371597222165652,0,0,0,1,0,1,0,0,0,0,0,0,1,0,0,0,0,0,0,0,0,0,0,0,0,1,0,1,0,1
942,0,-0.3408762181180675,0.5014740841312035,-0.1229728135641416,0,1,0,0,1,0,0,1,0,0,0,0,0,0,0,0,0,0,0,0,1,0,0,1,1,0,0,1,0,1
943,0,1.6137012404433893,0.0245383450835263,1.1647077709946851,0,0,1,0,0,1,0,0,0,0,1,0,1,0,1,0,1,0,1,0,1,0,1,0,0,0,0,0,1,0
944,0,0.880734693482843,1.307445629211773,1.4850506882003467,0,0,1,1,1,0,1,1,0,0,1,0,1,0,0,0,0,0,1,0,1,0,0,1,0,0,0,0,1,0
945,0,-1.1960038562387048,0.3203382111130964,-0.910572559873943,1,0,0,0,1,0,1,1,0,0,0,0,0,0,0,0,0,0,0,0,0,0,0,0,0,0,0,0,0,1
946,0,-1.1552834925186746,-1.4710789550659844,-0.9715440392264048,0,1,1,1,1,0,0,0,1,1,0,1,0,1,0,1,0,1,0,1,0,0,0,1,0,0,1,0,0,2
947,1,-0.0151133083578247,0.8836873941694119,0.2721285492006706,0,0,1,1,1,0,1,1,0,0,0,0,0,0,1,0,0,0,1,0,0,0,0,1,0,0,1,1,0,1
948,1,0.1070477828022663,1.1396041321949948,0.4923891213187349,1,1,0,0,1,0,1,1,0,0,0,0,0,0,1,0,0,0,1,0,1,0,0,1,0,1,0,1,0,1
949,0,0.1070477828022663,-1.4710789550659844,-0.6707675844612765,0,1,1,1,1,0,0,0,1,1,0,1,0,1,0,1,0,1,0,1,0,0,1,0,0,0,0,1,0,2
950,1,-1.2367242199587352,-0.6584602219847502,-0.9682131081908688,1,1,0,0,1,0,0,0,0,0,0,0,0,0,0,0,0,0,0,0,0,0,0,0,0,0,1,0,0,1
951,0,-0.9924020376385532,0.360221339117083,-0.7695043216471007,0,0,0,0,1,0,0,1,0,0,0,0,1,0,0,0,0,0,0,0,0,0,0,0,0,1,0,0,0,1
952,0,-0.4223169455581282,-0.3211154309510272,-0.4529114592496586,0,1,0,0,1,0,0,0,0,0,1,0,0,0,0,0,1,0,0,0,0,0,0,0,0,0,1,1,0,1
953,0,-0.7073594915983407,-0.1931570619382357,-0.5843839689966455,0,0,0,0,1,0,0,0,0,0,1,0,0,0,1,0,1,0,0,0,0,0,0,0,0,1,0,1,0,1
954,0,-0.4223169455581282,1.0083221691818711,-0.0516776539161112,0,1,0,0,1,0,1,1,0,0,0,0,0,0,0,0,0,0,1,0,1,0,0,1,0,1,0,1,0,1
955,0,-1.2774445836787656,-0.6667692069855808,-0.9860589572488072,1,1,1,0,1,0,0,0,0,0,0,0,0,0,0,0,0,0,0,0,0,0,0,0,1,0,0,0,0,1
956,0,1.5729808767233588,-1.3065610520495383,-0.2057607882420681,0,0,1,1,1,0,1,0,1,1,0,1,0,1,0,1,0,1,0,1,0,0,1,0,0,0,0,0,1,2
957,0,-1.1552834925186746,-0.2662761299455452,-0.8976238412126207,0,1,0,0,1,0,0,0,0,0,1,0,0,0,1,0,0,0,0,0,0,0,0,0,0,1,0,0,0,1
958,0,-0.3001558543980371,0.5646223701375164,-0.110707928426671,0,1,0,0,1,0,1,0,0,0,1,0,1,0,1,0,1,0,0,0,1,0,0,0,0,0,0,1,0,1
959,0,-0.0151133083578247,0.7091987091519689,0.1958921408641627,0,0,1,1,1,0,0,1,0,0,0,0,1,0,0,0,0,0,1,0,0,0,0,1,0,1,0,1,0,1
960,1,-1.0331224013585834,-1.1619847130350858,-0.9085210593023878,0,1,1,0,0,1,0,0,0,0,1,0,0,0,0,0,0,0,0,0,0,0,0,0,0,0,0,0,0,1
961,0,-0.62591876415828,-1.4710789550659844,-0.8443951220818356,0,1,0,0,1,0,0,0,1,1,0,1,0,1,0,1,0,1,0,1,0,1,0,1,0,0,1,1,0,2
962,1,-0.9924020376385532,-0.128346978931757,-0.7622689217818303,0,1,1,0,1,0,0,0,0,0,1,0,0,0,0,0,0,0,1,0,0,0,0,0,0,0,0,0,0,1
963,1,0.9621754209229036,0.2821168801092754,0.782863954934225,0,0,0,0,1,0,1,0,0,0,1,0,0,0,1,0,1,0,0,0,1,0,1,0,0,0,0,0,1,0
964,0,-1.2774445836787656,-0.6335332669822583,-0.985617774330193,1,1,0,0,1,0,0,0,0,0,0,0,0,0,0,0,0,0,0,0,0,0,0,1,0,0,1,0,0,1
965,1,-0.9924020376385532,1.181149057199148,-0.6385612314024508,1,1,0,0,1,0,0,1,0,0,1,0,0,0,0,0,1,0,1,0,1,0,0,0,1,0,0,0,0,1
966,0,-1.0331224013585834,-1.5126238800701377,-0.9562349919504972,1,1,0,0,1,0,0,0,1,1,0,1,0,1,0,1,0,1,0,1,0,0,0,0,0,1,0,0,0,2
967,0,-1.1960038562387048,-1.4594463760648215,-0.9790220896969128,0,1,0,1,1,0,0,0,1,1,0,1,0,1,0,1,0,1,0,1,0,0,0,0,0,0,1,0,0,2
968,0,1.5729808767233588,0.4183842341228973,1.4428294828889825,0,0,0,0,1,0,0,0,0,0,1,0,1,0,1,0,1,0,1,0,0,0,1,0,1,0,0,0,1,0
969,0,-1.2367242199587352,1.0382345151848615,-0.9286610595371192,1,0,0,0,1,0,1,1,0,0,0,0,0,0,0,0,0,0,1,0,1,0,0,1,0,1,0,0,0,1
970,0,-1.2774445836787656,0.8570986421667539,-0.9658307204303528,1,0,0,0,1,0,0,1,0,0,0,0,0,0,0,0,0,0,1,0,1,0,0,0,0,1,0,0,0,1
971,0,0.6771328748826912,0.966777244177718,1.0823830383813036,0,1,1,0,1,0,1,1,0,0,1,0,1,0,0,0,0,0,1,0,0,0,0,1,0,0,0,0,1,0
972,0,1.0436161483629645,0.1774236690988095,0.7805477446115013,0,1,0,0,1,0,0,0,0,0,0,0,1,0,1,0,1,0,1,0,0,0,1,0,0,0,0,0,1,0
973,1,0.4735310562825394,-1.1437049460332582,-0.4059034192713316,1,1,1,0,0,1,0,0,0,0,0,0,1,0,0,0,0,0,0,0,0,0,0,1,0,1,0,1,0,1
974,0,1.0843365120829946,0.3718539181182462,0.9982273966556736,0,0,1,1,1,0,0,0,0,0,0,0,1,0,0,0,1,0,1,0,1,0,1,1,1,0,0,0,1,0
975,0,1.5729808767233588,1.438727592224897,2.317276086727959,1,1,0,0,1,0,1,1,0,0,1,0,0,0,1,0,1,0,1,0,1,0,1,1,0,1,0,0,1,0
976,0,-1.2774445836787656,0.1707764810981453,-0.974941147699733,1,1,0,0,1,0,0,1,0,0,0,0,0,0,0,0,0,0,0,0,0,0,0,1,0,1,0,0,0,1
977,0,-0.8702409464784621,0.3485887601159204,-0.6137226330844797,0,0,0,0,1,0,1,1,0,0,0,0,0,0,0,0,0,0,0,0,0,0,0,0,0,1,0,0,0,1
978,1,1.2064976032430856,1.2958130502106109,1.8104451498241392,1,1,1,0,1,0,1,1,0,0,0,0,1,0,1,0,0,0,1,0,1,1,0,1,0,1,0,0,1,0
979,0,0.1070477828022663,-0.3261008219515255,-0.1604733616463358,0,0,1,1,1,0,0,0,0,0,1,0,0,0,0,0,1,0,0,0,0,1,0,1,0,0,0,1,0,1
980,0,-0.5037576729981889,-1.504314895069307,-0.8235712883232525,0,0,0,0,1,0,0,0,1,1,0,1,0,1,0,1,0,1,0,1,0,0,0,1,0,0,0,1,0,2
981,0,0.3106496014024181,-1.5009913010689746,-0.6488849116980195,0,1,1,1,1,0,0,0,1,1,0,1,0,1,0,1,0,1,0,1,0,0,1,0,0,0,1,1,0,2
982,0,0.2699292376823877,-0.562075995975115,-0.1735323760373117,0,0,0,0,1,0,0,0,0,0,1,0,0,0,0,0,0,0,0,0,0,1,0,1,0,1,0,1,0,1
983,0,-1.2774445836787656,0.7258166791536301,-0.9675733929588785,1,1,0,0,1,0,1,1,0,0,0,0,0,0,0,0,0,0,0,0,1,0,0,1,0,1,0,0,0,1
984,0,1.6137012404433893,-1.3630621500551865,-0.2649234176282121,0,0,1,1,1,0,1,0,1,1,0,1,0,1,0,1,0,1,0,1,0,0,1,0,0,0,0,0,1,2
985,1,0.0256070553622056,0.5264010391336954,0.1662225895873679,1,0,1,0,1,0,1,1,0,0,0,0,1,0,0,0,0,0,0,0,0,0,0,1,0,0,0,1,0,1
986,0,-0.8295205827584317,-0.6966815529885713,-0.7671219338865848,0,0,0,0,1,0,0,0,0,0,0,0,0,0,0,0,0,0,0,0,0,0,0,0,0,0,0,0,0,1
987,0,-1.2774445836787656,-1.4960059100684764,-0.9970664710682277,0,1,0,0,1,0,0,0,1,1,0,1,0,1,0,1,0,1,0,1,0,0,0,0,0,0,0,0,0,2
988,0,-0.2187151269579764,-1.51594747407047,-0.7687101923935955,0,1,0,1,1,0,0,0,1,1,0,1,0,1,0,1,0,1,0,1,0,0,0,0,0,0,1,1,0,2
989,0,0.0663274190822359,-1.5009913010689746,-0.7063048685556381,0,1,1,1,1,0,0,0,1,1,0,1,0,1,0,1,0,1,0,1,0,1,0,0,1,0,0,1,0,2
990,0,0.9621754209229036,0.5164302571326987,0.98556544689145,0,0,1,0,1,0,0,1,0,0,1,0,0,0,1,0,0,0,0,0,0,0,1,0,0,0,0,0,1,0
991,0,1.0436161483629645,-1.343120586053193,-0.3776015350422404,0,0,0,0,1,0,1,0,1,1,0,1,0,1,0,1,0,1,0,1,0,0,1,0,1,0,0,0,1,2
992,0,-0.4223169455581282,-1.3132082400502028,-0.7607468407126118,0,0,1,1,1,0,1,0,1,1,0,1,0,1,0,1,0,1,0,1,0,0,1,0,1,0,0,1,0,2
993,0,-0.9109613101984924,-1.2849576910473786,-0.906271026417456,0,0,1,1,1,0,1,0,1,1,0,1,0,1,0,1,0,1,0,1,0,0,1,0,1,0,0,0,0,2
994,0,-0.7888002190384014,-1.4876969250676455,-0.8873442792089133,0,1,0,0,1,0,0,0,1,1,0,1,0,1,0,1,0,1,0,1,0,0,1,0,1,0,0,1,0,2
995,0,0.1070477828022663,0.682609957149311,0.2813713313456348,1,0,0,0,1,0,1,1,0,0,0,0,1,0,0,0,1,0,0,0,0,0,0,0,1,0,0,1,0,1
996,0,0.0663274190822359,0.1741000750984774,0.0601622159525503,1,0,0,0,1,0,0,1,0,0,0,0,0,0,0,0,0,0,0,0,0,0,0,1,1,0,0,1,0,1
997,1,-1.1552834925186746,0.9817334171792133,-0.8185197439051216,1,0,0,0,1,0,1,1,0,0,0,0,0,0,0,0,0,0,1,0,1,0,0,1,0,1,0,0,0,1
998,0,1.6137012404433893,-1.46443176706532,-0.3474908008468315,0,1,1,0,1,0,0,0,1,1,0,1,0,1,0,1,0,1,0,1,0,0,1,0,0,0,0,0,1,2
999,0,-1.2367242199587352,0.184070857099474,-0.9473672152863548,0,1,0,0,1,0,0,0,0,0,0,0,0,0,0,0,1,0,1,0,1,0,0,0,0,1,0,0,0,1
1000,0,-1.0331224013585834,1.0166311541827018,-0.7142020427988296,1,0,0,0,1,0,0,1,0,0,0,0,0,0,1,0,0,0,1,0,1,0,0,1,0,1,0,0,0,1
1001,1,-0.2187151269579764,0.356897745116751,-0.1702014450017756,1,1,1,0,1,0,1,1,0,0,0,0,0,0,0,0,0,0,0,0,0,0,0,1,0,1,0,1,0,1
1002,0,-1.1552834925186746,0.1591439020969822,-0.8800868201977122,0,1,1,1,1,0,0,1,0,0,0,0,0,0,0,0,0,0,0,0,0,0,0,1,0,0,1,0,0,1
1003,0,0.188488510242327,-1.4926823160681442,-0.6597821297877866,0,0,0,0,1,0,0,0,1,1,0,1,0,1,0,1,0,1,0,1,0,0,1,0,0,0,1,1,0,2
1004,0,-0.4630373092781585,-1.4876969250676455,-0.8214977286057664,0,1,0,0,1,0,0,0,1,1,0,1,0,1,0,1,0,1,0,1,0,0,0,0,0,0,1,1,0,2
1005,1,0.8400143297628127,1.0332491241843629,1.2073039817868716,0,0,1,0,1,0,1,1,0,0,0,0,0,0,0,0,0,0,1,0,1,1,0,1,1,0,0,0,1,0
1006,0,-0.5851984004382496,0.8421424691652587,-0.2942620817160464,1,0,0,0,1,0,1,1,0,0,0,0,0,0,0,0,1,0,0,0,1,0,0,1,0,1,0,1,0,1
1007,0,-1.2367242199587352,0.1392023380949889,-0.9529481792068226,1,0,0,0,1,0,0,1,0,0,0,0,0,0,0,0,0,0,0,0,0,0,0,0,0,1,0,0,0,1
1008,0,-0.0151133083578247,1.156222102196656,0.4080570064256593,1,1,1,1,1,0,1,1,0,0,1,0,0,0,0,0,0,0,1,0,1,0,0,1,1,0,0,1,0,1
1009,1,-0.3815965818380978,-1.462769970065154,-0.7917178815993181,0,1,1,0,1,0,0,0,1,1,0,1,0,1,0,1,0,1,0,1,0,1,0,1,0,1,0,1,0,2
1010,0,-1.1960038562387048,-0.4856333339674735,-0.9348155612517852,0,1,0,0,1,0,0,0,0,0,1,0,0,0,0,0,0,0,0,0,0,0,0,1,0,0,1,0,0,1
1011,0,1.5729808767233588,-0.2031278439392325,0.8230336596740344,0,0,1,1,0,1,0,0,0,0,1,0,1,0,0,0,1,0,1,0,1,0,1,0,0,0,1,0,1,0
1012,0,-0.9516816739185228,1.034910921184529,-0.6407230277036596,0,1,0,0,1,0,0,1,0,0,0,0,0,0,0,0,1,0,1,0,1,0,0,1,0,0,0,0,0,1
1013,0,-1.2774445836787656,-0.5072366949696331,-0.9839412792394596,0,0,0,0,1,0,0,0,0,0,0,0,1,0,0,0,0,0,0,0,0,0,0,0,0,1,0,0,0,1
1014,0,-0.5851984004382496,-0.2430109719432193,-0.568633738802124,1,1,1,1,1,0,0,0,0,0,0,0,0,0,1,0,0,0,0,0,1,0,0,0,0,1,0,1,0,1
1015,0,-0.8295205827584317,-0.3693075439558449,-0.6985621083339616,1,1,1,1,1,0,0,0,0,0,0,0,0,0,0,0,0,0,0,0,1,1,0,0,1,0,0,0,0,1
1016,0,1.5729808767233588,0.5097830691320341,1.4584032399160578,0,1,1,0,1,0,1,0,0,0,1,0,1,0,1,0,1,0,0,0,1,0,1,1,0,0,1,0,1,0
1017,0,1.2879383306831464,-1.341458789053027,-0.2993577444260387,0,0,0,0,1,0,1,0,1,1,0,1,0,1,0,1,0,1,0,1,0,1,0,1,0,0,0,0,1,2
1018,0,-1.1552834925186746,-0.8213163280010305,-0.9341096685820028,0,1,0,0,0,1,0,0,0,0,0,0,0,0,0,0,1,0,0,0,1,0,0,1,0,1,0,0,0,1
1019,0,-0.3815965818380978,-1.504314895069307,-0.7983356253785289,0,0,0,0,1,0,0,0,1,1,0,1,0,1,0,1,0,1,0,1,0,0,0,1,0,0,1,1,0,2
1020,0,0.2699292376823877,-0.4557209879644833,-0.0942959238542284,0,0,1,1,1,0,0,0,0,0,1,0,0,0,0,0,0,0,0,0,0,0,0,0,1,0,0,1,0,1
1021,0,-0.1779947632379461,-0.346042385953519,-0.3764544594538438,0,1,1,0,1,0,0,0,0,0,1,0,0,0,0,0,1,0,0,0,0,1,0,0,0,0,1,1,0,1
1022,1,-1.1145631287986442,0.6626683931473177,-0.8326155381548406,0,0,0,0,1,0,0,1,0,0,0,0,1,0,0,0,0,0,1,0,0,0,0,1,0,1,0,0,0,1
1023,1,0.5142514200025698,0.7091987091519689,0.6978259473713669,0,0,1,0,1,0,0,1,0,0,0,0,0,0,1,0,0,0,0,0,1,0,0,1,0,1,0,1,0,0
1024,0,0.188488510242327,0.1857326540996401,0.1205160392189524,0,1,0,0,1,0,0,1,0,0,0,0,0,0,0,0,0,0,0,0,0,0,0,1,0,0,1,1,0,1
1025,1,1.125056875803025,1.503537675231376,1.9361822816291432,0,0,1,0,1,0,0,1,0,0,1,0,1,0,1,0,1,0,1,0,1,0,1,1,0,0,0,0,1,0
1026,1,-0.9924020376385532,1.1911198392001443,-0.6442745501985027,1,1,0,0,1,0,1,1,0,0,0,0,0,0,1,0,0,0,1,0,1,0,0,1,0,1,0,0,0,1
1027,0,0.5956921474426305,1.001674981181207,1.0303896314226375,0,0,0,0,1,0,1,1,0,0,1,0,0,0,1,0,0,0,1,0,0,1,0,0,1,0,0,1,0,0
1028,0,-0.2594354906780068,0.6310942501441613,-0.0922664824286038,1,1,1,1,1,0,1,1,0,0,0,0,0,0,0,0,0,0,1,0,0,0,0,1,0,1,0,1,0,1
1029,1,-1.1960038562387048,0.7823177771592784,-0.8850060097402589,1,0,1,1,1,0,0,1,0,0,1,0,0,0,0,0,1,0,1,0,0,0,0,1,0,0,1,0,0,1
1030,0,0.7178532386027215,0.1657910900976468,0.5638166358423494,0,0,1,1,1,0,0,1,0,0,0,0,0,0,0,0,0,0,0,0,0,0,0,1,0,0,0,0,1,0
1031,0,-0.2187151269579764,0.2272775791037931,-0.1423407436912984,0,1,1,1,1,0,1,0,0,0,0,0,0,0,0,0,1,0,1,0,1,0,0,0,0,0,0,1,0,1
1032,1,-0.9924020376385532,0.9086143491719036,-0.6837383622685295,1,0,0,0,1,0,0,1,0,0,0,0,0,0,1,0,0,0,1,0,1,0,0,1,0,1,0,0,0,1
1033,0,1.2064976032430856,-1.3663857440555187,-0.3807339337644002,0,0,1,0,1,0,1,0,1,1,0,1,0,1,0,1,0,1,0,1,0,0,1,0,0,0,0,0,1,2
1034,0,1.5729808767233588,0.5679459641378485,1.6079642493262207,0,0,1,0,1,0,0,0,0,0,1,0,0,0,1,0,1,0,1,0,1,0,1,0,0,0,0,0,1,0
1035,0,1.369379058123207,-1.3181936310507012,-0.2567835927797828,0,1,0,0,1,0,1,0,1,1,0,1,0,1,0,1,0,1,0,1,0,0,1,0,0,0,1,0,1,2
1036,0,1.4508197855632678,1.6597465932469917,2.457439899971643,0,1,1,1,1,0,1,1,0,0,1,0,1,0,1,0,1,0,1,0,1,0,1,1,0,0,0,0,1,0
1037,0,-0.7888002190384014,-0.518869273970796,-0.7192756463628911,0,0,0,0,0,1,0,0,0,0,0,0,0,0,1,0,0,0,1,0,1,0,0,0,0,1,0,1,0,1
1038,0,0.9621754209229036,0.5363718211346925,1.0049113178726763,0,1,1,0,1,0,0,1,0,0,0,0,0,0,0,0,0,0,0,0,1,1,0,1,0,1,0,0,1,0
1039,0,0.2292088739623573,0.4881797081298748,0.3235263592192074,1,1,1,0,1,0,0,1,0,0,1,0,1,0,0,0,0,0,0,0,0,0,0,1,0,1,0,1,0,1
1040,1,-0.748079855318371,0.8537750481664219,-0.4471981404536068,1,1,0,0,1,0,0,1,0,0,0,0,0,0,0,0,0,0,1,0,1,0,0,0,1,0,0,1,0,1
1041,0,-0.6666391278783103,-1.5109620830699717,-0.8467995689882822,0,0,0,1,1,0,0,0,1,1,0,1,0,1,0,1,0,1,0,1,0,1,0,1,0,0,0,1,0,2
1042,0,-0.748079855318371,0.180747263099142,-0.544081909381252,0,0,1,1,1,0,0,1,0,0,0,0,0,0,0,0,0,0,0,0,0,0,0,0,0,1,0,1,0,1
1043,0,-0.0151133083578247,0.1657910900976468,0.0300735409030722,1,1,1,1,1,0,0,1,0,0,0,0,0,0,0,0,0,0,0,0,0,0,0,1,0,0,0,1,0,1
1044,0,-0.9924020376385532,-0.3493659799538514,-0.8082401819014143,0,0,0,0,1,0,0,0,0,0,1,0,0,0,0,0,1,0,0,0,0,1,0,0,0,0,0,0,0,1
1045,0,0.4328106925625091,1.1479131171958254,0.8515781945083633,0,0,1,1,1,0,1,1,0,0,0,0,0,0,1,0,0,0,1,0,1,0,0,1,0,0,0,1,0,0
1046,0,0.7992939660427822,0.3070438351117673,0.7049731106529147,0,0,0,0,1,0,1,0,0,0,1,0,0,0,1,0,1,0,1,0,0,1,0,0,1,0,0,0,1,0
1047,0,-1.1960038562387048,-0.4823097399671412,-0.9385876752059352,0,1,0,0,1,0,0,0,0,0,0,0,0,0,0,0,1,0,0,0,0,0,0,1,0,0,1,0,0,1
1048,0,-0.1372743995179157,-1.4943441130683104,-0.7533349676798958,0,1,0,0,1,0,0,0,1,1,0,1,0,1,0,1,0,1,0,1,0,1,0,1,0,0,1,1,0,2
1049,0,-1.2774445836787656,-1.4993295040688086,-0.9971105893600888,1,0,0,0,1,0,0,0,1,1,0,1,0,1,0,1,0,1,0,1,0,0,0,0,0,0,1,0,0,2
1050,1,-0.8295205827584317,-0.7016669439890695,-0.7732984947471815,1,1,0,0,0,1,0,0,0,0,0,0,0,0,1,0,1,0,0,0,1,0,0,1,0,1,0,0,0,1
1051,0,-0.6666391278783103,-0.9725398550161476,-0.7619380345928698,0,0,1,1,0,1,0,0,0,0,0,0,0,0,0,0,0,0,0,0,1,0,0,1,1,0,0,1,0,1
1052,0,0.3106496014024181,0.531386430134194,0.4098217381001154,0,0,0,0,1,0,1,0,0,0,0,0,0,0,1,0,1,0,1,0,1,1,0,1,0,0,1,1,0,1
1053,0,-1.1145631287986442,-0.8395960950028577,-0.912800533612944,1,0,0,0,0,1,0,0,0,0,0,0,0,0,1,0,0,0,0,0,1,0,0,0,0,1,0,0,0,1
1054,0,0.3106496014024181,1.074794049188516,0.6296631864454963,1,1,1,0,1,0,1,1,0,0,0,0,0,0,0,0,0,0,1,0,1,0,0,1,0,0,0,1,0,0
1055,0,0.1477681465222966,-1.502653098069141,-0.7319155369811837,0,0,0,0,1,0,0,0,1,1,0,1,0,1,0,1,0,1,0,1,0,1,0,0,0,0,1,1,0,2
1056,0,-1.1145631287986442,0.5064594751317021,-0.8237918797825595,1,0,0,0,1,0,0,1,0,0,0,0,0,0,0,0,0,0,0,0,1,0,0,1,0,1,0,0,0,1
1057,0,-0.9109613101984924,0.6626683931473177,-0.638693586278035,1,0,0,0,1,0,0,1,0,0,1,0,0,0,0,0,0,0,1,0,0,0,0,1,0,0,1,0,0,1
1058,0,-1.2367242199587352,0.8238627021634315,-0.923918343162018,1,1,1,1,1,0,0,1,0,0,0,0,0,0,0,0,0,0,1,0,1,0,0,1,0,0,0,0,0,1
1059,0,-0.3815965818380978,0.85876043916692,-0.1484731862600337,1,1,0,0,1,0,1,1,0,0,0,0,0,0,0,0,1,0,1,0,0,0,0,1,0,1,0,1,0,1
1060,0,-0.2594354906780068,-1.4860351280674795,-0.7825853951840073,0,1,1,1,1,0,0,0,1,1,0,1,0,1,0,1,0,1,0,1,0,1,0,1,0,0,0,1,0,2
1061,1,1.6137012404433893,1.58330393123935,2.544352934938611,0,0,1,0,1,0,1,1,0,0,1,0,1,0,1,0,0,0,1,0,1,0,1,1,0,1,0,0,1,0
1062,0,0.0663274190822359,-0.4839715369673072,-0.2049004815507706,0,0,1,0,1,0,0,0,0,0,0,0,0,0,0,0,1,0,0,0,0,0,0,0,0,0,0,1,0,1
1063,0,-0.9109613101984924,-0.0834784599272716,-0.7353567637463733,0,1,0,0,1,0,0,0,0,0,1,0,0,0,0,0,1,0,1,0,0,0,0,0,0,0,0,0,0,1
1064,0,-0.748079855318371,-0.3011738669490337,-0.6549732359748934,0,0,0,0,1,0,0,0,0,0,1,0,0,0,0,0,1,0,0,0,0,1,0,0,0,0,1,1,0,1
1065,0,-0.3815965818380978,0.8404806721650927,-0.0485011369020899,1,0,0,0,1,0,1,1,0,0,1,0,0,0,0,0,0,0,1,0,0,0,0,1,0,0,0,1,0,1
1066,0,0.5956921474426305,-1.4993295040688086,-0.5764647356075233,0,1,1,0,1,0,0,0,1,1,0,1,0,1,0,1,0,1,0,1,0,0,1,0,0,0,1,1,0,2
1067,0,-0.3408762181180675,0.8138919201624348,-0.0306773469900825,0,1,1,0,1,0,0,1,0,0,1,0,0,0,0,0,1,0,0,0,1,0,0,1,0,1,0,1,0,1
1068,0,0.6771328748826912,1.1396041321949948,1.1356117575120883,1,1,1,0,1,0,1,1,0,0,0,0,1,0,0,0,0,0,1,0,1,0,0,1,0,0,0,0,1,0
1069,1,-0.5037576729981889,-0.357674964954682,-0.53993478994628,0,1,0,0,1,0,0,0,0,0,1,0,0,0,0,0,1,0,0,0,0,1,0,0,0,0,1,1,0,1
1070,0,-1.2367242199587352,0.1657910900976468,-0.942006842825194,1,0,0,0,1,0,0,1,0,0,0,0,0,0,0,0,0,0,0,0,0,0,0,0,0,0,0,0,0,1
1071,0,-1.2367242199587352,-0.5221928679711283,-0.9655880698251152,1,0,0,0,1,0,0,0,0,0,0,0,1,0,0,0,0,0,0,0,0,0,0,1,1,0,0,0,0,1
1072,0,-0.4223169455581282,-0.2662761299455452,-0.4301023023573123,0,1,0,0,0,1,0,0,0,0,0,0,0,0,1,0,1,0,1,0,1,0,1,0,0,0,0,1,0,1
1073,0,-1.0331224013585834,1.1063681921916724,-0.6912164127390376,1,1,0,0,1,0,1,1,0,0,0,0,0,0,1,0,0,0,1,0,1,0,0,1,0,0,0,0,0,1
1074,0,-1.2774445836787656,-1.451137391063991,-0.9964708741280986,0,1,0,0,1,0,0,0,1,1,0,1,0,1,0,1,0,1,0,1,0,0,0,0,0,0,1,0,0,2
1075,0,1.0843365120829946,1.0598378761870213,1.4563737984904337,0,0,1,1,1,0,1,1,0,0,0,0,1,0,0,0,1,0,0,0,1,0,0,1,0,0,0,0,1,0
1076,0,1.0436161483629645,-1.3381351950526947,-0.34493193991887,0,0,1,1,1,0,1,0,1,1,0,1,0,1,0,1,0,1,0,1,0,1,0,1,1,0,0,0,1,2
1077,0,0.3513699651224484,1.653099405246327,0.991653771168324,1,0,0,0,1,0,1,1,0,0,1,0,1,0,1,0,1,0,1,0,1,0,0,1,0,0,0,1,0,0
1078,1,1.0843365120829946,0.4798707231290441,1.019404176749148,0,0,0,0,1,0,1,1,0,0,0,0,1,0,0,0,0,0,0,0,0,0,1,1,1,0,0,0,1,0
1079,0,-1.1960038562387048,0.1591439020969822,-0.9174550134043225,0,0,1,1,1,0,0,1,0,0,0,0,0,0,0,0,0,0,0,0,0,0,0,1,0,1,0,0,0,1
1080,0,-0.0151133083578247,-1.4860351280674795,-0.7346949893684522,0,1,0,0,1,0,0,0,1,1,0,1,0,1,0,1,0,1,0,1,0,0,1,1,0,0,0,1,0,2
1081,1,0.5549717837226001,1.1329569441943304,1.0081760714704202,0,1,1,0,1,0,1,1,0,0,0,0,0,0,1,0,0,0,1,0,1,0,0,1,0,1,0,1,0,0
1082,0,-1.318164947398796,-1.2965902700485417,-1.005779833710855,0,1,1,1,1,0,1,0,1,1,0,1,0,1,0,1,0,1,0,1,0,0,1,0,0,0,1,0,0,2
1083,0,-1.2367242199587352,0.5380336181348585,-0.9302713771900604,1,1,0,0,1,0,0,1,0,0,0,0,0,0,0,0,0,0,0,0,1,0,0,1,0,1,0,0,0,1
1084,0,0.7992939660427822,-1.5009913010689746,-0.5591262469059911,0,0,1,1,1,0,0,0,1,1,0,1,0,1,0,1,0,1,0,1,0,1,0,0,1,0,0,0,1,2
1085,1,-0.7888002190384014,0.3170146171127639,-0.5909134761921334,1,0,0,0,1,0,0,1,0,0,0,0,0,0,1,0,0,0,0,0,0,0,0,1,0,1,0,1,0,1
1086,1,-0.8702409464784621,0.82884809316393,-0.5435524898789151,1,0,0,0,1,0,0,1,0,0,0,0,0,0,0,0,0,0,1,0,1,0,0,0,0,0,0,0,0,1
1087,0,-0.0151133083578247,0.7607144161571191,0.214708592343052,0,1,0,0,1,0,1,1,0,0,1,0,0,0,0,0,1,0,0,0,0,0,0,0,0,0,0,1,0,1
1088,1,-0.62591876415828,1.1861344481996463,-0.2899826074054901,1,1,1,0,1,0,1,1,0,0,0,0,0,0,1,0,0,0,1,0,1,0,0,1,1,0,0,1,0,1
1089,0,-0.6666391278783103,0.3319707901142591,-0.5075299045740781,0,0,0,0,1,0,1,1,0,0,0,0,0,0,0,0,0,0,0,0,0,0,0,1,1,0,0,1,0,1
1090,0,0.758573602322752,1.4187860282229037,1.5005362086436995,0,0,0,0,1,0,1,1,0,0,1,0,1,0,1,0,0,0,1,0,1,1,0,0,0,0,0,0,1,0
1091,0,-0.1372743995179157,0.3519123541162524,-0.0158094826327889,0,1,0,0,1,0,0,0,0,0,0,0,0,0,1,0,1,0,1,0,1,1,0,1,0,0,0,1,0,1
1092,0,1.5322605130033284,0.006258578081699,0.9898008029101452,0,1,1,0,1,0,0,0,0,0,1,0,1,0,1,0,1,0,0,0,0,0,1,0,1,0,0,0,1,0
1093,0,1.5729808767233588,1.1861344481996463,2.1529575086901565,0,0,1,1,1,0,1,1,0,0,1,0,0,0,1,0,1,0,0,0,1,0,1,0,0,1,0,0,1,0
1094,0,0.3513699651224484,0.1242461650934937,0.2471575960071152,0,1,1,1,1,0,1,0,0,0,0,0,1,0,1,0,0,0,1,0,0,1,0,0,0,0,0,1,0,1
1095,0,-1.2774445836787656,0.5247392421335293,-0.9702425496164933,0,1,0,0,1,0,0,1,0,0,0,0,0,0,0,0,0,0,1,0,0,0,0,1,0,1,0,0,0,1
1096,0,-1.0331224013585834,0.5480044001358552,-0.7498496226228448,0,0,1,0,1,0,0,0,0,0,1,0,0,0,1,0,1,0,1,0,1,0,0,0,0,0,0,0,0,1
1097,0,-0.3001558543980371,0.8521132511662559,-0.0446187272182864,1,1,1,1,1,0,0,1,0,0,0,0,0,0,0,0,0,0,1,0,1,1,0,1,0,1,0,1,0,1
1098,0,1.4100994218432374,0.8238627021634315,1.6583252794860146,0,1,1,1,1,0,1,1,0,0,1,0,1,0,0,0,1,0,0,0,0,1,0,0,0,1,0,0,1,0
1099,0,-1.1145631287986442,-0.3011738669490337,-0.8913369846223705,0,1,1,1,1,0,1,0,0,0,0,0,0,0,0,0,1,0,0,0,0,0,0,1,0,0,1,0,0,1
1100,0,-0.7073594915983407,-1.328164413051698,-0.8627703906421108,0,1,0,1,1,0,1,0,1,1,0,1,0,1,0,1,0,1,0,1,0,0,0,1,0,1,0,1,0,2
1101,0,-0.5037576729981889,-1.4876969250676455,-0.8215197877516971,0,0,1,1,1,0,0,0,1,1,0,1,0,1,0,1,0,1,0,1,0,0,0,0,0,1,0,1,0,2
1102,0,-1.1960038562387048,-0.2862176939475387,-0.9315949259459024,1,1,1,1,1,0,0,0,0,0,0,0,1,0,1,0,0,0,0,0,0,0,0,1,0,0,1,0,0,1
1103,0,0.880734693482843,1.3440051632154282,1.481543283997365,0,1,1,1,1,0,1,1,0,0,0,0,1,0,0,0,1,0,1,0,1,1,0,1,0,1,0,0,1,0
1104,0,0.3920903288424788,-1.502653098069141,-0.6354508918262217,0,1,0,0,1,0,0,0,1,1,0,1,0,1,0,1,0,1,0,1,0,1,0,1,0,0,1,1,0,2
1105,0,-0.9516816739185228,0.4981504901308714,-0.6664660510047895,0,0,1,0,1,0,0,1,0,0,0,0,0,0,0,0,0,0,0,0,1,0,0,1,0,1,0,0,0,1
1106,0,1.247217966963116,1.086426628189679,1.7529369563827977,0,0,0,0,1,0,1,1,0,0,0,0,1,0,0,0,0,0,1,0,1,0,1,0,0,0,0,0,1,0
1107,0,1.4915401492832985,-1.3464441800535252,-0.2814457179303083,0,0,1,0,1,0,1,0,1,1,0,1,0,1,0,1,0,1,0,1,0,0,1,0,0,0,0,0,1,2
1108,0,1.4915401492832985,-1.3348116010523623,-0.265452837130549,0,0,0,0,1,0,1,0,1,1,0,1,0,1,0,1,0,1,0,1,0,0,1,0,1,0,0,0,1,2
1109,0,0.3106496014024181,-0.4856333339674735,-0.0976047957438337,0,1,1,0,1,0,0,0,0,0,0,0,1,0,0,0,0,0,0,0,0,0,0,1,0,0,1,1,0,1
1110,0,1.125056875803025,-0.8362725010025254,0.0638681524689084,0,1,0,0,0,1,0,0,0,0,1,0,1,0,1,0,0,0,0,0,0,0,1,0,0,0,0,0,1,0
1111,0,-1.1552834925186746,0.9850570111795456,-0.834953807623495,1,0,0,0,1,0,0,1,0,0,1,0,0,0,1,0,1,0,0,0,1,0,0,1,0,0,0,0,0,1
1112,1,1.5729808767233588,0.8338334841644282,1.7707828054407355,0,0,0,0,1,0,1,0,0,0,1,0,1,0,1,0,1,0,1,0,1,0,1,0,0,0,1,0,1,0
1113,0,0.188488510242327,0.4715617381282135,0.2470252411315311,1,0,1,0,1,0,1,1,0,0,0,0,0,0,1,0,0,0,0,0,0,0,0,1,1,0,0,1,0,1
1114,0,-0.0151133083578247,1.1329569441943304,0.3821375099570838,0,1,1,0,1,0,1,1,0,0,0,0,1,0,0,0,0,0,1,0,1,0,0,1,1,0,0,1,0,1
1115,0,0.2699292376823877,-0.3626603559551803,-0.034868584716916,0,1,0,0,1,0,1,0,0,0,0,0,0,0,0,0,1,0,0,0,0,0,1,1,1,0,0,1,0,1
1116,0,0.2292088739623573,-1.3464441800535252,-0.6023621729301679,0,0,0,0,1,0,1,0,1,1,0,1,0,1,0,1,0,1,0,1,0,1,0,1,0,1,0,1,0,2
1117,0,0.7992939660427822,0.8205391081630994,1.013845271974611,0,1,0,0,1,0,1,1,0,0,0,0,0,0,1,0,0,0,0,0,1,0,1,1,1,0,0,0,1,0
1118,0,0.6364125111626608,1.3456669602155942,1.199031802062858,0,0,1,1,1,0,1,1,0,0,1,0,1,0,0,0,0,0,1,0,1,0,0,1,1,0,0,1,0,0
1119,0,1.5322605130033284,-0.1748772949364084,0.8228351273606581,0,1,1,1,0,1,0,0,0,0,1,0,0,0,1,0,1,0,1,0,1,0,1,0,0,0,0,0,1,0
1120,0,-0.5037576729981889,0.1923798421003046,-0.3468510856148412,0,1,0,0,1,0,0,1,0,0,0,0,0,0,0,0,0,0,0,0,0,0,0,0,1,0,0,1,0,1
1121,0,0.7178532386027215,0.5895493251400082,0.8379677014691201,0,0,0,0,1,0,1,0,0,0,1,0,0,0,1,0,1,0,1,0,1,1,0,1,1,0,0,0,1,0
1122,0,-0.5444780367182193,-0.6617838159850825,-0.611560836783271,1,0,0,0,0,1,0,0,0,0,0,0,0,0,0,0,0,0,1,0,1,1,0,1,1,0,0,1,0,1
1123,0,-0.3001558543980371,-0.1050818209294312,-0.295034151823621,0,1,1,1,1,0,0,0,0,0,1,0,1,0,1,0,0,0,0,0,0,1,0,1,0,0,0,1,0,1
1124,0,-0.8295205827584317,-0.5221928679711283,-0.7441363038267929,0,1,0,0,1,0,0,0,0,0,0,0,1,0,0,0,0,0,0,0,0,0,0,1,0,0,0,0,0,1
1125,1,0.2699292376823877,1.3589613362169235,0.884600735966625,1,1,1,0,1,0,1,1,0,0,0,0,1,0,1,0,0,0,1,0,1,0,0,1,0,1,0,1,0,0
1126,0,-1.0331224013585834,0.328647196113927,-0.7655336753795743,1,1,0,0,1,0,0,1,0,0,0,0,0,0,1,0,0,0,0,0,0,0,0,0,0,0,1,0,0,1
1127,0,-0.3815965818380978,0.0494653000860181,-0.3290934731406256,0,0,1,1,1,0,0,0,0,0,1,0,1,0,1,0,1,0,0,0,0,1,0,1,0,0,1,1,0,1
1128,0,-0.2187151269579764,-1.5076384890696393,-0.7720411234291316,0,1,0,0,1,0,0,0,1,1,0,1,0,1,0,1,0,1,0,1,0,0,0,1,0,1,0,1,0,2
1129,1,0.5956921474426305,0.7075369121518029,0.6996568564836153,0,1,0,0,1,0,1,1,0,0,0,0,0,0,0,0,0,0,1,0,0,0,0,1,1,0,0,1,0,0
1130,0,-0.2594354906780068,-1.51594747407047,-0.7782397434356589,0,1,1,1,1,0,0,0,1,1,0,1,0,1,0,1,0,1,0,1,0,0,1,1,1,0,0,1,0,2
1131,0,-0.748079855318371,-0.0020504069191315,-0.5906267072950343,1,0,1,0,1,0,1,0,0,0,1,0,0,0,0,0,0,0,1,0,0,0,0,1,0,0,0,1,0,1
1132,1,-0.8702409464784621,1.305783832211607,-0.5056328180240376,1,0,1,0,1,0,1,1,0,0,0,0,0,0,1,0,1,0,1,0,1,0,0,1,0,0,0,0,0,1
1133,0,-1.2367242199587352,-1.5126238800701377,-0.9844486395958658,0,1,0,1,1,0,0,0,1,1,0,1,0,1,0,1,0,1,0,1,0,0,0,0,0,0,1,0,0,2
1134,0,-0.2594354906780068,0.5712695581381809,-0.0925091330338414,0,0,1,1,1,0,0,1,0,0,1,0,1,0,0,0,0,0,0,0,0,0,0,0,0,1,0,1,0,1
1135,1,1.6137012404433893,1.6580847962468257,2.6710165508727046,0,0,1,0,1,0,1,1,0,0,1,0,1,0,1,0,1,0,1,0,1,0,1,1,0,0,0,0,1,0
1136,0,1.247217966963116,-1.4876969250676455,-0.4722793893768154,0,0,1,1,1,0,0,0,1,1,0,1,0,1,0,1,0,1,0,1,0,0,1,0,1,0,0,0,1,2
1137,0,1.5729808767233588,-1.4943441130683104,-0.3897781835959881,0,1,1,1,1,0,0,0,1,1,0,1,0,1,0,1,0,1,0,1,0,0,1,0,0,0,1,0,1,2
1138,0,-0.8702409464784621,0.0129057660823636,-0.6866501695313822,0,1,1,1,1,0,1,0,0,0,1,0,0,0,0,0,0,0,1,0,0,0,0,1,0,0,0,0,0,1
1139,1,-0.748079855318371,-1.4993295040688086,-0.9049033593697524,0,1,1,0,1,0,0,0,1,1,0,1,0,1,0,1,0,1,0,1,0,1,0,0,0,0,1,1,0,2
1140,0,-0.7888002190384014,0.8039211381614382,-0.4932355780109828,0,0,0,1,1,0,1,0,0,0,1,0,1,0,1,0,1,0,1,0,1,0,1,0,1,0,0,1,0,1
1141,0,-1.0738427650786138,-1.481049737066981,-0.9623894936651632,0,1,0,1,1,0,0,0,1,1,0,1,0,1,0,1,0,1,0,1,0,0,0,1,0,0,1,0,0,2
1142,1,-0.8702409464784621,0.3469269631157543,-0.6637307169093823,0,1,1,1,1,0,1,1,0,0,0,0,0,0,0,0,0,0,0,0,0,0,0,1,1,0,0,0,0,1
1143,0,-0.5851984004382496,-0.2646143329453791,-0.5316626102222665,0,1,1,0,1,0,1,0,0,0,0,0,1,0,0,0,0,0,0,0,0,0,0,0,1,0,0,1,0,1
1144,0,-1.2774445836787656,-0.9708780580159816,-0.9900957809541254,1,1,0,0,0,1,0,0,0,0,0,0,0,0,0,0,0,0,0,0,1,0,0,1,0,1,0,0,0,1
1145,0,-0.0151133083578247,0.356897745116751,0.0198380971912261,0,0,1,0,1,0,0,1,0,0,1,0,0,0,0,0,0,0,0,0,0,0,0,1,0,0,0,1,0,1
1146,0,-0.1372743995179157,-0.9692162610158152,-0.5325670352054254,0,1,0,0,0,1,0,0,0,0,1,0,0,0,0,0,1,0,0,0,0,1,0,0,0,0,1,1,0,1
1147,0,-1.1960038562387048,-0.1499503399339166,-0.9305581460871596,0,0,0,0,1,0,1,0,0,0,0,0,0,0,0,0,0,0,1,0,0,0,0,1,0,1,0,0,0,1
1148,0,-1.2367242199587352,1.0099839661820376,-0.9189109170357486,1,0,0,0,1,0,1,1,0,0,0,0,0,0,0,0,0,0,1,0,1,0,0,1,0,1,0,0,0,1
1149,0,-0.7888002190384014,1.0598378761870213,-0.4927502768005074,1,1,1,1,1,0,0,1,0,0,0,0,0,0,1,0,0,0,1,0,1,0,0,1,0,0,1,1,0,1
1150,0,0.3513699651224484,-0.8113455460000336,-0.2655410737142718,0,0,0,0,0,1,0,0,0,0,0,0,1,0,0,0,0,0,0,0,1,0,0,1,0,1,0,1,0,1
1151,0,-1.2774445836787656,-1.5259182560714666,-0.9974635356949804,0,0,0,0,1,0,0,0,1,1,0,1,0,1,0,1,0,1,0,1,0,0,0,0,0,1,0,0,0,2
1152,0,-1.0331224013585834,-0.3294244159518578,-0.842365680656211,0,1,0,0,1,0,0,0,0,0,0,0,0,0,0,0,0,0,1,0,0,0,0,0,0,0,1,0,0,1
1153,0,0.7992939660427822,-0.0153447829204607,0.4989186285142227,0,0,1,0,1,0,0,0,0,0,1,0,0,0,1,0,0,0,1,0,0,1,0,1,0,0,1,0,1,0
1154,0,0.5142514200025698,-1.3331498040521963,-0.5033607259931753,0,0,1,1,1,0,1,0,1,1,0,1,0,1,0,1,0,1,0,1,0,0,1,1,0,0,0,1,0,2
1155,0,1.5322605130033284,0.3768393091187442,1.316717345603156,0,1,1,0,1,0,1,0,0,0,0,0,1,0,1,0,1,0,1,0,0,0,1,0,1,0,0,0,1,0
1156,0,0.8400143297628127,-1.5309036470719648,-0.5620821724607052,0,0,0,0,1,0,0,0,1,1,0,1,0,1,0,1,0,1,0,1,0,0,1,0,0,0,1,0,1,2
1157,1,1.2064976032430856,1.1030445981913404,1.6133246217873816,0,0,1,0,1,0,1,1,0,0,0,0,1,0,1,0,0,0,1,0,0,1,0,1,1,0,0,0,1,0
1158,0,1.125056875803025,0.9750862291785486,1.4100937103278195,0,0,1,0,1,0,1,1,0,0,1,0,1,0,0,0,0,0,0,0,1,0,0,1,1,0,0,0,1,0
1159,1,-1.1960038562387048,0.5197538511330312,-0.9069328007953772,1,0,1,0,1,0,0,1,0,0,0,0,0,0,0,0,0,0,1,0,0,0,0,1,0,1,0,0,0,1
1160,1,-0.3815965818380978,1.0083221691818711,0.0204336941313552,0,0,1,0,1,0,0,1,0,0,1,0,0,0,0,0,0,0,1,0,1,0,0,1,0,1,0,1,0,1
1161,0,-1.2774445836787656,-1.1104690060299358,-0.9919487492123046,1,1,0,1,0,1,0,0,0,0,0,0,1,0,0,0,0,0,0,0,0,0,0,1,0,0,1,0,0,1
1162,0,1.4100994218432374,0.252204534106285,1.196384704551174,0,0,0,0,1,0,0,0,0,0,1,0,0,0,1,0,1,0,0,0,1,1,0,1,0,0,0,0,1,0
1163,0,-0.8295205827584317,0.830509890164096,-0.5414789301614291,1,0,0,0,1,0,1,1,0,0,0,0,1,0,0,0,0,0,1,0,0,0,0,1,0,0,0,0,0,1
1164,1,1.5729808767233588,0.5961965131406728,1.5668460013113914,0,0,1,0,1,0,1,0,0,0,1,0,1,0,1,0,1,0,0,0,1,0,1,1,0,0,0,0,1,0
1165,0,-0.3001558543980371,-1.491020519067978,-0.7804235988827984,0,1,0,0,1,0,0,0,1,1,0,1,0,1,0,1,0,1,0,1,0,1,0,0,1,0,0,1,0,2
1166,0,-1.1145631287986442,-0.3643221529553466,-0.8805059439703956,0,0,0,0,1,0,1,0,0,0,1,0,0,0,0,0,0,0,0,0,0,0,0,1,0,1,0,0,0,1
1167,0,-0.2594354906780068,-0.4391030179628221,-0.434271480938215,0,1,0,0,1,0,1,0,0,0,0,0,0,0,0,0,0,0,0,0,0,1,0,1,1,0,0,1,0,1
1168,0,-1.2774445836787656,-1.4993295040688086,-0.9971105893600888,0,1,1,1,1,0,0,0,1,1,0,1,0,1,0,1,0,1,0,1,0,1,0,0,0,0,1,0,0,2
1169,1,1.5322605130033284,-0.6883725679877406,0.3229087031331477,0,1,0,0,0,1,0,0,0,0,0,0,1,0,1,0,0,0,1,0,0,1,0,1,1,0,0,0,1,0
1170,0,1.6137012404433893,1.6364814352446655,2.5647797040704408,0,1,1,1,1,0,1,1,0,0,1,0,1,0,1,0,1,0,1,0,1,0,1,1,0,1,0,0,1,0
1171,0,1.125056875803025,0.9850570111795456,1.4693666354436172,1,1,1,0,1,0,0,1,0,0,0,0,1,0,0,0,0,0,1,0,1,1,0,1,0,1,0,0,1,0
1172,1,-0.0151133083578247,1.1844726511994803,0.4137923843676419,0,0,1,1,1,0,1,1,0,0,0,0,1,0,0,0,0,0,1,0,1,0,0,1,0,1,0,1,0,1
1173,0,-1.2774445836787656,-1.4926823160681442,-0.9970223527763662,1,1,0,0,1,0,0,0,1,1,0,1,0,1,0,1,0,1,0,1,0,0,0,1,0,1,0,0,0,2
1174,0,-0.748079855318371,-0.3493659799538514,-0.6646572010384718,0,0,0,0,1,0,1,0,0,0,0,0,1,0,0,0,0,0,0,0,0,1,0,1,0,0,1,1,0,1
1175,0,-0.7888002190384014,0.5064594751317021,-0.551648196435483,0,0,0,0,1,0,1,1,0,0,1,0,0,0,0,0,0,0,0,0,0,0,0,1,1,0,0,1,0,1
1176,0,-1.0738427650786138,1.5002140812310438,-0.7104299288446795,1,0,0,0,1,0,1,1,0,0,0,0,1,0,1,0,1,0,1,0,1,0,0,1,1,0,0,0,0,1
1177,0,0.5549717837226001,0.4798707231290441,0.5797433392043168,0,0,0,0,1,0,1,0,0,0,1,0,0,0,1,0,0,0,1,0,1,0,1,0,0,0,1,1,0,0
1178,0,-0.7073594915983407,1.2160467942026365,-0.3202036373305525,1,1,0,0,1,0,0,1,0,0,0,0,0,0,1,0,1,0,1,0,1,0,0,1,0,1,0,1,0,1
1179,1,0.4328106925625091,0.9817334171792133,0.7382824210082755,0,1,1,0,1,0,1,1,0,0,0,0,1,0,0,0,1,0,1,0,0,0,0,1,0,1,0,1,0,0
1180,0,0.2699292376823877,-0.4972659129686364,-0.136142123684771,0,1,0,0,1,0,0,0,0,0,0,0,0,0,0,0,1,0,0,0,0,0,1,1,0,0,0,1,0,1
1181,1,-0.4630373092781585,-0.1565975279345811,-0.4604115688660974,1,1,0,0,1,0,0,0,0,0,0,0,0,0,1,0,0,0,1,0,0,0,0,1,0,0,0,1,0,1
1182,0,1.002895784642934,-0.3659839499555126,0.4042407741796477,0,1,0,0,0,1,0,0,0,0,1,0,0,0,1,0,0,0,1,0,1,0,0,1,0,1,0,0,1,0
1183,0,0.8400143297628127,0.9534828681763892,1.1437515823605178,0,0,1,0,1,0,0,1,0,0,0,0,0,0,0,0,1,0,1,0,1,1,0,1,0,1,0,0,1,0
1184,0,-0.5851984004382496,0.7690234011579498,-0.3437848643304735,0,1,1,1,1,0,0,1,0,0,1,0,0,0,1,0,0,0,1,0,0,0,0,1,0,0,1,1,0,1
1185,0,-1.2774445836787656,-0.1532739339342488,-0.97924268115622,1,0,0,0,1,0,1,0,0,0,0,0,0,0,0,0,0,0,0,0,1,0,0,1,0,1,0,0,0,1
1186,0,1.0436161483629645,-0.1233615879312587,0.5289852444177703,0,0,1,0,1,0,1,0,0,0,1,0,0,0,0,0,1,0,0,0,0,1,0,1,0,0,0,0,1,0
1187,1,1.5729808767233588,1.305783832211607,2.264951792580333,0,0,0,0,1,0,1,1,0,0,0,0,0,0,1,0,0,0,1,0,1,0,1,0,0,0,0,0,1,0
1188,0,0.1070477828022663,1.1462513201956597,0.5524782348339684,0,0,0,0,1,0,0,1,0,0,0,0,0,0,1,0,1,0,1,0,1,1,0,1,0,1,0,1,0,1
1189,0,-1.1960038562387048,0.6959043331506402,-0.8925061193566978,0,1,0,0,1,0,0,1,0,0,0,0,0,0,1,0,0,0,0,0,1,0,0,0,1,0,0,0,0,1
1190,0,0.2292088739623573,1.332372584214265,0.7092084666716095,0,1,0,0,1,0,1,1,0,0,1,0,1,0,0,0,0,0,1,0,1,1,0,1,0,1,0,1,0,0
1191,0,0.1070477828022663,0.1458495260956535,0.0928318110759208,0,1,1,1,1,0,1,0,0,0,1,0,1,0,1,0,1,0,0,0,0,0,1,1,1,0,0,1,0,1
1192,0,-1.0331224013585834,0.8537750481664219,-0.7439598306593472,1,1,0,0,1,0,1,1,0,0,0,0,0,0,1,0,0,0,1,0,0,0,0,1,0,1,0,0,0,1
1193,0,0.5956921474426305,0.3220000081132624,0.5429045655000436,0,0,0,0,1,0,0,0,0,0,0,0,0,0,1,0,1,0,1,0,1,0,1,0,0,0,1,1,0,0
1194,0,-0.748079855318371,-0.4756625519664766,-0.6680763686577307,0,0,0,0,1,0,0,0,0,0,0,0,1,0,0,0,0,0,0,0,0,0,0,0,0,1,0,1,0,1
1195,1,-0.5037576729981889,-0.1582593249347472,-0.4501761251542516,0,0,1,0,1,0,0,0,0,0,0,0,1,0,0,0,0,0,0,0,1,0,0,1,0,1,0,1,0,1
1196,0,1.369379058123207,0.6809481601491449,1.437645583595267,0,1,1,0,1,0,1,0,0,0,1,0,1,0,0,0,1,0,1,0,1,0,1,0,0,1,0,0,1,0
1197,0,-0.7073594915983407,-1.505976692069473,-0.8554026359012562,0,1,1,0,1,0,0,0,1,1,0,1,0,1,0,1,0,1,0,1,0,0,0,1,1,0,0,1,0,2
1198,0,0.3920903288424788,-1.462769970065154,-0.6332229180872208,0,0,0,0,1,0,0,0,1,1,0,1,0,1,0,1,0,1,0,1,0,0,1,1,0,0,0,1,0,2
1199,0,-0.62591876415828,0.4698999411280475,-0.4106461356464327,0,0,1,0,1,0,1,1,0,0,1,0,0,0,0,0,0,0,0,0,0,0,0,0,0,1,0,1,0,1
1200,0,0.188488510242327,1.3207400052131024,0.6610092328130246,0,1,0,0,1,0,1,1,0,0,0,0,1,0,0,0,1,0,1,0,1,1,0,1,1,0,0,1,0,0
1201,0,-0.8295205827584317,-0.5105602889699654,-0.7359303015405715,0,0,0,0,1,0,0,0,0,0,0,0,1,0,0,0,0,0,0,0,0,0,0,1,0,1,0,0,0,1
1202,0,0.8400143297628127,0.9800716201790473,1.141876554956408,1,1,1,0,1,0,0,1,0,0,0,0,1,0,0,0,0,0,1,0,1,1,0,1,0,0,0,0,1,0
1203,0,1.125056875803025,-1.3215172250510334,-0.3417774820507795,0,0,0,0,1,0,1,0,1,1,0,1,0,1,0,1,0,1,0,1,0,0,1,0,0,0,1,0,1,2
1204,0,-0.5851984004382496,-1.303237458049206,-0.7993724052372719,0,1,1,1,0,1,0,0,0,0,0,0,0,0,0,0,0,0,0,0,0,0,0,0,1,0,0,1,0,1
1205,0,-1.2774445836787656,0.3369561811147576,-0.9727352331066628,1,1,0,0,1,0,1,1,0,0,0,0,0,0,0,0,0,0,0,0,0,0,0,1,0,1,0,0,0,1
1206,0,-1.1960038562387048,0.179085466098976,-0.9201021109160068,0,0,0,0,1,0,0,1,0,0,0,0,0,0,0,0,0,0,0,0,0,0,0,1,0,1,0,0,0,1
1207,0,-0.9516816739185228,0.1541585110964841,-0.7536658548688563,0,0,0,1,1,0,0,0,0,0,0,0,0,0,0,0,1,0,1,0,1,0,0,1,1,0,0,0,0,1
1208,0,-1.2774445836787656,0.5147684601325326,-0.9703749044920776,1,0,0,0,1,0,0,1,0,0,0,0,0,0,0,0,0,0,1,0,0,0,0,1,0,1,0,0,0,1
1209,0,0.9621754209229036,0.9435120861753926,1.3121731615414312,0,1,1,0,1,0,1,1,0,0,1,0,1,0,1,0,0,0,0,0,0,1,0,1,0,1,0,0,1,0
1210,0,-0.62591876415828,0.1408641350951549,-0.4985738913262127,1,1,1,1,1,0,0,1,0,0,0,0,0,0,0,0,0,0,0,0,0,0,0,1,0,1,0,1,0,1
1211,0,-0.8702409464784621,0.0527888940863502,-0.6789515276015671,1,0,1,1,1,0,1,0,0,0,0,0,0,0,0,0,1,0,0,0,1,0,0,1,0,1,0,0,0,1
1212,0,-1.0331224013585834,0.1591439020969822,-0.7757691190914203,0,1,0,0,1,0,0,1,0,0,0,0,0,0,0,0,0,0,0,0,0,0,0,1,0,1,0,0,0,1
1213,0,1.4915401492832985,-1.481049737066981,-0.3825427837307177,0,0,1,1,1,0,0,0,1,1,0,1,0,1,0,1,0,1,0,1,0,0,1,0,0,0,0,0,1,2
1214,0,-0.5444780367182193,0.7058751151516368,-0.3296890700807546,1,1,0,0,1,0,1,1,0,0,0,0,0,0,0,0,0,0,0,0,1,0,0,1,0,0,0,1,0,1
1215,0,-1.1960038562387048,0.5164302571326987,-0.8954620449114119,1,0,1,1,1,0,0,1,0,0,0,0,0,0,0,0,0,0,0,0,1,0,0,1,0,1,0,0,0,1
1216,0,0.880734693482843,-1.4744025490663168,-0.5246257426703725,0,1,1,1,1,0,0,0,1,1,0,1,0,1,0,1,0,1,0,1,0,0,1,0,1,0,0,0,1,2
1217,0,1.2064976032430856,-1.3630621500551865,-0.367476387060048,0,1,1,0,1,0,1,0,1,1,0,1,0,1,0,1,0,1,0,1,0,1,0,1,1,0,0,0,1,2
1218,0,-0.3408762181180675,0.8570986421667539,0.0012422371716441,1,1,0,0,1,0,1,1,0,0,0,0,1,0,0,0,0,0,1,0,0,0,0,1,1,0,0,1,0,1
1219,0,1.2064976032430856,0.1890562480999726,0.8915052486429348,0,0,1,1,1,0,1,0,0,0,0,0,0,0,0,0,0,0,1,0,1,0,0,1,1,0,0,0,1,0
1220,0,-0.62591876415828,0.0328473300843569,-0.515537374546923,0,1,0,0,1,0,1,0,0,0,1,0,0,0,0,0,0,0,0,0,1,0,0,0,0,0,0,1,0,1
1221,0,-0.9516816739185228,-1.3348116010523623,-0.9219109608823244,0,1,0,0,0,1,0,0,0,0,0,0,0,0,0,0,0,0,0,0,0,0,0,1,0,0,1,0,0,1
1222,0,1.2879383306831464,0.1491731200959855,0.9564914925547844,0,1,1,1,1,0,0,0,0,0,1,0,0,0,1,0,1,0,1,0,0,0,1,0,0,0,1,0,1,0
1223,0,-1.2367242199587352,0.3701921211180801,-0.9425362623275312,1,0,0,0,1,0,1,1,0,0,0,0,0,0,0,0,0,0,0,0,0,0,0,1,0,1,0,0,0,1
1224,0,-1.2774445836787656,-0.62854787598176,-0.9855515968924008,1,1,1,1,1,0,0,0,0,0,0,0,0,0,0,0,0,0,0,0,0,0,0,1,0,0,1,0,0,1
1225,0,-0.6666391278783103,-0.4922805219681379,-0.648333433049752,1,0,1,0,0,1,0,0,0,0,0,0,0,0,0,0,1,0,1,0,1,0,0,1,0,1,0,1,0,1
1226,0,1.6137012404433893,-1.3331498040521963,-0.1983930335012134,0,0,1,0,1,0,1,0,1,1,0,1,0,1,0,1,0,1,0,1,0,0,1,0,0,0,0,0,1,2
1227,0,-0.0965540357978854,0.8521132511662559,0.2386427656778642,0,1,0,0,1,0,1,1,0,0,1,0,1,0,1,0,0,0,0,0,0,1,0,0,0,0,0,1,0,1
1228,0,0.6771328748826912,1.1994288242009752,1.1327881868329588,0,0,1,0,1,0,1,1,0,0,1,0,0,0,0,0,0,0,1,0,1,0,0,1,0,0,1,0,1,0
1229,0,1.1657772395230557,0.3519123541162524,1.0807065432905705,0,1,1,0,1,0,1,0,0,0,1,0,0,0,1,0,1,0,0,0,1,0,1,0,1,0,0,0,1,0
1230,0,0.5956921474426305,0.7457582431556239,0.7666504826751588,0,1,1,1,1,0,1,1,0,0,0,0,1,0,0,0,0,0,1,0,0,0,0,0,0,1,0,1,0,0
1231,0,-0.5037576729981889,-0.0120211889201281,-0.3887414037372452,0,1,0,0,1,0,0,0,0,0,1,0,0,0,1,0,0,0,0,0,1,0,0,0,1,0,0,1,0,1
1232,0,0.0663274190822359,0.4499583771260538,0.1255455244911526,1,1,1,1,1,0,0,1,0,0,0,0,0,0,0,0,0,0,1,0,0,0,0,0,0,1,0,1,0,1
1233,0,1.5322605130033284,-1.33148800705203,-0.2619895512194286,0,0,1,1,1,0,1,0,1,1,0,1,0,1,0,1,0,1,0,1,0,0,1,0,0,0,0,0,1,2
1234,0,0.880734693482843,1.3656085242175875,1.5648386190316974,0,1,0,1,1,0,0,1,0,0,1,0,1,0,0,0,1,0,1,0,1,1,0,1,0,1,0,0,1,0
1235,1,1.1657772395230557,1.114677177192503,1.670678401207208,0,1,1,0,1,0,1,1,0,0,0,0,1,0,1,0,1,0,1,0,0,1,0,1,0,0,1,0,1,0
1236,0,-1.1960038562387048,0.4050898581215686,-0.905013655099406,1,1,0,0,1,0,1,1,0,0,0,0,0,0,0,0,0,0,0,0,0,0,0,1,0,1,0,0,0,1
1237,0,-0.7888002190384014,-1.505976692069473,-0.8865722091013388,0,1,0,0,1,0,0,0,1,1,0,1,0,1,0,1,0,1,0,1,0,1,0,0,0,0,1,1,0,2
1238,1,-0.6666391278783103,1.04321990618536,-0.3311229145662502,1,0,0,0,1,0,1,1,0,0,0,0,0,0,0,0,0,0,1,0,1,0,0,1,0,1,0,1,0,1
1239,0,-1.1960038562387048,-0.2014660469390663,-0.9313963936325262,0,0,1,1,1,0,0,0,0,0,0,0,1,0,0,0,0,0,1,0,0,0,0,1,1,0,0,0,0,1
1240,0,-0.3001558543980371,-1.4827115340671475,-0.7691513753122096,0,1,0,0,1,0,0,0,1,1,0,1,0,1,0,1,0,1,0,1,0,0,0,1,0,0,1,1,0,2
1241,0,-0.0965540357978854,-0.0086975949197961,-0.1726279510541529,0,1,0,0,1,0,1,0,0,0,1,0,0,0,0,0,0,0,0,0,1,0,0,1,0,0,1,1,0,1
1242,0,-0.4630373092781585,-1.2051914350394048,-0.7281213638811029,0,0,1,0,0,1,0,0,0,0,1,0,0,0,0,0,0,0,0,0,0,0,0,0,0,1,0,1,0,1
1243,0,-1.2774445836787656,-0.6468276429835875,-0.9857942474976384,1,1,0,0,1,0,0,0,0,0,0,0,0,0,0,0,0,0,0,0,0,0,0,0,0,1,0,0,0,1
1244,0,-0.7073594915983407,-1.5076384890696393,-0.8781456153558105,1,0,0,0,1,0,0,0,1,1,0,1,0,1,0,1,0,1,0,1,0,0,0,0,0,0,0,1,0,2
1245,1,-0.3815965818380978,0.8537750481664219,-0.0716852992752583,0,1,1,0,1,0,0,1,0,0,0,0,0,0,0,0,0,0,1,0,1,0,0,1,0,1,0,1,0,1
1246,0,0.5142514200025698,1.3423433662152622,1.0814124359603523,0,0,1,1,1,0,1,1,0,0,1,0,1,0,0,0,0,0,1,0,1,0,0,1,0,1,0,1,0,0
1247,0,-0.3408762181180675,0.611152686142168,-0.1088329010225613,0,0,1,1,1,0,1,1,0,0,0,0,1,0,1,0,0,0,0,0,0,1,0,0,0,0,0,1,0,1
1248,0,-0.8702409464784621,0.8438042661654253,-0.5699131692661046,1,0,0,0,1,0,1,1,0,0,0,0,0,0,0,0,1,0,1,0,0,0,0,0,0,1,0,0,0,1
1249,0,-1.2774445836787656,-0.6551366279844181,-0.985904543227292,1,1,0,0,1,0,0,0,0,0,0,0,0,0,0,0,0,0,0,0,0,0,0,0,0,0,1,0,0,1
1250,0,0.9621754209229036,1.2775332832087831,1.5285292648297613,0,0,1,0,1,0,1,1,0,0,0,0,0,0,1,0,1,0,1,0,1,0,1,0,0,0,0,0,1,0
1251,0,-1.2774445836787656,0.3668685271177476,-0.97233816847991,1,0,0,0,1,0,0,1,0,0,0,0,1,0,0,0,0,0,0,0,0,0,0,0,0,1,0,0,0,1
1252,0,-1.2774445836787656,-1.505976692069473,-0.9971988259438118,0,1,0,0,1,0,0,0,1,1,0,1,0,1,0,1,0,1,0,1,0,0,0,0,0,1,0,0,0,2
1253,0,-1.0331224013585834,0.4831943171293762,-0.7749749898379149,1,0,0,0,1,0,0,1,0,0,0,0,0,0,0,0,0,0,0,0,1,0,0,1,0,1,0,0,0,1
1254,1,0.9214550572028734,0.7989357471609396,1.114236445105238,0,0,1,0,1,0,0,1,0,0,0,0,0,0,1,0,1,0,1,0,0,0,1,0,1,0,0,0,1,0
1255,0,-1.2367242199587352,-1.125425179031431,-0.9797279823666952,1,0,0,0,0,1,0,0,0,0,0,0,0,0,0,0,1,0,0,0,0,0,0,1,0,1,0,0,0,1
1256,0,1.6137012404433893,0.7025515211513048,1.690178686209949,0,0,1,1,1,0,1,0,0,0,1,0,0,0,1,0,1,0,1,0,1,0,1,1,1,0,0,0,1,0
1257,1,0.5142514200025698,-1.0157465770204666,-0.3013871858516633,0,0,0,0,0,1,0,0,0,0,0,0,0,0,0,0,0,0,0,0,1,1,0,0,0,1,0,1,0,1
1258,0,0.5956921474426305,-1.4827115340671475,-0.5442142642568363,0,0,0,0,1,0,0,0,1,1,0,1,0,1,0,1,0,1,0,1,0,0,1,0,0,0,1,1,0,2
1259,1,0.5549717837226001,1.0133075601823696,0.9461016348214234,1,0,0,0,1,0,0,1,0,0,0,0,1,0,0,0,0,0,1,0,1,1,0,0,1,0,0,1,0,0
1260,0,-1.2367242199587352,-0.4806479429669752,-0.964860118009402,0,1,0,0,1,0,0,0,0,0,0,0,1,0,0,0,0,0,0,0,0,0,0,1,0,0,1,0,0,1
1261,0,-1.2367242199587352,0.5114448661322006,-0.9199476968944916,0,0,1,0,1,0,0,1,0,0,1,0,0,0,0,0,1,0,0,0,0,0,0,1,0,1,0,0,0,1
1262,0,-0.8295205827584317,-0.4490737999638187,-0.7357317692271953,0,0,1,0,1,0,0,0,0,0,0,0,1,0,0,0,0,0,0,0,0,0,0,1,0,1,0,0,0,1
1263,1,1.4508197855632678,0.8255244991635975,1.6976126183885958,1,0,1,0,1,0,1,1,0,0,0,0,1,0,0,0,0,0,0,0,1,0,0,1,0,0,0,0,1,0
1264,0,1.4915401492832985,1.0116457631822036,1.9376602444065,0,1,1,1,1,0,0,1,0,0,0,0,0,0,0,0,1,0,1,0,1,0,1,1,1,0,0,0,1,0
1265,1,0.9621754209229036,0.9983513871808744,1.3167394047490868,0,1,0,1,1,0,0,1,0,0,1,0,0,0,0,0,0,0,1,0,1,1,0,0,1,0,0,0,1,0
1266,1,-1.1552834925186746,0.5147684601325326,-0.8717925813277682,0,0,0,0,1,0,1,1,0,0,1,0,0,0,0,0,0,0,0,0,0,0,0,1,0,1,0,0,0,1
1267,0,1.2879383306831464,0.3768393091187442,1.1201924145065276,0,1,1,0,1,0,1,0,0,0,0,0,1,0,1,0,1,0,1,0,0,0,1,1,0,0,0,0,1,0
1268,0,1.0843365120829946,1.5085230662318745,1.838989684658468,1,1,1,0,1,0,1,1,0,0,1,0,1,0,1,0,0,0,1,0,1,1,0,1,0,1,0,0,1,0
1269,0,1.2064976032430856,1.6879971422498157,2.152670739793057,0,1,1,1,1,0,1,1,0,0,1,0,1,0,1,0,1,0,1,0,1,0,1,0,0,0,0,0,1,0
1270,0,1.247217966963116,-1.3331498040521963,-0.3111373283530338,0,1,1,1,1,0,1,0,1,1,0,1,0,1,0,1,0,1,0,1,0,0,1,0,1,0,0,0,1,2
1271,0,0.8400143297628127,-0.3709693409560109,0.2644740255627167,0,0,0,0,0,1,0,0,0,0,1,0,1,0,1,0,1,0,1,0,0,1,0,1,0,1,0,0,1,0
1272,0,-1.1145631287986442,-1.505976692069473,-0.967816043564116,0,1,1,1,1,0,0,0,1,1,0,1,0,1,0,1,0,1,0,1,0,0,0,0,0,0,1,0,0,2
1273,1,0.6771328748826912,0.7789941831589463,0.8292984571183538,0,1,1,0,1,0,1,1,0,0,1,0,1,0,1,0,0,0,0,0,0,0,0,1,0,1,0,0,1,0
1274,0,1.2064976032430856,1.2093996062019725,1.9229467940707217,0,0,1,1,1,0,1,1,0,0,1,0,0,0,0,0,0,0,1,0,1,0,1,1,0,0,0,0,1,0
1275,0,0.9214550572028734,-0.2646143329453791,0.3672034681619983,0,0,1,0,1,0,0,0,0,0,1,0,1,0,0,0,1,0,0,0,0,0,1,0,0,0,1,0,1,0
1276,1,1.5729808767233588,1.151236711196158,2.1567296226443067,0,0,1,0,1,0,0,1,0,0,1,0,1,0,1,0,1,0,1,0,0,0,1,1,0,1,0,0,1,0
1277,0,1.6137012404433893,-1.4843733310673135,-0.4206609878989716,0,0,1,1,1,0,0,0,1,1,0,1,0,1,0,1,0,1,0,1,0,0,1,1,1,0,0,0,1,2
1278,0,0.1477681465222966,-0.1349941669324214,-0.0199345429218302,0,1,1,1,0,1,0,0,0,0,1,0,0,0,1,0,1,0,1,0,1,1,0,0,1,0,0,1,0,1
1279,0,-0.3001558543980371,-1.4561227820644893,-0.7873281115591083,0,1,1,0,1,0,0,0,1,1,0,1,0,1,0,1,0,1,0,1,0,1,0,1,0,0,0,1,0,2
1280,1,1.6137012404433893,1.6647319842474897,2.66395762417488,0,0,1,0,1,0,1,1,0,0,1,0,1,0,1,0,1,0,1,0,1,0,1,1,0,0,0,0,1,0
1281,0,0.1477681465222966,-1.5126238800701377,-0.7058636856370241,0,0,0,0,1,0,0,0,1,1,0,1,0,1,0,1,0,1,0,1,0,1,0,1,0,0,0,1,0,2
1282,0,-1.2774445836787656,-0.0651986929254444,-0.9780735464218926,0,1,0,0,1,0,0,0,0,0,0,0,0,0,0,0,0,0,1,0,1,0,0,1,0,0,1,0,0,1
1283,0,1.6137012404433893,1.3539759452164248,2.3225041043135355,0,0,1,0,1,0,1,1,0,0,1,0,0,0,1,0,0,0,1,0,1,0,1,1,0,1,0,0,1,0
1284,0,1.0843365120829946,-1.4926823160681442,-0.4815442306677105,0,1,1,1,1,0,0,0,1,1,0,1,0,1,0,1,0,1,0,1,0,0,1,0,0,0,1,0,1,2
1285,1,-1.0331224013585834,0.8222009051632655,-0.7072313526847276,1,1,1,0,1,0,0,1,0,0,0,0,0,0,0,0,0,0,1,0,1,0,0,1,0,1,0,0,0,1
1286,0,-1.2774445836787656,0.3103674291120993,-0.973088179441554,0,0,0,0,1,0,0,0,0,0,0,0,0,0,1,0,1,0,1,0,1,1,0,0,1,0,0,0,0,1
1287,0,-0.0965540357978854,1.42044782522307,0.424755779895201,0,0,1,1,1,0,1,1,0,0,0,0,1,0,1,0,1,0,1,0,1,0,0,1,0,1,0,1,0,0
1288,0,1.2879383306831464,-1.502653098069141,-0.4586468371916413,0,1,0,0,1,0,0,0,1,1,0,1,0,1,0,1,0,1,0,1,0,0,1,0,0,0,1,0,1,2
1289,0,1.247217966963116,0.1342169470944904,0.8080775587330182,0,1,0,0,1,0,1,0,0,0,1,0,1,0,1,0,1,0,0,0,0,1,0,0,0,0,0,0,1,0
1290,1,1.6137012404433893,0.6543594081464871,1.597133208674246,0,1,1,0,1,0,1,0,0,0,1,0,1,0,1,0,0,0,1,0,1,0,1,0,1,0,0,0,1,0
1291,0,-0.9924020376385532,0.3402797751150897,-0.7265331053740922,1,1,1,0,1,0,0,1,0,0,1,0,0,0,0,0,0,0,0,0,0,0,0,0,0,1,0,0,0,1
1292,0,1.2064976032430856,0.6560212051466532,1.2853712992356277,0,0,0,0,1,0,1,0,0,0,0,0,1,0,1,0,1,0,1,0,1,0,1,0,0,0,0,0,1,0
1293,0,1.4100994218432374,1.5434208032353631,2.31668048978783,0,1,1,1,1,0,1,1,0,0,0,0,1,0,1,0,1,0,1,0,1,0,1,1,0,0,0,0,1,0
1294,0,-1.0738427650786138,-0.6651074099854147,-0.8862413219123783,1,1,0,0,1,0,0,0,0,0,0,0,0,0,0,0,0,0,0,0,0,0,0,0,0,1,0,0,0,1
1295,0,1.5322605130033284,0.5264010391336954,1.4031671385055788,0,0,1,1,1,0,1,0,0,0,1,0,0,0,0,0,1,0,1,0,1,0,1,1,0,0,0,0,1,0
1296,1,-0.5037576729981889,0.5297246331340278,-0.293622366484056,0,0,0,0,1,0,0,1,0,0,0,0,0,0,0,0,0,0,1,0,0,0,0,0,0,0,0,1,0,1
1297,0,-1.1145631287986442,0.360221339117083,-0.8282037089687,0,0,0,0,1,0,1,1,0,0,0,0,0,0,0,0,0,0,0,0,0,0,0,0,0,1,0,0,0,1
1298,0,-0.3408762181180675,-0.238025580942721,-0.4023518967764886,0,0,1,1,0,1,0,0,0,0,1,0,1,0,1,0,0,0,1,0,1,1,0,0,0,1,0,1,0,1
1299,0,-0.8702409464784621,-0.6883725679877406,-0.7923796559772391,1,0,1,0,1,0,0,0,0,0,0,0,0,0,0,0,0,0,0,0,0,0,0,1,0,1,0,0,0,1
1300,0,1.6137012404433893,1.5234792392333694,2.507006800877931,0,1,1,0,1,0,1,1,0,0,0,0,1,0,1,0,1,0,1,0,1,0,1,1,1,0,0,0,1,0
1301,0,1.369379058123207,-0.2180840169407275,0.6754800325435655,0,0,1,1,1,0,0,0,0,0,1,0,1,0,0,0,1,0,0,0,0,0,1,1,1,0,0,0,1,0
1302,0,0.5142514200025698,0.5396954151350245,0.5531841275037508,0,0,1,1,1,0,0,0,0,0,1,0,0,0,1,0,1,0,1,0,1,0,1,1,0,0,1,1,0,0
1303,0,1.4915401492832985,-1.4976677070686424,-0.389491414698889,0,0,1,1,1,0,0,0,1,1,0,1,0,1,0,1,0,1,0,1,0,0,1,0,0,0,0,0,1,2
1304,1,-0.7073594915983407,0.6925807391503077,-0.4121461575697205,1,1,1,0,1,0,1,1,0,0,0,0,0,0,0,0,0,0,0,0,1,0,0,1,0,0,0,1,0,1
1305,0,-0.1779947632379461,-0.1732154979362424,-0.2793942173587529,0,0,0,0,1,0,0,0,0,0,0,0,0,0,1,0,0,0,1,0,0,0,0,1,0,0,0,1,0,1
1306,0,1.5322605130033284,1.6879971422498157,2.579978455616695,1,0,0,0,1,0,1,1,0,0,1,0,1,0,1,0,1,0,1,0,1,1,0,0,1,0,0,0,1,0
1307,0,0.1477681465222966,0.358559542116917,0.1766565656125902,0,0,0,0,1,0,0,0,0,0,1,0,1,0,1,0,1,0,0,0,1,1,0,1,0,0,1,1,0,1
1308,1,-0.6666391278783103,0.7258166791536301,-0.4406245149662574,1,1,0,0,1,0,1,1,0,0,0,0,0,0,0,0,0,0,1,0,0,0,0,1,0,1,0,1,0,1
1309,0,-0.5851984004382496,0.6792863631489789,-0.3202256964764832,1,0,0,0,1,0,1,1,0,0,0,0,0,0,0,0,0,0,1,0,0,0,0,1,0,1,0,1,0,1
1310,0,0.0663274190822359,1.0930738161903435,0.40933643688964,1,0,1,0,1,0,1,1,0,0,0,0,0,0,0,0,0,0,1,0,1,0,0,1,0,1,0,1,0,1
1311,0,0.3920903288424788,-0.6534748309842519,-0.1017739743247364,0,1,1,1,0,1,0,0,0,0,0,0,1,0,1,0,0,0,0,0,1,1,0,1,1,0,0,1,0,1
1312,0,0.6364125111626608,0.2056742181016338,0.595361214523254,0,1,0,0,1,0,1,0,0,0,1,0,0,0,0,0,1,0,0,0,1,1,0,1,0,0,0,1,0,0
1313,0,0.5956921474426305,1.4885815022298807,1.2550840918727733,1,1,1,0,1,0,1,1,0,0,0,0,1,0,1,0,1,0,1,0,1,0,0,1,0,1,0,1,0,0
1314,0,0.2699292376823877,0.8238627021634315,0.5270881578677298,1,0,1,1,1,0,1,1,0,0,0,0,1,0,1,0,1,0,0,0,0,1,0,1,0,1,0,1,0,0
1315,0,-0.8702409464784621,-1.4577845790646555,-0.9165285292752328,0,0,1,1,1,0,0,0,1,1,0,1,0,1,0,1,0,1,0,1,0,0,1,0,1,0,0,0,0,2
1316,0,-1.0331224013585834,-1.4893587220678115,-0.9407053532152828,0,1,0,0,1,0,0,0,1,1,0,1,0,1,0,1,0,1,0,1,0,0,0,1,0,0,1,0,0,2
1317,0,-1.1960038562387048,-1.3348116010523623,-0.9676836886885318,0,0,0,0,1,0,1,0,1,1,0,1,0,1,0,1,0,1,0,1,0,0,0,0,0,0,1,0,0,2
1318,0,-0.9924020376385532,0.0644214730875133,-0.7503349238333202,0,1,0,0,1,0,0,0,0,0,1,0,0,0,1,0,0,0,0,0,1,0,0,1,0,1,0,0,0,1
1319,0,-1.2774445836787656,-1.505976692069473,-0.9971988259438118,1,1,0,1,1,0,0,0,1,1,0,1,0,1,0,1,0,1,0,1,0,0,0,1,0,0,1,0,0,2
1320,0,-0.0151133083578247,0.9983513871808744,0.3758065350749723,0,1,1,1,1,0,0,1,0,0,1,0,1,0,1,0,0,0,0,0,1,1,0,0,0,0,1,1,0,1
1321,0,1.125056875803025,0.036170924084689,0.7273190254807164,0,1,1,1,1,0,0,0,0,0,1,0,1,0,1,0,1,0,0,0,0,1,0,1,0,0,0,0,1,0
1322,0,-0.9109613101984924,-1.4893587220678115,-0.9229477407410672,0,0,1,0,1,0,0,0,1,1,0,1,0,1,0,1,0,1,0,1,0,0,0,1,0,0,0,0,0,2
1323,0,1.5729808767233588,-1.3331498040521963,-0.2512908654430379,0,0,1,0,1,0,1,0,1,1,0,1,0,1,0,1,0,1,0,1,0,0,1,1,0,0,0,0,1,2
1324,0,-1.1552834925186746,-1.4760643460664828,-0.9720955178746724,1,0,1,1,1,0,0,0,1,1,0,1,0,1,0,1,0,1,0,1,0,0,0,0,0,0,1,0,0,2
1325,1,-1.2774445836787656,0.1491731200959855,-0.975227916596832,1,0,0,0,1,0,0,1,0,0,0,0,0,0,0,0,0,0,0,0,0,0,0,1,0,1,0,0,0,1
1326,0,0.4328106925625091,-0.4490737999638187,-0.0565306660208657,0,0,1,1,0,1,0,0,0,0,1,0,1,0,0,0,1,0,1,0,0,1,0,1,0,0,0,1,0,1
1327,0,1.0843365120829946,1.15456030519649,1.6241556624393567,1,1,1,0,1,0,1,1,0,0,0,0,0,0,1,0,0,0,1,0,1,1,0,1,0,0,0,0,1,0
1328,0,-0.3815965818380978,-0.3493659799538514,-0.4668528394778626,0,0,1,0,1,0,0,0,0,0,0,0,0,0,1,0,1,0,0,0,0,0,0,0,0,1,0,1,0,1
1329,0,1.6137012404433893,-1.5076384890696393,-0.3455716551508603,0,0,1,0,1,0,0,0,1,1,0,1,0,1,0,1,0,1,0,1,0,0,1,0,0,0,0,0,1,2
1330,0,-0.4223169455581282,-0.2828940999472064,-0.43568326627778,0,1,1,0,1,0,0,0,0,0,1,0,0,0,0,0,1,0,0,0,0,1,0,1,1,0,0,1,0,1
1331,0,-1.2774445836787656,-1.3165318340505352,-0.9946840833077116,0,0,0,0,0,1,0,0,0,0,0,0,0,0,0,0,0,0,0,0,0,0,0,1,0,0,1,0,0,1
1332,0,1.4915401492832985,-1.3564149620545218,-0.2499893758331265,0,1,0,0,1,0,1,0,1,1,0,1,0,1,0,1,0,1,0,1,0,0,1,0,0,0,0,0,1,2
1333,0,0.7178532386027215,-0.9758634490164798,-0.2341950273467435,0,1,0,0,0,1,0,0,0,0,1,0,0,0,0,0,1,0,0,0,0,1,0,1,0,0,1,0,1,1
1334,1,-1.2774445836787656,-1.3148700370503688,-0.9946620241617812,1,0,0,0,0,1,0,0,0,0,0,0,0,0,0,0,0,0,0,0,0,0,0,1,0,1,0,0,0,1
1335,0,-1.2367242199587352,-0.6567984249845842,-0.96322774121053,1,1,0,0,1,0,0,0,0,0,0,0,0,0,0,0,0,0,0,0,0,0,0,1,0,0,1,0,0,1
1336,0,-0.7073594915983407,0.3519123541162524,-0.5140594117695659,0,0,1,0,1,0,0,1,0,0,0,0,1,0,0,0,0,0,0,0,0,0,0,0,0,0,0,1,0,1
1337,0,-0.055833672077855,-1.4744025490663168,-0.7370553179830374,0,1,0,0,1,0,0,0,1,1,0,1,0,1,0,1,0,1,0,1,0,0,1,0,0,0,0,1,0,2
1338,0,-1.2774445836787656,-1.4827115340671475,-0.996889997900782,1,1,0,0,1,0,0,0,1,1,0,1,0,1,0,1,0,1,0,1,0,0,0,0,0,0,1,0,0,2
1339,0,1.369379058123207,1.3373579752147635,2.141288220492815,1,1,1,0,1,0,1,1,0,0,0,0,1,0,1,0,0,0,1,0,1,0,0,1,1,0,0,0,1,0
1340,0,-1.318164947398796,-0.289541287947871,-1.005779833710855,0,0,1,1,0,1,0,0,0,0,1,0,1,0,1,0,1,0,1,0,0,0,1,0,1,0,0,0,0,1
1341,0,-1.1960038562387048,-0.3344098069523561,-0.9310213881517044,1,1,0,1,1,0,0,0,0,0,0,0,0,0,0,0,0,0,1,0,0,0,0,1,1,0,0,0,0,1
1342,0,-0.9924020376385532,-1.4876969250676455,-0.9433083324351056,0,0,0,0,1,0,0,0,1,1,0,1,0,1,0,1,0,1,0,1,0,0,1,0,0,0,1,0,0,2
1343,0,1.2879383306831464,0.2754696921086108,1.0627724576489088,0,1,1,1,1,0,0,0,0,0,1,0,0,0,1,0,0,0,1,0,1,1,0,1,1,0,0,0,1,0
1344,0,-0.1779947632379461,-1.4710789550659844,-0.7573717913852144,0,0,1,0,1,0,0,0,1,1,0,1,0,1,0,1,0,1,0,1,0,0,0,0,0,0,1,1,0,2
1345,0,1.002895784642934,1.1961052302006432,1.6346999341942323,0,0,1,0,1,0,1,1,0,0,0,0,0,0,1,0,0,0,1,0,1,1,0,1,1,0,0,0,1,0
1346,0,-0.748079855318371,0.7474200401557899,-0.4505070123432121,1,0,1,1,1,0,1,1,0,0,0,0,0,0,1,0,0,0,0,0,1,0,0,1,0,1,0,1,0,1
1347,0,-0.5444780367182193,-1.4893587220678115,-0.8409980136085075,0,1,0,0,1,0,0,0,1,1,0,1,0,1,0,1,0,1,0,1,0,0,1,1,0,0,1,1,0,2
1348,0,-0.9109613101984924,0.5047976781315361,-0.6275978358748916,1,1,1,0,1,0,0,1,0,0,0,0,0,0,0,0,0,0,1,0,0,0,0,1,0,1,0,0,0,1
1349,0,0.758573602322752,-0.5022513039691348,0.1207145715323286,0,0,1,0,0,1,0,0,0,0,0,0,1,0,0,0,0,0,1,0,1,0,0,1,0,1,0,0,1,1
1350,0,1.4100994218432374,0.0295237360840249,0.9013877460198896,0,0,1,0,1,0,1,0,0,0,1,0,1,0,1,0,0,0,0,0,0,0,1,0,0,0,1,0,1,0
1351,0,-0.8702409464784621,-1.4727407520661506,-0.8951311577224513,0,1,1,1,1,0,0,0,1,1,0,1,0,1,0,1,0,1,0,1,0,0,0,1,0,1,0,0,0,2
1352,0,1.6137012404433893,-0.1266851819315907,1.0011833222103876,0,1,1,1,0,1,0,0,0,0,1,0,0,0,1,0,1,0,1,0,1,0,1,0,0,0,0,0,1,0
1353,0,1.369379058123207,-1.4760643460664828,-0.4059916558550545,0,1,1,1,1,0,0,0,1,1,0,1,0,1,0,1,0,1,0,1,0,1,0,1,0,1,0,0,1,2
1354,0,-0.5851984004382496,0.7839795741594444,-0.2825486752268434,1,0,0,0,1,0,1,1,0,0,0,0,0,0,0,0,1,0,1,0,0,0,0,1,0,1,0,1,0,1
1355,0,-0.9516816739185228,-1.504314895069307,-0.9268742687167324,0,0,0,0,1,0,0,0,1,1,0,1,0,1,0,1,0,1,0,1,0,0,0,1,0,1,0,0,0,2
1356,0,-0.9516816739185228,0.3469269631157543,-0.7261360407473397,0,0,0,0,1,0,1,1,0,0,0,0,0,0,0,0,0,0,0,0,0,0,0,1,1,0,0,0,0,1
1357,0,0.6364125111626608,1.5517297882361936,1.3391514970146805,0,1,1,0,1,0,1,1,0,0,1,0,1,0,1,0,0,0,1,0,1,0,0,1,0,0,0,1,0,0
1358,0,-0.9109613101984924,0.179085466098976,-0.6812897970702215,0,1,0,0,1,0,0,1,0,0,0,0,0,0,0,0,0,0,0,0,0,0,0,0,0,0,1,0,0,1
1359,0,-0.9516816739185228,0.9966895901807084,-0.6131711544362122,1,0,0,0,1,0,1,1,0,0,0,0,0,0,0,0,0,0,1,0,1,0,0,1,0,1,0,0,0,1
1360,1,-0.7888002190384014,1.0066603721817051,-0.4366538686987309,1,0,0,0,1,0,1,1,0,0,0,0,0,0,0,0,0,0,1,0,1,0,0,1,0,1,0,1,0,1
1361,0,-1.1552834925186746,0.4549437681265523,-0.8601674114222879,1,1,0,0,1,0,1,1,0,0,0,0,1,0,0,0,0,0,0,0,0,0,0,0,0,1,0,0,0,1
1362,0,-1.1552834925186746,0.180747263099142,-0.9008003582266418,1,1,0,0,1,0,0,1,0,0,0,0,0,0,0,0,0,0,0,0,0,0,0,1,0,1,0,0,0,1
1363,0,1.6137012404433893,0.9052907551715716,1.850614854563948,0,0,1,0,1,0,1,0,0,0,1,0,1,0,1,0,1,0,1,0,1,0,1,0,0,0,0,0,1,0
1364,0,0.758573602322752,0.6892571451499756,0.9451089732545418,0,0,1,1,1,0,0,0,0,0,1,0,1,0,1,0,1,0,1,0,1,0,1,0,1,0,0,0,1,0
1365,0,1.0843365120829946,-0.788080387997708,0.0763095107738245,1,1,1,0,0,1,0,0,0,0,0,0,1,0,0,0,0,0,0,0,1,0,0,1,0,0,0,0,1,0
1366,0,-0.9109613101984924,0.6925807391503077,-0.6467231153968107,1,1,1,0,1,0,1,1,0,0,0,0,0,0,0,0,0,0,1,0,0,0,0,1,0,1,0,0,0,1
1367,1,1.1657772395230557,0.5779167461388456,1.1581562046532667,0,1,1,0,1,0,1,1,0,0,0,0,1,0,0,0,0,0,0,0,0,0,0,1,0,1,0,0,1,0
1368,0,0.880734693482843,0.6526976111463211,0.9725064325004744,0,1,0,0,1,0,0,1,0,0,1,0,0,0,1,0,1,0,0,0,0,1,0,0,0,1,0,0,1,0
1369,0,0.0256070553622056,-0.128346978931757,-0.1084799546876701,0,0,0,0,1,0,1,0,0,0,1,0,1,0,0,0,0,0,0,0,0,0,0,1,0,0,1,1,0,1
1370,0,-0.2187151269579764,-1.479387940066815,-0.7683351869127735,0,0,0,0,1,0,0,0,1,1,0,1,0,1,0,1,0,1,0,1,0,0,1,1,0,0,0,1,0,2
1371,1,-1.2774445836787656,0.4798707231290441,-0.9708381465566224,1,0,0,0,1,0,0,1,0,0,0,0,0,0,0,0,0,0,1,0,0,0,0,1,0,1,0,0,0,1
1372,0,-0.3815965818380978,1.0149693571825356,-0.0383098114821054,0,1,0,0,1,0,0,1,0,0,0,0,1,0,0,0,0,0,1,0,1,0,0,0,0,0,1,1,0,1
1373,0,-1.2774445836787656,-1.4926823160681442,-0.9970223527763662,0,1,0,1,1,0,0,0,1,1,0,1,0,1,0,1,0,1,0,1,0,0,0,0,0,0,1,0,0,2
1374,0,0.5142514200025698,0.6510358141461546,0.6963259254480794,0,1,1,1,1,0,0,0,0,0,1,0,1,0,1,0,1,0,1,0,1,0,1,1,0,0,1,1,0,0
1375,0,0.2699292376823877,-1.4926823160681442,-0.6286566748795653,0,0,1,1,1,0,0,0,1,1,0,1,0,1,0,1,0,1,0,1,0,0,1,1,0,0,0,1,0,2
1376,0,-1.1145631287986442,0.1741000750984774,-0.8525128877843341,1,1,0,0,1,0,0,0,0,0,0,0,0,0,1,0,0,0,1,0,1,1,0,1,0,0,1,0,0,1
1377,0,1.6137012404433893,0.5829021371393436,1.5597650154676357,0,1,1,1,1,0,1,0,0,0,1,0,1,0,1,0,1,0,1,0,0,0,1,0,0,0,0,0,1,0
1378,0,1.0436161483629645,0.0677450670878454,0.7458928263543678,0,0,1,1,1,0,1,0,0,0,0,0,1,0,0,0,0,0,1,0,0,0,0,1,0,0,0,0,1,0
1379,0,1.5322605130033284,-0.6700928009859131,0.343423708848701,0,0,0,0,0,1,0,0,0,0,1,0,1,0,1,0,1,0,0,0,0,0,1,1,0,0,0,0,1,0
1380,0,1.1657772395230557,1.1196625681930017,1.705377437756203,0,1,1,1,1,0,0,1,0,0,0,0,1,0,0,0,1,0,1,0,1,1,0,1,0,0,0,0,1,0
1381,0,-1.2367242199587352,0.1973652331008032,-0.94877900062592,0,1,0,0,1,0,0,1,0,0,0,0,0,0,0,0,0,0,0,0,0,0,0,0,0,0,1,0,0,1
1382,0,0.5549717837226001,-1.3231790220511994,-0.4914046688987344,0,0,1,1,1,0,1,0,1,1,0,1,0,1,0,1,0,1,0,1,0,1,0,0,0,0,1,1,0,2
1383,0,-1.2774445836787656,-0.4922805219681379,-0.9837427469260832,1,0,0,0,1,0,1,0,0,0,0,0,0,0,0,0,0,0,0,0,0,0,0,1,0,0,0,0,0,1
1384,0,-0.4223169455581282,0.1491731200959855,-0.3201815781846218,1,0,1,0,1,0,0,1,0,0,0,0,0,0,0,0,0,0,0,0,0,0,0,1,0,1,0,1,0,1
1385,0,0.6364125111626608,1.2542681252064576,1.157891494902098,0,0,0,0,1,0,0,1,0,0,1,0,0,0,1,0,1,0,1,0,1,0,1,1,1,0,0,1,0,0
1386,0,1.2879383306831464,0.7241548821534641,1.4792050145287106,0,1,0,0,1,0,1,0,0,0,0,0,1,0,1,0,1,0,1,0,1,0,1,0,1,0,0,0,1,0
1387,0,1.6137012404433893,-1.3447823830533592,-0.2808060026983179,0,1,1,1,1,0,1,0,1,1,0,1,0,1,0,1,0,1,0,1,0,0,1,0,0,0,0,0,1,2
1388,0,-0.8295205827584317,-0.2130986259402292,-0.6790618233312206,0,0,1,1,1,0,0,0,0,0,0,0,0,0,1,0,0,0,1,0,0,0,0,1,1,0,0,0,0,1
1389,1,0.0663274190822359,0.9800716201790473,0.4137482660757806,1,0,1,0,1,0,1,1,0,0,0,0,1,0,1,0,0,0,0,0,1,0,0,1,0,1,0,1,0,1
1390,0,1.6137012404433893,0.1325551500943243,1.1508105090583425,0,0,1,1,1,0,0,0,0,0,1,0,1,0,1,0,0,0,0,0,1,0,1,0,1,0,0,0,1,0
1391,0,-0.1372743995179157,0.6992279271509723,0.0708167834370796,0,1,1,0,1,0,1,1,0,0,0,0,1,0,1,0,0,0,0,0,0,0,0,1,0,1,0,1,0,1
1392,0,0.0256070553622056,-1.4843733310673135,-0.7320037735649065,0,1,1,1,1,0,0,0,1,1,0,1,0,1,0,1,0,1,0,1,0,1,0,0,1,0,0,1,0,2
1393,0,-1.2774445836787656,-1.4760643460664828,-0.9968017613170592,0,0,0,0,1,0,0,0,1,1,0,1,0,1,0,1,0,1,0,1,0,0,0,0,0,0,1,0,0,2
1394,0,1.2064976032430856,1.5301264272340338,2.012330453381928,0,0,1,1,1,0,1,1,0,0,0,0,1,0,1,0,1,0,1,0,1,1,0,1,0,1,0,0,1,0
1395,0,0.3513699651224484,0.2738078951084448,0.3182983416336307,1,1,1,0,1,0,1,0,0,0,0,0,0,0,1,0,0,0,1,0,1,1,0,1,0,1,0,1,0,1
1396,0,1.2879383306831464,1.1728400721983174,1.7534663758851343,1,0,0,0,1,0,1,1,0,0,0,0,0,0,1,0,0,0,1,0,1,1,0,1,1,0,0,0,1,0
1397,0,-1.1552834925186746,0.6011819041411709,-0.8647777729218048,0,0,0,0,1,0,0,1,0,0,0,0,0,0,1,0,0,0,0,0,1,0,0,1,1,0,0,0,0,1
1398,0,-0.3408762181180675,0.6510358141461546,-0.1507452782908961,0,0,0,0,1,0,1,1,0,0,1,0,0,0,0,0,1,0,0,0,0,0,0,1,0,1,0,1,0,1
1399,0,-0.748079855318371,-1.502653098069141,-0.8758514641790174,0,0,1,1,1,0,0,0,1,1,0,1,0,1,0,1,0,1,0,1,0,1,0,0,0,0,1,1,0,2
1400,0,-1.1960038562387048,-1.4893587220678115,-0.9800588695556558,0,1,0,1,1,0,0,0,1,1,0,1,0,1,0,1,0,1,0,1,0,0,0,0,0,0,1,0,0,2
1401,1,-1.1552834925186746,1.1645310871974868,-0.8104019782026232,1,0,0,0,1,0,0,1,0,0,0,0,1,0,1,0,0,0,1,0,1,0,0,1,1,0,0,0,0,1
1402,0,-0.5851984004382496,-0.9891578250178088,-0.7618056797172855,1,0,0,1,0,1,0,0,0,0,0,0,0,0,0,0,0,0,0,0,1,0,0,1,0,1,0,1,0,1
1403,0,-0.9924020376385532,0.0494653000860181,-0.7646954278342075,0,1,0,0,1,0,0,0,0,0,0,0,0,0,0,0,0,0,1,0,1,0,0,1,0,1,0,0,0,1
1404,0,0.1070477828022663,-1.3780183230566818,-0.6541129292835961,0,0,0,0,1,0,1,0,1,1,0,1,0,1,0,1,0,1,0,1,0,0,1,0,0,0,0,1,0,2
1405,0,-1.2774445836787656,0.3735157151184122,-0.9722499318961872,1,0,0,0,1,0,1,1,0,0,0,0,0,0,0,0,0,0,0,0,0,0,0,0,0,1,0,0,0,1
1406,0,1.369379058123207,-1.3115464430500368,-0.2673278645346587,0,1,0,1,1,0,1,0,1,1,0,1,0,1,0,1,0,1,0,1,0,0,1,1,1,0,0,0,1,2
1407,0,-0.9924020376385532,-0.6717545979860794,-0.8542555603128597,0,1,0,1,0,1,0,0,0,0,1,0,0,0,0,0,1,0,0,0,1,0,1,1,0,0,1,0,0,1
1408,0,1.5729808767233588,1.307445629211773,2.264378254786134,0,0,1,0,1,0,1,1,0,0,1,0,0,0,1,0,0,0,1,0,1,1,0,1,1,0,0,0,1,0
1409,0,0.4328106925625091,0.9235705221733987,0.7761579745712915,0,0,1,1,1,0,1,1,0,0,0,0,0,0,1,0,0,0,0,0,1,0,0,1,0,0,0,1,0,0
1410,1,-1.2367242199587352,0.966777244177718,-0.9304037320656446,1,0,0,0,1,0,1,1,0,0,0,0,0,0,0,0,0,0,1,0,1,0,0,1,0,1,0,0,0,1
1411,1,-0.1372743995179157,1.219370388202969,0.2950921201145318,0,1,0,0,1,0,0,1,0,0,0,0,1,0,1,0,0,0,1,0,1,0,0,1,0,0,0,1,0,1
1412,0,-0.7073594915983407,0.6493740171459885,-0.4285361029962324,1,0,1,0,1,0,0,1,0,0,0,0,0,0,1,0,0,0,1,0,0,0,0,1,0,1,0,1,0,1
1413,0,1.3286586944031769,0.9900424021800438,1.6760608328142994,0,1,1,1,1,0,1,1,0,0,1,0,1,0,1,0,1,0,0,0,0,0,1,0,1,0,0,0,1,0
1414,0,0.1070477828022663,1.0216165451832002,0.5022716186956895,0,1,0,0,1,0,1,1,0,0,0,0,0,0,1,0,1,0,1,0,0,0,0,0,0,1,0,1,0,1
1415,0,1.2879383306831464,1.181149057199148,1.9077039242326064,0,1,0,0,1,0,0,1,0,0,1,0,1,0,0,0,0,0,1,0,1,1,0,1,1,0,0,0,1,0
1416,0,1.0436161483629645,-0.3078210549496983,0.3914023512479789,0,0,1,1,0,1,0,0,0,0,0,0,0,0,1,0,1,0,1,0,1,0,1,1,1,0,0,0,1,0
1417,1,-0.5851984004382496,-0.4956041159684701,-0.6238257219207415,0,0,0,0,1,0,0,0,0,0,0,0,1,0,0,0,0,0,0,0,0,0,0,1,1,0,0,1,0,1
1418,0,1.4100994218432374,0.8238627021634315,1.805923024908345,0,1,1,1,1,0,1,1,0,0,0,0,1,0,0,0,0,0,0,0,1,0,0,1,0,0,0,0,1,0
1419,0,1.247217966963116,-1.51594747407047,-0.4864854793561878,0,1,1,1,1,0,0,0,1,1,0,1,0,1,0,1,0,1,0,1,0,0,1,1,0,0,1,0,1,2
1420,0,1.125056875803025,1.1645310871974868,1.6350308213831928,0,0,1,0,1,0,1,1,0,0,0,0,1,0,0,0,0,0,1,0,1,0,0,1,0,1,0,0,1,0
1421,1,-0.9516816739185228,0.6526976111463211,-0.6826133458260636,1,1,0,0,1,0,1,1,0,0,0,0,0,0,0,0,0,0,0,0,1,0,0,1,1,0,0,0,0,1
1422,0,1.5322605130033284,1.6049072922415093,2.4659106120090324,0,0,1,1,1,0,1,1,0,0,1,0,1,0,1,0,1,0,1,0,1,0,1,1,1,0,0,0,1,0
1423,0,-0.7073594915983407,1.2077378092018058,-0.3422186649693936,1,1,1,0,1,0,1,1,0,0,0,0,0,0,1,0,0,0,1,0,1,0,0,1,0,1,0,1,0,1
1424,0,0.6364125111626608,-1.4893587220678115,-0.5925237938450747,0,0,0,1,1,0,0,0,1,1,0,1,0,1,0,1,0,1,0,1,0,1,0,0,0,0,1,1,0,2
1425,0,-0.8295205827584317,0.3120292261122658,-0.6786868178503985,0,1,1,0,1,0,0,0,0,0,0,0,0,0,1,0,1,0,1,0,1,0,0,1,0,1,0,0,0,1
1426,1,1.5729808767233588,0.9052907551715716,1.8994979219463848,0,1,1,0,1,0,1,1,0,0,1,0,1,0,1,0,1,0,0,0,0,1,0,1,0,1,0,0,1,0
1427,1,0.4735310562825394,0.3020584441112687,0.3717697113696537,0,1,0,0,1,0,0,1,0,0,0,0,0,0,1,0,0,0,0,0,0,0,0,0,0,1,0,1,0,1
1428,0,-1.2774445836787656,-0.4756625519664766,-0.9835221554667763,1,1,0,0,1,0,1,0,0,0,0,0,0,0,0,0,0,0,0,0,0,0,0,1,0,1,0,0,0,1
1429,0,0.5142514200025698,-1.3397969920528607,-0.5256625225291155,0,1,1,1,1,0,1,0,1,1,0,1,0,1,0,1,0,1,0,1,0,0,1,0,0,0,1,1,0,2
1430,0,-0.3815965818380978,-1.328164413051698,-0.7342979247416996,0,0,0,0,1,0,1,0,1,1,0,1,0,1,0,1,0,1,0,1,0,1,0,0,1,0,0,1,0,2
1431,0,0.4328106925625091,0.0029349840813665,0.2772683302025241,0,0,1,0,1,0,1,0,0,0,0,0,0,0,0,0,1,0,1,0,0,1,0,1,0,0,0,1,0,1
1432,0,0.1070477828022663,-1.462769970065154,-0.6793485922283197,0,1,0,0,1,0,0,0,1,1,0,1,0,1,0,1,0,1,0,1,0,0,0,0,0,0,0,1,0,2
1433,0,-0.9516816739185228,0.1392023380949889,-0.7437833574919017,0,1,1,0,1,0,0,0,0,0,1,0,1,0,0,0,1,0,1,0,0,0,0,1,0,0,1,0,0,1
1434,0,-0.8295205827584317,1.1695164781979852,-0.5060298826507903,1,1,0,0,1,0,1,1,0,0,0,0,0,0,0,0,1,0,1,0,1,0,0,1,0,0,1,0,0,1
1435,1,1.3286586944031769,1.4835961112293827,2.182847651426258,0,0,1,0,1,0,1,1,0,0,1,0,1,0,1,0,0,0,1,0,1,0,0,1,1,0,0,0,1,0
1436,0,-1.2367242199587352,0.8853491911695783,-0.920366820667175,1,0,0,0,1,0,1,1,0,0,0,0,0,0,1,0,0,0,1,0,0,0,0,1,0,1,0,0,0,1
1437,0,-0.2187151269579764,-0.5238546649712943,-0.436058271758602,0,1,0,0,1,0,1,0,0,0,0,0,0,0,0,0,0,0,0,0,0,0,0,0,0,0,1,1,0,1
1438,0,0.3106496014024181,-0.4823097399671412,-0.1130241387493948,0,0,0,0,1,0,0,0,0,0,0,0,0,0,1,0,0,0,0,0,0,1,0,1,0,0,1,1,0,1
1439,1,-1.1145631287986442,0.358559542116917,-0.8515202262174525,1,0,0,0,1,0,0,1,0,0,0,0,0,0,1,0,0,0,0,0,0,0,0,1,1,0,0,0,0,1
1440,0,-0.9924020376385532,-1.491020519067978,-0.9378597233902222,0,1,1,1,1,0,0,0,1,1,0,1,0,1,0,1,0,1,0,1,0,1,0,0,1,0,0,0,0,2
1441,1,1.0436161483629645,1.0980592071908415,1.4025494824195197,0,0,1,0,1,0,1,1,0,0,0,0,1,0,0,0,0,0,1,0,1,1,0,1,0,0,0,0,1,0
1442,0,0.7992939660427822,1.181149057199148,1.3079819238145978,0,0,1,1,1,0,0,1,0,0,1,0,0,0,1,0,0,0,1,0,1,1,0,0,0,1,0,0,1,0
1443,0,-1.1960038562387048,-0.2978502729487016,-0.9375950136390536,0,1,1,0,1,0,0,0,0,0,0,0,0,0,1,0,1,0,0,0,0,0,0,1,0,0,1,0,0,1
1444,0,0.3513699651224484,1.541759006235197,0.9826977579204588,0,1,0,1,1,0,0,1,0,0,1,0,1,0,1,0,1,0,1,0,1,0,1,1,0,1,0,1,0,0
1445,0,-0.5037576729981889,1.1229861621933337,-0.1093182022330367,0,1,0,0,1,0,1,1,0,0,0,0,0,0,0,0,1,0,1,0,1,0,0,1,0,0,1,1,0,1
1446,0,-1.2774445836787656,-0.4889569279678058,-0.9836986286342218,0,1,0,1,1,0,1,0,0,0,0,0,0,0,0,0,0,0,0,0,0,0,0,1,0,1,0,0,0,1
1447,0,-1.1552834925186746,0.53304822713436,-0.8591085724176142,1,1,0,1,1,0,1,1,0,0,0,0,0,0,0,0,1,0,0,0,0,0,0,0,1,0,0,0,0,1
1448,0,-0.3815965818380978,-1.4594463760648215,-0.7967032485796568,0,1,0,0,1,0,0,0,1,1,0,1,0,1,0,1,0,1,0,1,0,0,0,0,0,1,0,1,0,2
1449,1,-1.0738427650786138,-1.504314895069307,-0.9586614980028744,0,0,0,0,1,0,0,0,1,1,0,1,0,1,0,1,0,1,0,1,0,0,0,0,0,0,0,0,0,2
1450,0,-0.9924020376385532,-1.5093002860698053,-0.9384553203303512,0,1,1,1,1,0,0,0,1,1,0,1,0,1,0,1,0,1,0,1,0,0,0,1,0,0,1,0,0,2
1451,0,-0.5851984004382496,0.1574821050968162,-0.4766250411251638,0,1,0,0,1,0,1,0,0,0,1,0,0,0,1,0,0,0,1,0,0,0,0,0,0,0,1,1,0,1
1452,1,0.7992939660427822,-0.5305018529719588,0.1214645824939726,0,1,0,0,0,1,0,0,0,0,1,0,0,0,0,0,0,0,1,0,1,0,0,1,1,0,0,0,1,1
1453,0,-0.055833672077855,0.9883806051798778,0.3085923174241217,0,1,0,0,1,0,0,1,0,0,0,0,1,0,0,0,0,0,1,0,1,0,0,1,0,1,0,1,0,1
1454,0,-0.1372743995179157,-1.4660935640654862,-0.7168711994564446,0,1,1,1,1,0,0,0,1,1,0,1,0,1,0,1,0,1,0,1,0,0,0,1,0,0,1,1,0,2
1455,0,0.1477681465222966,1.3722557122182522,0.685891949422857,0,0,1,0,1,0,1,1,0,0,1,0,1,0,1,0,1,0,0,0,1,0,1,1,1,0,0,1,0,0
1456,0,-0.6666391278783103,1.1711782751981514,-0.3286743493679423,1,0,1,0,1,0,1,1,0,0,0,0,1,0,0,0,0,0,1,0,1,0,0,1,0,1,0,1,0,1
1457,0,0.3920903288424788,1.4470365772257276,1.0175512084909688,0,1,1,0,1,0,1,1,0,0,0,0,0,0,1,0,1,0,1,0,1,1,0,1,0,1,0,1,0,0
1458,0,-1.2774445836787656,-1.4694171580658184,-0.9967135247333362,1,1,0,0,1,0,0,0,1,1,0,1,0,1,0,1,0,1,0,1,0,0,0,0,0,1,0,0,0,2
1459,0,1.125056875803025,1.1595456961969886,1.6153099449211448,0,0,0,0,1,0,0,1,0,0,0,0,1,0,1,0,0,0,1,0,1,0,1,1,0,1,0,0,1,0
1460,0,-1.1145631287986442,0.682609957149311,-0.8186520987807058,1,1,0,0,1,0,1,1,0,0,0,0,1,0,1,0,0,0,0,0,0,0,0,1,0,1,0,0,0,1
1461,0,-0.4223169455581282,1.034910921184529,-0.0197580697543847,0,1,1,0,1,0,1,1,0,0,1,0,0,0,0,0,1,0,1,0,0,0,0,0,1,0,0,1,0,1
1462,0,0.1477681465222966,-1.4876969250676455,-0.7116211227249374,0,1,1,0,1,0,0,0,1,1,0,1,0,1,0,1,0,1,0,1,0,1,0,0,0,0,1,1,0,2
1463,0,-1.1552834925186746,0.1873944510998066,-0.8818074335803071,1,0,0,0,1,0,0,1,0,0,0,0,0,0,0,0,0,0,0,0,0,0,0,0,0,1,0,0,0,1
1464,0,-0.9516816739185228,0.006258578081699,-0.7640998308940786,0,1,0,0,1,0,0,0,0,0,1,0,0,0,0,0,1,0,0,0,1,0,0,0,0,0,1,0,0,1
1465,0,-1.2774445836787656,0.3269853991137605,-0.9728675879822468,0,1,1,1,1,0,0,1,0,0,0,0,1,0,0,0,0,0,0,0,0,0,0,0,1,0,0,0,0,1
1466,0,-0.8295205827584317,-0.5172074769706297,-0.7537982097444406,0,1,1,1,1,0,0,0,0,0,1,0,0,0,0,0,0,0,0,0,0,0,0,1,0,1,0,0,0,1
1467,0,-0.3815965818380978,0.2987348501109366,-0.2307979188734154,0,0,0,0,1,0,1,0,0,0,0,0,0,0,0,0,1,0,1,0,1,1,0,1,0,0,1,1,0,1
1468,0,1.2064976032430856,0.9152615371725684,1.52283800517964,0,1,0,0,1,0,1,1,0,0,1,0,1,0,0,0,0,0,0,0,1,1,0,1,0,0,0,0,1,0
1469,0,0.188488510242327,1.1312951471941644,0.5275734590782054,1,1,0,0,1,0,1,1,0,0,0,0,0,0,0,0,1,0,1,0,1,0,0,0,0,0,0,1,0,1
1470,0,-0.9924020376385532,-1.5142856770703037,-0.9365802929262412,0,0,0,0,1,0,0,0,1,1,0,1,0,1,0,1,0,1,0,1,0,0,0,0,0,0,1,0,0,2
1471,0,-0.055833672077855,0.7939503561604415,0.1780021735143629,0,1,1,0,1,0,1,1,0,0,0,0,0,0,1,0,0,0,1,0,0,0,0,0,1,0,0,1,0,1
1472,0,-0.7888002190384014,0.3203382111130964,-0.610149051443706,1,1,1,1,1,0,1,1,0,0,0,0,0,0,0,0,0,0,0,0,0,0,0,1,1,0,0,1,0,1
1473,0,-0.3408762181180675,1.1296333501939984,0.0562798062687468,1,0,0,0,1,0,1,1,0,0,0,0,0,0,1,0,0,0,1,0,1,0,0,1,0,1,0,1,0,1
1474,0,0.5142514200025698,1.0365727181846955,0.9604180205304492,0,1,1,1,1,0,1,1,0,0,0,0,1,0,1,0,0,0,0,0,1,0,0,1,0,0,0,1,0,0
1475,1,1.4915401492832985,1.3506523512160928,2.082037354522948,0,0,1,0,1,0,1,1,0,0,0,0,1,0,0,0,1,0,1,0,1,0,1,0,1,0,0,0,1,0
1476,0,-1.2367242199587352,-1.479387940066815,-0.989544302305858,0,1,0,0,1,0,0,0,1,1,0,1,0,1,0,1,0,1,0,1,0,0,0,0,0,0,1,0,0,2
1477,0,1.1657772395230557,1.3705939152180862,1.882953562498358,1,1,1,1,1,0,1,1,0,0,1,0,1,0,0,0,0,0,1,0,1,1,0,1,0,1,0,0,1,0
1478,0,0.3513699651224484,1.327387193213767,0.9117776037532505,1,1,0,0,1,0,1,1,0,0,0,0,1,0,1,0,0,0,1,0,1,0,0,1,0,1,0,1,0,0
1479,0,0.4735310562825394,-0.5221928679711283,-0.0065005230500325,0,0,0,0,0,1,0,0,0,0,0,0,0,0,1,0,0,0,1,0,1,1,0,1,0,1,0,1,0,1
1480,0,0.2699292376823877,-0.9708780580159816,-0.4282052158072718,0,1,0,0,0,1,0,0,0,0,0,0,0,0,1,0,1,0,0,0,0,1,0,0,0,0,1,1,0,1
1481,0,1.6137012404433893,0.0112439690821971,1.0917361162559214,0,1,1,1,0,1,0,0,0,0,1,0,1,0,1,0,1,0,1,0,1,0,1,1,1,0,0,0,1,0
1482,1,-0.7888002190384014,1.0664850641876853,-0.4606762786172659,0,0,0,0,1,0,0,1,0,0,0,0,0,0,1,0,0,0,1,0,1,0,0,1,0,1,0,1,0,1
1483,0,0.758573602322752,0.1657910900976468,0.5659343138516969,0,0,1,1,1,0,0,0,0,0,1,0,1,0,0,0,1,0,0,0,1,1,0,1,1,0,0,0,1,0
1484,1,1.5729808767233588,1.1445895231954937,2.1768034454412457,0,0,1,0,1,0,0,1,0,0,0,0,1,0,1,0,0,0,1,0,1,0,1,1,0,1,0,0,1,0
1485,1,-0.4223169455581282,1.0614996731871873,-0.0868178733837203,1,1,0,0,1,0,1,1,0,0,0,0,0,0,0,0,0,0,1,0,1,0,0,1,0,1,0,1,0,1
1486,0,-1.2367242199587352,-0.3227772279511935,-0.9604482888232614,1,0,0,0,1,0,0,0,0,0,0,0,1,0,0,0,1,0,0,0,0,0,0,1,1,0,0,0,0,1
1487,0,0.9621754209229036,1.397182667220744,1.60355242014008,0,0,0,0,1,0,1,1,0,0,0,0,1,0,1,0,0,0,1,0,1,1,0,1,0,1,0,0,1,0
1488,0,-1.2774445836787656,-0.4490737999638187,-0.983169209131885,0,1,0,0,1,0,0,0,0,0,1,0,0,0,0,0,0,0,0,0,0,0,0,0,0,0,1,0,0,1
1489,0,-0.3815965818380978,-0.2330401899422227,-0.4398083265668214,0,0,1,1,1,0,0,0,0,0,1,0,1,0,0,0,1,0,0,0,0,1,0,1,0,0,1,1,0,1
1490,1,1.369379058123207,0.2023506241013013,1.0849198401633344,0,0,1,0,1,0,1,0,0,0,0,0,1,0,1,0,0,0,1,0,0,1,0,1,0,0,0,0,1,0
1491,0,-1.2774445836787656,-1.502653098069141,-0.9971547076519502,0,0,0,0,1,0,0,0,1,1,0,1,0,1,0,1,0,1,0,1,0,0,0,0,0,0,1,0,0,2
1492,1,-0.5444780367182193,0.7789941831589463,-0.2223272068360256,1,1,0,0,1,0,1,1,0,0,0,0,1,0,0,0,0,0,1,0,0,0,0,1,0,1,0,1,0,1
1493,0,-0.8702409464784621,0.4898415051300408,-0.6547526445155863,0,1,0,0,1,0,0,1,0,0,1,0,0,0,1,0,0,0,0,0,0,0,0,1,0,0,0,0,0,1
1494,0,-0.9924020376385532,-1.4960059100684764,-0.9418083105118178,1,0,1,1,1,0,0,0,1,1,0,1,0,1,0,1,0,1,0,1,0,1,0,1,0,0,1,0,0,2
1495,0,0.7992939660427822,1.109691786192005,1.1972229520965405,0,0,1,1,1,0,1,1,0,0,1,0,1,0,1,0,0,0,0,0,1,0,0,0,0,0,0,0,1,0
1496,0,-1.1960038562387048,-1.479387940066815,-0.9786691433620216,0,1,0,0,1,0,0,0,1,1,0,1,0,1,0,1,0,1,0,1,0,0,0,1,0,1,0,0,0,2
1497,0,0.758573602322752,0.4782089261288781,0.7671357838856343,0,0,1,1,1,0,0,1,0,0,1,0,1,0,0,0,0,0,0,0,0,0,0,1,0,0,0,0,1,0
1498,1,-0.7073594915983407,0.3618831361172495,-0.4998974400820549,1,1,0,0,1,0,1,1,0,0,0,0,0,0,0,0,0,0,0,0,0,0,0,0,0,1,0,1,0,1
1499,1,1.2879383306831464,0.9800716201790473,1.6772299675486264,0,1,1,0,1,0,1,1,0,0,0,0,1,0,1,0,0,0,0,0,1,0,0,1,0,1,0,0,1,0
1500,0,0.188488510242327,-0.8163309370005319,-0.3533364745184677,0,0,0,0,0,1,0,0,0,0,0,0,0,0,1,0,0,0,0,0,1,0,0,1,1,0,0,1,0,1
1501,0,-0.7888002190384014,-1.4893587220678115,-0.8982856155905418,0,1,0,0,1,0,0,0,1,1,0,1,0,1,0,1,0,1,0,1,0,0,1,0,0,0,1,1,0,2
1502,0,0.6771328748826912,-0.3128064459501966,0.156273914772621,0,1,1,0,1,0,1,0,0,0,1,0,0,0,0,0,0,0,0,0,0,1,0,1,0,1,0,0,1,1
1503,1,0.5142514200025698,1.2426355462052947,1.0833756999481852,0,0,0,0,1,0,1,1,0,0,0,0,0,0,1,0,0,0,1,0,1,1,0,1,0,0,0,1,0,0
1504,0,-0.5851984004382496,0.2106596091021319,-0.4552938470101745,0,0,0,0,1,0,0,1,0,0,0,0,0,0,0,0,0,0,0,0,0,0,0,1,0,1,0,1,0,1
1505,1,-1.2774445836787656,0.3303089931140931,-0.9728234696903856,1,1,0,0,1,0,1,1,0,0,0,0,0,0,0,0,0,0,0,0,0,0,0,1,0,1,0,0,0,1
1506,0,1.4508197855632678,-0.3543513709543497,0.6682887509701564,0,1,1,0,0,1,0,0,0,0,1,0,0,0,1,0,0,0,1,0,1,0,1,1,0,0,0,0,1,0
1507,0,0.880734693482843,-1.4993295040688086,-0.5607586237048631,0,1,0,0,1,0,0,0,1,1,0,1,0,1,0,1,0,1,0,1,0,0,1,0,1,0,0,0,1,2
1508,1,-0.3815965818380978,0.787303168159777,-0.0658175664576914,0,0,1,1,1,0,0,1,0,0,0,0,1,0,1,0,0,0,0,0,1,0,0,1,0,0,0,1,0,1
1509,0,-0.62591876415828,0.395119076120572,-0.4262640109653701,1,1,0,0,1,0,0,1,0,0,0,0,0,0,1,0,0,0,0,0,0,0,0,1,0,1,0,1,0,1
1510,0,1.5729808767233588,0.5197538511330312,1.5209409186295997,0,1,1,0,1,0,1,0,0,0,1,0,1,0,1,0,1,0,0,0,1,0,1,0,1,0,0,0,1,0
1511,0,1.4100994218432374,-1.5126238800701377,-0.4000798047456262,0,0,1,1,1,0,0,0,1,1,0,1,0,1,0,1,0,1,0,1,0,0,1,1,0,0,0,0,1,2
1512,0,-0.748079855318371,0.6659919871476498,-0.4746397179914006,0,0,1,1,1,0,1,1,0,0,0,0,0,0,0,0,0,0,1,0,0,0,0,1,0,1,0,1,0,1
1513,1,-1.2774445836787656,-1.2949284730483754,-0.9943973144106124,1,0,0,0,0,1,0,0,0,0,0,0,0,0,0,0,0,0,0,0,0,0,0,1,0,0,1,0,0,1
1514,0,1.247217966963116,-1.504314895069307,-0.4696984693029233,0,0,0,1,1,0,0,0,1,1,0,1,0,1,0,1,0,1,0,1,0,0,1,0,1,0,0,0,1,2
1515,0,0.3513699651224484,0.1275697590938257,0.2635254822876967,0,0,0,0,1,0,1,0,0,0,0,0,0,0,1,0,1,0,0,0,1,1,0,1,0,1,0,1,0,1
1516,0,-0.62591876415828,0.925232319173565,-0.3088431771762407,0,0,1,0,1,0,1,1,0,0,0,0,0,0,0,0,0,0,1,0,1,0,0,0,0,1,0,1,0,1
1517,0,0.9621754209229036,1.1894580421999783,1.4273219032996982,0,1,1,0,1,0,1,1,0,0,1,0,0,0,0,0,0,0,1,0,1,1,0,1,0,1,0,0,1,0
1518,0,-1.1145631287986442,-1.4694171580658184,-0.9633821552320448,0,0,0,0,1,0,0,0,1,1,0,1,0,1,0,1,0,1,0,1,0,0,0,0,1,0,0,0,0,2
1519,0,-1.2367242199587352,-0.736564680992558,-0.9738381904031976,1,0,0,0,0,1,0,0,0,0,1,0,1,0,0,0,0,0,0,0,1,0,0,1,0,1,0,0,0,1
1520,0,-1.1960038562387048,-1.5009913010689746,-0.9814044774574288,0,0,1,0,1,0,0,0,1,1,0,1,0,1,0,1,0,1,0,1,0,0,0,1,0,0,1,0,0,2
1521,0,0.188488510242327,0.0893484280900052,0.0721623913388526,0,1,0,0,1,0,1,0,0,0,1,0,1,0,1,0,1,0,0,0,0,1,0,0,0,1,0,1,0,1
1522,0,-0.1372743995179157,0.1358787440946564,-0.1364288925818701,1,0,0,0,1,0,0,0,0,0,1,0,1,0,1,0,0,0,0,0,1,0,0,1,0,0,0,1,0,1
1523,0,-0.9924020376385532,-0.7049905379894018,-0.8578070828077027,0,1,0,0,1,0,0,0,0,0,0,0,0,0,0,0,0,0,0,0,0,0,0,0,0,0,1,0,0,1
1524,0,1.247217966963116,1.4985522842308774,2.083802086197404,0,0,0,0,1,0,1,1,0,0,0,0,1,0,1,0,1,0,1,0,1,0,0,1,1,0,0,0,1,0
1525,0,-1.0331224013585834,-1.4660935640654862,-0.935653808797152,0,0,1,1,1,0,0,0,1,1,0,1,0,1,0,1,0,1,0,1,0,0,0,0,0,0,1,0,0,2
1526,0,-1.1960038562387048,1.0182929511828682,-0.8764470611191463,0,0,0,0,1,0,0,1,0,0,0,0,1,0,0,0,0,0,1,0,1,0,0,0,0,1,0,0,0,1
1527,0,1.6137012404433893,-1.4544609850643233,-0.3467628490311183,0,1,1,1,1,0,0,0,1,1,0,1,0,1,0,1,0,1,0,1,0,0,1,0,0,0,0,0,1,2
1528,0,-0.5444780367182193,-0.2845558969473725,-0.5233904304982531,0,0,0,0,1,0,0,0,0,0,0,0,0,0,0,0,0,0,0,0,1,0,0,1,0,1,0,1,0,1
1529,0,1.0843365120829946,-1.5408744290729617,-0.5390744832549826,0,0,1,0,1,0,0,0,1,1,0,1,0,1,0,1,0,1,0,1,0,0,1,0,0,0,0,0,1,2
1530,0,-1.2367242199587352,0.8388188751649267,-0.9219330200282548,1,1,1,1,1,0,0,1,0,0,0,0,0,0,1,0,1,0,0,0,1,0,0,0,1,0,0,0,0,1
1531,0,0.1070477828022663,-1.2965902700485417,-0.6164138488880255,0,0,1,1,1,0,1,0,1,1,0,1,0,1,0,1,0,1,0,1,0,0,0,1,0,1,0,1,0,2
1532,0,-0.748079855318371,-1.5009913010689746,-0.8732484849591945,0,1,0,0,1,0,0,0,1,1,0,1,0,1,0,1,0,1,0,1,0,0,0,0,1,0,0,1,0,2
1533,0,-0.748079855318371,0.3519123541162524,-0.5531482183587707,1,0,0,0,1,0,0,1,0,0,0,0,0,0,1,0,0,0,0,0,0,0,0,0,0,1,0,1,0,1
1534,0,1.4915401492832985,-1.4943441130683104,-0.3718220388083963,0,0,1,1,1,0,0,0,1,1,0,1,0,1,0,1,0,1,0,1,0,0,1,0,1,0,0,0,1,2
1535,1,-1.0331224013585834,-0.0186683769207927,-0.7962179473691814,0,1,1,0,1,0,1,0,0,0,1,0,1,0,0,0,1,0,0,0,0,0,0,0,0,1,0,0,0,1
1536,0,1.4915401492832985,0.3652067301175816,1.3713799092194363,0,1,1,1,1,0,0,0,0,0,1,0,1,0,1,0,1,0,1,0,0,0,1,1,0,0,0,0,1,0
1537,0,1.6137012404433893,0.4715617381282135,1.5222644673854415,0,0,1,1,1,0,1,0,0,0,0,0,1,0,0,0,1,0,1,0,1,0,1,1,0,1,0,0,1,0
1538,0,-0.9924020376385532,1.1994288242009752,-0.6442083727607106,1,1,0,0,1,0,1,1,0,0,0,0,1,0,0,0,0,0,1,0,1,0,0,0,0,1,0,0,0,1
1539,0,-1.1552834925186746,-0.4806479429669752,-0.9099990220797448,0,0,1,1,1,0,0,0,0,0,1,0,0,0,0,0,0,0,0,0,0,0,0,0,0,1,0,0,0,1
1540,0,1.247217966963116,0.5164302571326987,1.1544061498450473,0,1,1,1,1,0,0,1,0,0,0,0,1,0,1,0,0,0,0,0,0,0,0,1,1,0,0,0,1,0
1541,0,1.6137012404433893,-1.4926823160681442,-0.3730794101264464,0,1,0,0,1,0,0,0,1,1,0,1,0,1,0,1,0,1,0,1,0,0,1,0,0,0,0,0,1,2
1542,0,0.5549717837226001,-1.451137391063991,-0.5923473206776291,0,0,0,0,1,0,0,0,1,1,0,1,0,1,0,1,0,1,0,1,0,0,1,1,0,1,0,1,0,2
1543,0,-1.1145631287986442,0.1724382780983114,-0.8601232931304265,1,0,1,0,1,0,0,1,0,0,0,0,0,0,0,0,0,0,0,0,0,0,0,0,0,1,0,0,0,1
1544,0,-0.0965540357978854,-0.4906187249679718,-0.3550791470469931,0,1,1,0,1,0,0,0,0,0,0,0,0,0,1,0,0,0,0,0,0,0,0,1,0,0,1,1,0,1
1545,0,1.247217966963116,1.329048990213933,1.8780123138098803,0,1,0,0,1,0,1,1,0,0,0,0,1,0,1,0,0,0,1,0,1,0,1,1,0,0,0,0,1,0
1546,0,1.125056875803025,-1.4926823160681442,-0.5080813832223456,0,0,0,0,1,0,0,0,1,1,0,1,0,1,0,1,0,1,0,1,0,0,1,0,0,0,0,0,1,2
1547,0,1.247217966963116,1.42044782522307,2.026801253112469,1,0,1,0,1,0,1,1,0,0,0,0,1,0,1,0,0,0,1,0,1,1,0,1,0,1,0,0,1,0
1548,0,-0.3001558543980371,0.7025515211513048,-0.035596536532629,0,1,1,1,1,0,0,1,0,0,0,0,0,0,0,0,1,0,1,0,0,0,0,0,0,1,0,1,0,1
1549,0,-1.2774445836787656,-0.62854787598176,-0.9855515968924008,1,1,0,0,1,0,0,0,0,0,0,0,0,0,0,0,0,0,0,0,0,0,0,1,0,0,1,0,0,1
1550,1,-1.0738427650786138,0.53304822713436,-0.804115121612373,0,1,1,0,1,0,1,1,0,0,0,0,0,0,1,0,0,0,0,0,0,0,0,1,0,1,0,0,0,1
1551,0,-0.4223169455581282,-1.3132082400502028,-0.7558497103159959,0,1,0,0,1,0,1,0,1,1,0,1,0,1,0,1,0,1,0,1,0,0,1,0,0,0,1,1,0,2
1552,0,-0.055833672077855,0.5247392421335293,0.08464786793563,0,0,1,1,1,0,1,0,0,0,0,0,1,0,0,0,1,0,1,0,1,0,1,0,0,0,0,1,0,1
1553,0,0.2699292376823877,0.5563133851366857,0.3651078492985816,0,0,1,1,1,0,0,1,0,0,0,0,0,0,1,0,1,0,0,0,0,0,0,1,0,0,0,1,0,1
1554,0,-0.2594354906780068,-1.4577845790646555,-0.7771147269931931,0,1,0,0,1,0,0,0,1,1,0,1,0,1,0,1,0,1,0,1,0,0,0,0,0,0,1,1,0,2
1555,0,0.8400143297628127,1.3739175092184182,1.539735310962558,1,0,1,0,1,0,0,1,0,0,1,0,1,0,1,0,0,0,1,0,1,1,0,1,0,0,0,0,1,0
1556,0,-1.2774445836787656,0.895319973170575,-0.9653233600739468,1,0,0,0,1,0,0,1,0,0,0,0,1,0,0,0,1,0,1,0,0,0,0,0,0,1,0,0,0,1
1557,0,-0.8295205827584317,0.0827012400893406,-0.6385832905483815,0,1,0,0,1,0,1,0,0,0,1,0,1,0,0,0,1,0,0,0,0,0,0,1,0,1,0,0,0,1
1558,0,-0.6666391278783103,1.0249401391835322,-0.3194536263689086,1,0,0,0,1,0,1,1,0,0,0,0,1,0,1,0,0,0,0,0,1,0,0,1,1,0,0,1,0,1
1559,0,-1.2367242199587352,-1.4760643460664828,-0.9857942474976384,0,0,0,0,1,0,0,0,1,1,0,1,0,1,0,1,0,1,0,1,0,0,0,0,0,0,1,0,0,2
1560,0,0.2699292376823877,-0.6551366279844181,-0.2157976996405377,0,1,0,1,0,1,0,0,0,0,1,0,0,0,0,0,1,0,1,0,0,1,0,0,0,0,0,1,0,1
1561,0,-1.2774445836787656,0.3386179781149237,-0.972713173960732,1,1,0,0,1,0,1,1,0,0,0,0,0,0,0,0,0,0,0,0,0,0,0,1,0,1,0,0,0,1
1562,0,-1.0331224013585834,-1.0007904040189717,-0.8969841259806304,0,0,1,1,0,1,0,0,0,0,1,0,0,0,0,0,1,0,0,0,0,0,0,0,0,0,1,0,0,1
1563,1,-1.1552834925186746,0.1524967140963176,-0.8903443230554889,0,1,0,0,1,0,0,1,0,0,0,0,0,0,0,0,0,0,0,0,0,0,0,0,0,1,0,0,0,1
1564,1,-0.9109613101984924,1.0166311541827018,-0.6094431587739235,1,1,0,0,1,0,1,1,0,0,0,0,0,0,0,0,0,0,1,0,1,0,0,1,0,1,0,0,0,1
1565,0,0.9214550572028734,0.5579751821368518,0.983734537779202,0,0,0,0,1,0,0,1,0,0,0,0,1,0,1,0,0,0,0,0,0,0,0,1,0,1,0,0,1,0
1566,0,1.6137012404433893,0.3535741511164189,1.4120128560237906,0,1,1,1,1,0,0,0,0,0,0,0,1,0,1,0,0,0,1,0,1,0,1,1,0,0,0,0,1,0
1567,0,-0.9109613101984924,0.1009810070911679,-0.7176212104180885,0,0,1,0,1,0,0,0,0,0,0,0,0,0,1,0,0,0,1,0,1,0,0,1,1,0,0,0,0,1
1568,1,-0.8702409464784621,1.5500679912360276,-0.4838383818445035,0,1,0,0,1,0,1,1,0,0,0,0,1,0,1,0,1,0,1,0,1,0,0,1,0,1,0,0,0,1
1569,0,-0.7073594915983407,-0.613591702980265,-0.7236654164031009,0,0,1,1,1,0,0,0,0,0,0,0,0,0,0,0,0,0,0,0,0,0,0,0,0,1,0,1,0,1
1570,0,-0.3815965818380978,-1.4744025490663168,-0.7945635114243788,0,0,1,1,1,0,0,0,1,1,0,1,0,1,0,1,0,1,0,1,0,0,1,0,0,0,0,1,0,2
1571,0,-1.2774445836787656,-1.4860351280674795,-0.9969341161926432,0,1,0,1,1,0,0,0,1,1,0,1,0,1,0,1,0,1,0,1,0,0,0,0,0,0,1,0,0,2
1572,1,-1.1960038562387048,-0.6567984249845842,-0.9497054847550094,1,0,0,0,1,0,0,0,0,0,0,0,0,0,0,0,0,0,0,0,0,0,0,0,0,1,0,0,0,1
1573,0,0.5956921474426305,1.0415581091851935,0.9316528942368132,0,1,1,1,1,0,0,1,0,0,1,0,1,0,1,0,0,0,0,0,1,1,0,1,0,1,0,1,0,0
1574,0,-0.7073594915983407,-1.4993295040688086,-0.8863957359338932,0,0,0,1,1,0,0,0,1,1,0,1,0,1,0,1,0,1,0,1,0,1,0,0,0,0,1,1,0,2
1575,0,1.369379058123207,1.15456030519649,1.954778141648725,1,1,0,0,1,0,0,1,0,0,0,0,1,0,1,0,0,0,1,0,1,0,0,0,0,1,0,0,1,0
1576,1,1.4508197855632678,-0.1366559639325876,0.7483193324067451,0,0,1,0,1,0,0,0,0,0,0,0,1,0,1,0,1,0,0,0,0,1,0,1,0,0,0,0,1,0
1577,0,-0.62591876415828,1.1246479591934997,-0.253585016619831,1,0,1,1,1,0,0,1,0,0,0,0,0,0,1,0,1,0,1,0,1,1,0,0,0,0,0,1,0,1
1578,0,-1.0331224013585834,-0.1748772949364084,-0.822269798713341,1,0,0,0,1,0,0,0,0,0,0,0,0,0,0,0,1,0,1,0,0,0,0,1,0,0,1,0,0,1
1579,1,-0.8295205827584317,0.5214156481331973,-0.586567824443785,1,1,1,0,1,0,0,1,0,0,0,0,0,0,0,0,0,0,0,0,1,0,0,1,0,1,0,0,0,1
1580,1,-0.4630373092781585,0.2306011731041257,-0.345306945399692,0,0,1,0,1,0,1,0,0,0,0,0,1,0,1,0,0,0,0,0,1,1,0,0,0,0,0,1,0,1
1581,0,-0.4630373092781585,-0.9559218850144864,-0.6615909797541041,0,1,0,0,0,1,0,0,0,0,0,0,1,0,0,0,1,0,0,0,0,0,0,1,0,0,1,1,0,1
1582,0,0.9621754209229036,0.0145675630825296,0.5437207538994796,0,0,1,1,1,0,1,0,0,0,1,0,0,0,0,0,0,0,1,0,0,1,0,0,0,0,0,0,1,0
1583,0,-1.0738427650786138,-0.5255164619714603,-0.885226601199566,0,0,1,1,1,0,1,0,0,0,0,0,0,0,0,0,0,0,0,0,0,0,0,1,1,0,0,0,0,1
1584,1,1.3286586944031769,-0.3742929349563432,0.5462575556815104,0,0,0,0,0,1,0,0,0,0,0,0,1,0,1,0,0,0,1,0,1,0,1,1,0,0,0,0,1,0
1585,0,0.3920903288424788,0.5214156481331973,0.4836095812383152,0,1,1,0,1,0,1,0,0,0,1,0,0,0,0,0,1,0,1,0,1,1,0,0,1,0,0,1,0,0
1586,0,1.4508197855632678,1.4719635322282196,2.306864169848668,0,0,1,1,1,0,1,1,0,0,1,0,0,0,1,0,1,0,1,0,1,0,1,1,0,0,0,0,1,0
1587,0,0.6364125111626608,-1.2783105030467143,-0.4564850408904325,0,1,1,1,1,0,1,0,1,1,0,1,0,1,0,1,0,1,0,1,0,0,1,0,0,0,0,1,0,2
1588,1,0.7178532386027215,1.397182667220744,1.3536443558911515,0,0,0,0,1,0,1,1,0,0,0,0,1,0,0,0,1,0,1,0,1,1,0,1,0,1,0,0,1,0
1589,1,-1.0331224013585834,0.006258578081699,-0.7879898859370293,0,0,0,0,1,0,0,0,0,0,0,0,1,0,1,0,0,0,1,0,0,0,0,1,0,1,0,0,0,1
1590,0,1.247217966963116,-1.5093002860698053,-0.4481908020204884,0,0,1,1,1,0,0,0,1,1,0,1,0,1,0,1,0,1,0,1,0,0,1,0,0,1,0,0,1,2
1591,0,-0.62591876415828,-1.451137391063991,-0.8356817594392082,0,1,0,0,1,0,0,0,1,1,0,1,0,1,0,1,0,1,0,1,0,0,0,0,1,0,0,1,0,2
1592,0,0.3920903288424788,0.4383257981248911,0.487183162879089,1,0,1,1,1,0,0,1,0,0,0,0,0,0,0,0,0,0,1,0,0,0,0,1,1,0,0,1,0,1
1593,0,-1.1552834925186746,-1.5259182560714666,-0.968632231963552,0,1,1,1,1,0,0,0,1,1,0,1,0,1,0,1,0,1,0,1,0,0,0,0,0,0,1,0,0,2
1594,0,1.2064976032430856,-1.288281285047711,-0.2828133849780118,0,0,0,1,1,0,1,0,1,1,0,1,0,1,0,1,0,1,0,1,0,0,1,0,0,0,0,0,1,2
1595,1,-1.2367242199587352,0.3303089931140931,-0.9328081789720912,1,1,0,0,1,0,0,1,0,0,0,0,1,0,0,0,0,0,0,0,0,0,0,1,0,1,0,0,0,1
1596,0,-1.2367242199587352,0.1857326540996401,-0.9527275877475156,0,0,1,0,1,0,0,1,0,0,0,0,0,0,0,0,0,0,0,0,0,0,0,1,0,1,0,0,0,1
1597,0,0.6364125111626608,1.068146861187852,0.9678298935631654,0,1,1,0,1,0,1,1,0,0,1,0,1,0,1,0,0,0,1,0,0,0,1,1,0,0,0,1,0,0
1598,0,-0.2187151269579764,-1.502653098069141,-0.7761220654263115,0,1,1,0,1,0,0,0,1,1,0,1,0,1,0,1,0,1,0,1,0,0,1,0,0,0,0,1,0,2
1599,0,1.5322605130033284,0.5197538511330312,1.516837917486489,0,0,1,1,1,0,0,0,0,0,0,0,1,0,1,0,1,0,1,0,1,0,1,1,0,0,0,0,1,0
1600,1,-1.2774445836787656,0.7989357471609396,-0.9666027905379272,1,1,0,0,1,0,1,1,0,0,0,0,0,0,1,0,0,0,1,0,0,0,0,1,0,1,0,0,0,1
1601,0,0.5549717837226001,0.9933659961803764,0.8968215028122342,0,1,1,0,1,0,1,1,0,0,0,0,1,0,1,0,0,0,1,0,0,1,0,1,0,1,0,1,0,0
1602,0,-0.0965540357978854,0.8471278601657574,0.2098335210923667,1,1,0,0,1,0,0,1,0,0,0,0,0,0,0,0,0,0,1,0,1,0,0,1,0,1,0,1,0,1
1603,0,-0.7073594915983407,-0.0037122039192975,-0.5670013620032519,1,0,0,0,1,0,1,0,0,0,1,0,0,0,0,0,0,0,0,0,1,0,0,1,0,0,0,1,0,1
1604,0,1.4915401492832985,1.0299255301840309,1.866872445114876,0,1,1,1,1,0,1,1,0,0,0,0,1,0,1,0,0,0,1,0,0,1,0,0,1,0,0,0,1,0
1605,0,1.3286586944031769,-1.502653098069141,-0.4681322699418433,0,1,0,0,1,0,0,0,1,1,0,1,0,1,0,1,0,1,0,1,0,0,1,1,1,0,0,0,1,2
1606,1,1.6137012404433893,1.307445629211773,2.2800181892510025,0,1,1,1,1,0,0,1,0,0,1,0,0,0,1,0,1,0,1,0,1,0,1,1,1,0,0,0,1,0
1607,1,-0.7888002190384014,0.8072447321617703,-0.4898825878295161,1,1,1,0,1,0,0,1,0,0,0,0,1,0,0,0,1,0,0,0,1,0,0,1,0,0,0,1,0,1
1608,0,-0.62591876415828,-1.4843733310673135,-0.8824692079582281,0,1,0,0,1,0,0,0,1,1,0,1,0,1,0,1,0,1,0,1,0,1,0,1,0,0,1,1,0,2
1609,0,0.758573602322752,1.5550533822365258,1.517940874783024,0,1,1,0,1,0,1,1,0,0,1,0,0,0,1,0,1,0,1,0,1,1,0,1,0,1,0,0,1,0
1610,0,0.758573602322752,-0.1416413549330859,0.3713505875969702,0,1,1,1,1,0,0,0,0,0,1,0,1,0,0,0,1,0,0,0,0,0,1,0,1,0,0,0,1,0
1611,0,1.6137012404433893,0.8703930181680831,1.8480559936359868,0,0,1,0,1,0,1,0,0,0,1,0,1,0,1,0,1,0,1,0,1,0,1,1,0,0,0,0,1,0
1612,0,1.4100994218432374,0.7524054311562884,1.6054936249819822,1,1,1,1,1,0,1,1,0,0,0,0,1,0,1,0,0,0,0,0,0,1,0,0,0,1,0,0,1,0
1613,0,0.0663274190822359,-1.4976677070686424,-0.7077166538952031,0,1,0,0,1,0,0,0,1,1,0,1,0,1,0,1,0,1,0,1,0,0,0,0,0,0,1,1,0,2
1614,0,1.4100994218432374,-0.4590445819648154,0.5479340507722437,0,1,1,0,0,1,0,0,0,0,1,0,1,0,0,0,1,0,0,0,1,0,1,1,0,0,0,0,1,0
1615,0,0.6771328748826912,-1.4860351280674795,-0.5985238815382258,0,0,1,0,1,0,0,0,1,1,0,1,0,1,0,1,0,1,0,1,0,1,0,1,0,0,0,0,1,2
1616,0,0.8400143297628127,-1.5076384890696393,-0.515912380027745,0,1,1,1,1,0,0,0,1,1,0,1,0,1,0,1,0,1,0,1,0,0,1,1,0,0,1,0,1,2
1617,0,-0.2187151269579764,-0.1765390919365744,-0.2947473829265218,0,1,0,0,1,0,1,0,0,0,0,0,0,0,1,0,1,0,0,0,0,0,0,0,0,1,0,1,0,1
1618,1,-0.3815965818380978,0.9966895901807084,0.0061173084223292,1,0,0,0,1,0,0,1,0,0,0,0,1,0,0,0,0,0,1,0,1,0,0,1,0,1,0,1,0,1
1619,0,1.4915401492832985,0.5563133851366857,1.4442192090826165,0,1,0,0,1,0,1,0,0,0,1,0,1,0,1,0,1,0,0,0,1,0,1,1,1,0,0,0,1,0
1620,0,-1.2367242199587352,-1.1869116680375775,-0.9860368981028764,0,0,1,1,0,1,0,0,0,0,0,0,0,0,0,0,1,0,0,0,0,0,0,0,0,0,0,0,0,1
1621,0,0.1070477828022663,0.720831288153132,0.3306073450629628,1,0,0,0,1,0,1,1,0,0,0,0,0,0,0,0,0,0,1,0,0,0,0,1,0,1,0,1,0,1
1622,0,0.5549717837226001,0.1940416391004707,0.4197042354770702,0,0,1,0,1,0,0,0,0,0,1,0,1,0,0,0,1,0,0,0,1,1,0,0,0,0,1,1,0,0
1623,0,0.880734693482843,1.0781176431888486,1.257245888173982,0,0,0,0,1,0,1,1,0,0,0,0,1,0,0,0,0,0,1,0,1,0,1,1,0,0,0,0,1,0
1624,0,0.9621754209229036,1.113015380192337,1.4244100960368455,1,0,1,0,1,0,1,1,0,0,0,0,1,0,0,0,0,0,1,0,1,1,0,1,0,1,0,0,1,0
1625,0,-0.9516816739185228,0.3652067301175816,-0.7164079573918998,1,0,1,0,1,0,0,1,0,0,0,0,0,0,1,0,0,0,0,0,0,0,0,1,0,0,0,0,0,1
1626,0,-0.5037576729981889,-0.184848076937405,-0.480242741057799,0,1,0,0,1,0,1,0,0,0,1,0,0,0,0,0,1,0,0,0,0,0,0,0,0,0,0,1,0,1
1627,0,-0.8702409464784621,0.3701921211180801,-0.6235389530236424,0,1,0,0,1,0,0,1,0,0,0,0,1,0,0,0,0,0,0,0,0,0,0,1,0,0,1,0,0,1
1628,1,-0.0965540357978854,0.8404806721650927,0.1532959300719761,0,0,1,0,1,0,1,1,0,0,0,0,1,0,0,0,0,0,1,0,0,0,0,1,0,1,0,1,0,1
1629,0,1.4508197855632678,0.2056742181016338,1.0860669157517306,0,1,1,0,1,0,0,0,0,0,1,0,1,0,1,0,0,0,0,0,1,0,1,0,0,0,0,0,1,0
1630,1,0.2292088739623573,1.2575917192067896,0.7630107235965928,0,1,1,0,1,0,1,1,0,0,0,0,1,0,1,0,0,0,1,0,1,0,0,1,0,1,0,1,0,0
1631,1,-0.62591876415828,0.684271754149477,-0.360130691465124,1,0,1,0,1,0,1,1,0,0,1,0,0,0,1,0,0,0,0,0,0,0,0,1,0,0,0,1,0,1
1632,0,0.6364125111626608,1.3739175092184182,1.2366647050206367,1,1,0,0,1,0,1,1,0,0,0,0,1,0,1,0,0,0,1,0,1,1,0,1,1,0,0,1,0,0
1633,0,-1.2774445836787656,-0.6966815529885713,-0.9864560218755596,0,0,0,0,1,0,0,0,0,0,0,0,0,0,0,0,0,0,0,0,0,0,0,0,0,1,0,0,0,1
1634,0,1.247217966963116,-0.1914952649380696,0.6299499553425955,0,1,1,1,0,1,0,0,0,0,1,0,1,0,1,0,0,0,1,0,1,0,1,0,0,1,0,0,1,0
1635,0,-1.1960038562387048,0.1724382780983114,-0.9085210593023878,0,0,0,0,1,0,0,0,0,0,0,0,0,0,1,0,0,0,1,0,1,1,0,1,0,1,0,0,0,1
1636,0,0.6364125111626608,-1.343120586053193,-0.5056107588781069,0,0,0,0,1,0,1,0,1,1,0,1,0,1,0,1,0,1,0,1,0,1,0,0,0,0,0,1,0,2
1637,0,1.369379058123207,-1.1736172920362484,-0.1308479286614023,0,1,0,0,0,1,0,0,0,0,0,0,0,0,0,0,1,0,0,0,0,1,0,0,1,0,0,0,1,1
1638,0,1.4508197855632678,0.6526976111463211,1.529588103834435,0,0,1,1,1,0,1,1,0,0,0,0,1,0,1,0,0,0,0,0,0,0,1,1,1,0,0,0,1,0
1639,1,-0.62591876415828,-0.6551366279844181,-0.6658042766268684,1,1,0,0,1,0,0,0,0,0,0,0,0,0,0,0,0,0,0,0,0,0,0,1,0,1,0,1,0,1
1640,0,-1.0331224013585834,-1.4660935640654862,-0.9466392634706416,0,0,1,1,1,0,0,0,1,1,0,1,0,1,0,1,0,1,0,1,0,1,0,0,0,0,1,0,0,2
1641,0,1.6137012404433893,0.7424346491552913,1.742833867546536,0,1,1,0,1,0,1,0,0,0,1,0,1,0,1,0,1,0,1,0,1,0,1,1,0,0,0,0,1,0
1642,0,-0.1372743995179157,-1.4926823160681442,-0.7529599621990739,0,0,1,0,1,0,0,0,1,1,0,1,0,1,0,1,0,1,0,1,0,0,0,0,0,0,1,1,0,2
1643,0,0.188488510242327,0.8504514541660894,0.5027569199061651,0,1,1,0,1,0,0,1,0,0,0,0,0,0,1,0,1,0,0,0,1,0,0,1,0,1,0,1,0,1
1644,0,0.0663274190822359,1.4968904872307114,0.5768535910873946,1,0,0,0,1,0,1,1,0,0,1,0,1,0,1,0,0,0,1,0,1,0,0,1,0,0,1,1,0,0
1645,1,0.3920903288424788,0.6610065961471517,0.5566032951230098,1,0,0,0,1,0,1,1,0,0,0,0,0,0,0,0,0,0,1,0,0,0,0,1,0,1,0,1,0,1
1646,0,1.0843365120829946,0.0245383450835263,0.6712887948167321,0,0,1,1,1,0,1,0,0,0,1,0,1,0,0,0,1,0,0,0,0,1,0,0,0,0,1,0,1,0
1647,0,-0.8702409464784621,0.4898415051300408,-0.6226124688945529,1,1,1,1,1,0,0,1,0,0,0,0,0,0,0,0,0,0,1,0,0,0,0,1,0,0,0,0,0,1
1648,1,1.125056875803025,0.5380336181348585,1.1379720861266738,0,1,1,1,1,0,1,1,0,0,1,0,0,0,0,0,0,0,0,0,0,0,0,1,0,1,0,0,1,0
1649,0,-0.2187151269579764,-0.2862176939475387,-0.3707631998037227,0,0,0,0,1,0,0,0,0,0,0,0,1,0,0,0,1,0,0,0,0,0,0,1,0,0,1,1,0,1
1650,0,-1.2774445836787656,0.6992279271509723,-0.9679263392937696,1,0,0,0,1,0,1,1,0,0,0,0,0,0,0,0,0,0,0,0,1,0,0,0,0,0,1,0,0,1
1651,1,-1.2774445836787656,0.4765471291287116,-0.9708822648484836,1,1,0,0,1,0,0,1,0,0,0,0,0,0,0,0,0,0,1,0,0,0,0,1,0,1,0,0,0,1
1652,0,-0.62591876415828,-1.0090993890198023,-0.7442686587023771,0,1,1,0,0,1,0,0,0,0,1,0,0,0,1,0,0,0,0,0,0,0,0,0,0,0,1,1,0,1
1653,0,1.0436161483629645,-1.462769970065154,-0.4825589513805228,0,1,1,0,1,0,0,0,1,1,0,1,0,1,0,1,0,1,0,1,0,0,1,0,0,0,1,0,1,2
1654,0,-1.2774445836787656,-1.5275800530716328,-0.9974855948409108,0,1,1,1,1,0,0,0,1,1,0,1,0,1,0,1,0,1,0,1,0,1,0,0,0,0,1,0,0,2
1655,0,-1.1960038562387048,-0.6800635829869099,-0.9464407311572652,1,0,1,1,1,0,0,0,0,0,0,0,0,0,0,0,0,0,0,0,0,0,0,0,0,0,1,0,0,1
1656,0,0.8400143297628127,0.8654076271675846,1.165369545372606,0,0,0,0,1,0,1,1,0,0,1,0,1,0,1,0,0,0,0,0,0,0,0,0,0,1,0,0,1,0
1657,0,0.1070477828022663,-1.30157566104904,-0.6081637283099428,0,1,0,0,1,0,1,0,1,1,0,1,0,1,0,1,0,1,0,1,0,0,0,1,0,1,0,1,0,2
1658,0,0.7178532386027215,1.3689321182179202,1.3509310809416757,1,1,1,1,1,0,1,1,0,0,1,0,0,0,1,0,0,0,1,0,1,0,0,0,1,0,0,0,1,0
1659,0,1.4508197855632678,0.2006888271011353,1.1383470916074956,0,1,1,1,1,0,1,0,0,0,0,0,1,0,0,0,1,0,0,0,1,0,1,0,1,0,0,0,1,0
1660,0,0.5956921474426305,-1.3082228490497043,-0.5031842528257296,0,1,1,0,1,0,1,0,1,1,0,1,0,1,0,1,0,1,0,1,0,0,0,0,0,1,0,1,0,2
1661,1,1.3286586944031769,1.463654547227389,2.118876128227221,0,0,1,0,1,0,1,1,0,0,0,0,1,0,1,0,0,0,1,0,1,0,0,1,0,0,0,0,1,0
1662,0,-1.1145631287986442,0.1657910900976468,-0.8625718583287345,1,1,0,0,1,0,0,1,0,0,0,0,0,0,0,0,0,0,0,0,0,0,0,1,0,1,0,0,0,1
1663,0,0.758573602322752,0.9933659961803764,1.1175232578489125,1,1,1,0,1,0,1,1,0,0,0,0,0,0,0,0,0,0,1,0,1,0,0,1,0,1,0,0,1,0
1664,0,0.5549717837226001,1.0398963121850275,0.9352044167316564,1,0,0,0,1,0,1,1,0,0,0,0,0,0,0,0,0,0,1,0,1,0,0,0,0,0,0,1,0,0
1665,0,-0.9516816739185228,0.4017662641212361,-0.7130329080645024,0,0,0,0,1,0,1,1,0,0,0,0,0,0,0,0,0,0,0,0,0,0,0,1,0,1,0,0,0,1
1666,0,-0.9924020376385532,-1.479387940066815,-0.9287272369749112,0,0,0,0,1,0,0,0,1,1,0,1,0,1,0,1,0,1,0,1,0,0,1,0,0,0,1,0,0,2
1667,0,-0.748079855318371,-1.328164413051698,-0.8638512887927152,0,1,0,0,1,0,1,0,1,1,0,1,0,1,0,1,0,1,0,1,0,1,0,1,1,0,0,1,0,2
1668,0,0.5142514200025698,1.691320736250148,1.2555032156454566,0,0,0,0,1,0,1,1,0,0,1,0,1,0,1,0,1,0,1,0,1,0,0,1,0,1,0,1,0,0
1669,0,-0.9924020376385532,0.3269853991137605,-0.7636145296836031,0,0,0,0,1,0,1,1,0,0,0,0,0,0,0,0,0,0,0,0,0,0,0,1,1,0,0,0,0,1
1670,1,-1.2774445836787656,-0.4856333339674735,-0.9836545103423604,1,1,0,1,1,0,0,0,0,0,0,0,0,0,1,0,0,0,0,0,0,0,0,1,0,0,1,0,0,1
1671,0,1.369379058123207,1.2758714862086171,2.0963096219401125,0,1,1,1,1,0,0,1,0,0,1,0,1,0,1,0,0,0,1,0,1,1,0,1,0,0,0,0,1,0
1672,0,1.6137012404433893,0.2438955491054544,1.207480454954317,0,1,1,1,1,0,1,0,0,0,1,0,1,0,1,0,1,0,0,0,0,0,1,0,1,0,0,0,1,0
1673,0,0.3513699651224484,1.6231870592433366,1.0214336181747723,1,0,1,0,1,0,1,1,0,0,1,0,1,0,1,0,1,0,1,0,1,0,0,1,0,0,0,1,0,0
1674,0,-0.3815965818380978,-1.3181936310507012,-0.7360185381242943,0,0,1,1,1,0,1,0,1,1,0,1,0,1,0,1,0,1,0,1,0,0,1,0,0,0,1,1,0,2
1675,0,-0.1372743995179157,0.4698999411280475,0.0460664217028315,1,0,0,0,1,0,0,1,0,0,0,0,0,0,0,0,0,0,1,0,0,0,0,1,0,1,0,1,0,1
1676,0,-1.1552834925186746,0.5114448661322006,-0.8646674771921513,0,0,0,0,1,0,1,1,0,0,1,0,0,0,0,0,0,0,0,0,0,0,0,1,0,1,0,0,0,1
1677,0,-1.0738427650786138,-1.3082228490497043,-0.9381464922873212,0,1,1,1,1,0,1,0,1,1,0,1,0,1,0,1,0,1,0,1,0,0,1,0,0,0,1,0,0,2
1678,1,1.4100994218432374,1.3506523512160928,2.098206708490153,0,0,1,0,1,0,1,1,0,0,1,0,1,0,1,0,1,0,0,0,1,1,0,1,1,0,0,0,1,0
1679,1,-1.0331224013585834,-0.6318714699820923,-0.8539246731238991,0,1,0,1,1,0,0,0,0,0,0,0,0,0,0,0,0,0,0,0,0,0,0,1,0,0,1,0,0,1
1680,0,0.9621754209229036,-1.3397969920528607,-0.3741603082770507,0,1,1,1,1,0,1,0,1,1,0,1,0,1,0,1,0,1,0,1,0,1,0,1,0,0,1,0,1,2
1681,0,1.6137012404433893,-1.3215172250510334,-0.1899443806097543,0,0,1,0,1,0,1,0,1,1,0,1,0,1,0,1,0,1,0,1,0,0,1,0,1,0,0,0,1,2
1682,0,1.6137012404433893,0.6809481601491449,1.6779799785102707,0,1,1,0,1,0,1,0,0,0,1,0,1,0,1,0,0,0,1,0,1,0,1,1,0,1,0,0,1,0
1683,0,-0.3815965818380978,-1.5009913010689746,-0.8175491414841707,0,1,1,1,1,0,0,0,1,1,0,1,0,1,0,1,0,1,0,1,0,0,1,0,1,0,0,1,0,2
1684,0,0.1070477828022663,-0.4856333339674735,-0.2754676893830879,0,0,0,1,1,0,1,0,0,0,0,0,0,0,0,0,0,0,0,0,0,0,0,0,0,0,1,1,0,1
1685,1,-0.2187151269579764,0.1923798421003046,-0.1481643582170038,0,1,1,0,1,0,0,1,0,0,0,0,0,0,0,0,0,0,0,0,0,0,0,1,0,1,0,1,0,1
1686,0,-0.2594354906780068,-0.1565975279345811,-0.2927620597927586,1,0,1,1,1,0,1,0,0,0,0,0,1,0,0,0,1,0,0,0,0,0,0,1,0,1,0,1,0,1
1687,0,-0.8295205827584317,-1.274986909046382,-0.86682927349336,0,1,1,1,1,0,1,0,1,1,0,1,0,1,0,1,0,1,0,1,0,1,0,0,0,0,1,0,0,2
1688,0,0.3106496014024181,-1.4827115340671475,-0.6506937616643372,0,0,0,0,1,0,0,0,1,1,0,1,0,1,0,1,0,1,0,1,0,0,1,0,0,0,1,1,0,2
1689,0,-1.0331224013585834,-0.196480655938568,-0.8003209485122921,0,1,1,1,0,1,0,0,0,0,1,0,1,0,1,0,0,0,1,0,1,0,0,0,0,0,1,0,0,1
1690,0,1.5322605130033284,1.0897502221900113,1.936491109672173,0,1,1,1,1,0,1,1,0,0,1,0,1,0,0,0,0,0,1,0,0,0,0,1,1,0,0,0,1,0
1691,0,1.125056875803025,-1.4993295040688086,-0.4932355780109828,0,1,1,1,1,0,0,0,1,1,0,1,0,1,0,1,0,1,0,1,0,0,1,0,1,0,0,0,1,2
1692,0,0.2699292376823877,-1.3132082400502028,-0.5876487225943895,0,1,1,1,0,1,0,0,0,0,0,0,0,0,0,0,0,0,0,0,0,1,0,1,1,0,0,1,0,1
1693,0,1.6137012404433893,1.651437608246161,2.689149168827741,0,1,1,0,1,0,1,1,0,0,1,0,1,0,1,0,1,0,1,0,1,0,1,0,1,0,0,0,1,0
1694,0,-1.2774445836787656,-0.9991286070188056,-0.9904707864349476,1,0,0,0,0,1,0,0,0,0,0,0,0,0,0,0,0,0,1,0,0,0,0,1,0,1,0,0,0,1
1695,0,0.880734693482843,0.1973652331008032,0.6574797694641122,0,1,1,1,1,0,1,0,0,0,0,0,1,0,0,0,1,0,1,0,0,1,0,1,0,1,0,0,1,0
1696,0,-1.1960038562387048,0.682609957149311,-0.8889545968618547,1,1,0,0,1,0,1,1,0,0,0,0,0,0,0,0,0,0,0,0,1,0,0,1,0,1,0,0,0,1
1697,0,1.247217966963116,0.358559542116917,1.071243169686299,0,0,1,1,1,0,0,0,0,0,1,0,1,0,1,0,1,0,1,0,0,0,1,0,1,0,0,0,1,0
1698,0,1.5729808767233588,0.6659919871476498,1.708553954770224,0,1,1,1,1,0,1,1,0,0,0,0,1,0,0,0,1,0,0,0,0,0,1,1,0,1,0,0,1,0
1699,0,0.3920903288424788,-1.4660935640654862,-0.5830824793867341,0,0,0,0,1,0,0,0,1,1,0,1,0,1,0,1,0,1,0,1,0,1,0,1,0,0,1,1,0,2
1700,0,0.5956921474426305,-1.4727407520661506,-0.5897443414578062,0,1,0,0,1,0,0,0,1,1,0,1,0,1,0,1,0,1,0,1,0,0,1,0,0,0,0,1,0,2
1701,0,1.369379058123207,1.2526063282062914,1.9127113503588755,1,0,1,1,1,0,1,1,0,0,0,0,1,0,1,0,0,0,1,0,1,1,0,1,1,0,0,0,1,0
1702,0,-0.4630373092781585,1.3174164112127704,-0.0350671170302922,1,0,1,0,1,0,1,1,0,0,1,0,0,0,1,0,0,0,1,0,1,0,0,1,0,0,0,1,0,1
1703,0,-0.8702409464784621,-0.9675544640156492,-0.8182329750080225,0,1,0,0,0,1,0,0,0,0,0,0,1,0,0,0,1,0,0,0,0,0,0,1,0,1,0,0,0,1
1704,0,-1.2774445836787656,1.1628692901973208,-0.9617718375791036,1,1,0,1,1,0,1,1,0,0,0,0,0,0,1,0,0,0,1,0,1,0,0,1,0,1,0,0,0,1
1705,1,0.9214550572028734,0.8537750481664219,1.2198997541133028,0,0,1,0,1,0,1,1,0,0,0,0,1,0,1,0,1,0,0,0,0,0,0,0,0,1,0,0,1,0
1706,0,1.4915401492832985,1.0930738161903435,1.96935923710892,0,1,0,0,1,0,1,1,0,0,0,0,1,0,1,0,1,0,1,0,0,0,1,1,1,0,0,0,1,0
1707,1,-1.1960038562387048,0.3020584441112687,-0.9191315084950556,0,0,0,0,1,0,0,1,0,0,0,0,0,0,1,0,0,0,0,0,0,0,0,0,0,1,0,0,0,1
1708,0,-1.1552834925186746,0.3203382111130964,-0.8735573130022243,1,1,0,0,1,0,0,0,0,0,0,0,0,0,1,0,1,0,1,0,1,0,0,1,0,1,0,0,0,1
1709,1,-0.0965540357978854,0.144187729095487,-0.0819869204248963,0,1,0,0,1,0,1,0,0,0,0,0,0,0,1,0,1,0,1,0,0,0,1,1,1,0,0,1,0,1
1710,0,-1.1145631287986442,0.5978583101408388,-0.8214756694598357,0,0,0,0,1,0,1,1,0,0,0,0,0,0,1,0,1,0,0,0,0,0,0,1,0,1,0,0,0,1
1711,0,1.5729808767233588,-1.341458789053027,-0.2445628259341737,0,0,1,0,1,0,1,0,1,1,0,1,0,1,0,1,0,1,0,1,0,0,1,1,1,0,0,0,1,2
1712,0,-0.1372743995179157,-0.3161300399505289,-0.2909752689723717,0,0,0,0,1,0,1,0,0,0,0,0,1,0,0,0,0,0,0,0,0,1,0,1,0,1,0,1,0,1
1713,0,0.7992939660427822,-0.1133908059302618,0.3925714859823062,0,1,1,0,1,0,1,0,0,0,0,0,1,0,0,0,1,0,0,0,0,0,0,0,0,0,0,0,1,0
1714,0,1.4508197855632678,0.398442670120904,1.3030406751261203,0,1,0,0,1,0,1,0,0,0,1,0,1,0,1,0,0,0,0,0,1,1,0,0,1,0,0,0,1,0
1715,0,0.5549717837226001,-1.5076384890696393,-0.5787809459302471,0,0,1,1,1,0,0,0,1,1,0,1,0,1,0,1,0,1,0,1,0,0,1,0,0,0,1,1,0,2
1716,0,-0.9924020376385532,-0.3327480099521901,-0.8125196562119705,0,1,0,0,1,0,0,0,0,0,0,0,0,0,0,0,0,0,0,0,1,0,0,1,1,0,0,0,0,1
1717,0,1.6137012404433893,-1.4976677070686424,-0.3784618417335377,0,1,1,0,1,0,0,0,1,1,0,1,0,1,0,1,0,1,0,1,0,0,1,0,1,0,0,0,1,2
1718,0,-0.62591876415828,-1.491020519067978,-0.8632115735607249,0,0,0,0,1,0,0,0,1,1,0,1,0,1,0,1,0,1,0,1,0,1,0,0,0,0,0,1,0,2
1719,0,-1.1960038562387048,1.435403998224565,-0.8652189558404189,0,1,0,0,1,0,0,1,0,0,0,0,1,0,1,0,1,0,1,0,1,0,0,1,0,1,0,0,0,1
1720,1,-1.2367242199587352,0.6327560471443273,-0.9335581899337352,0,0,0,0,1,0,0,1,0,0,0,0,1,0,0,0,0,0,1,0,0,0,0,1,0,0,0,0,0,1
1721,0,-0.9516816739185228,0.3153528201125979,-0.7235771798193781,1,0,0,0,1,0,0,1,0,0,1,0,0,0,0,0,0,0,0,0,0,0,0,1,1,0,0,0,0,1
1722,0,0.758573602322752,-0.2779087089467081,0.2862243434503894,0,0,0,0,0,1,0,0,0,0,0,0,1,0,1,0,0,0,1,0,1,1,0,1,1,0,0,0,1,0
1723,0,-1.0738427650786138,-1.4843733310673135,-0.9615071278279352,0,0,1,1,1,0,0,0,1,1,0,1,0,1,0,1,0,1,0,1,0,0,1,0,0,0,1,0,0,2
1724,0,-1.1960038562387048,1.001674981181207,-0.8852486603454967,0,0,1,0,1,0,1,1,0,0,0,0,0,0,0,0,0,0,1,0,1,0,0,0,0,1,0,0,0,1
1725,1,-0.62591876415828,0.9784098231788813,-0.296291523141671,0,0,0,0,1,0,1,1,0,0,0,0,0,0,0,0,0,0,1,0,1,0,0,1,0,1,0,1,0,1
1726,0,-0.0965540357978854,-0.4939423189683041,-0.3696161242153261,0,1,1,0,1,0,1,0,0,0,0,0,0,0,0,0,0,0,0,0,0,0,0,0,0,1,0,1,0,1
1727,0,-0.055833672077855,0.2089978121019659,-0.0492290887178031,0,1,0,0,1,0,1,0,0,0,0,0,1,0,0,0,1,0,1,0,0,0,0,1,0,1,0,1,0,1
1728,0,0.5142514200025698,0.5612987761371843,0.5907287938778064,0,0,0,0,1,0,0,0,0,0,1,0,0,0,1,0,1,0,1,0,1,0,1,0,0,0,0,1,0,0
1729,0,1.2879383306831464,0.8205391081630994,1.5057201079374147,0,1,1,0,1,0,1,1,0,0,1,0,1,0,1,0,0,0,0,0,0,1,0,0,0,0,0,0,1,0
1730,0,-1.2774445836787656,-0.1632447159352455,-0.9793750360318042,1,1,0,0,1,0,1,0,0,0,0,0,0,0,0,0,0,0,1,0,0,0,0,1,0,1,0,0,0,1
1731,1,-1.2774445836787656,0.1608056990971482,-0.9750735025753172,1,0,0,0,1,0,0,1,0,0,0,0,0,0,0,0,0,0,0,0,0,0,0,1,0,1,0,0,0,1
1732,1,1.1657772395230557,1.1379423351948288,1.6277733623719917,0,1,1,1,1,0,1,1,0,0,0,0,1,0,0,0,0,0,1,0,1,1,0,0,0,1,0,0,1,0
1733,0,-1.2774445836787656,-1.519271068070802,-0.9973752991112572,0,1,0,0,1,0,0,0,1,1,0,1,0,1,0,1,0,1,0,1,0,0,0,0,0,0,1,0,0,2
1734,0,-0.9516816739185228,-0.6435040489832552,-0.821012427395291,1,1,0,0,0,1,0,0,0,0,0,0,0,0,0,0,0,0,1,0,1,0,0,1,0,1,0,0,0,1
1735,0,1.6137012404433893,1.651437608246161,2.568044457668185,0,1,1,1,1,0,1,1,0,0,1,0,1,0,1,0,1,0,1,0,1,0,1,0,0,0,0,0,1,0
1736,0,-1.2774445836787656,-1.504314895069307,-0.997176766797881,1,0,0,0,1,0,0,0,1,1,0,1,0,1,0,1,0,1,0,1,0,0,0,0,0,0,1,0,0,2
1737,0,-1.0331224013585834,-0.681725379987076,-0.8674910478712812,0,0,1,0,1,0,0,0,0,0,0,0,0,0,0,0,0,0,0,0,0,0,0,1,0,0,1,0,0,1
1738,0,1.369379058123207,0.8570986421667539,1.699090581165953,0,0,1,0,1,0,1,1,0,0,0,0,1,0,1,0,1,0,0,0,0,1,0,1,0,0,0,0,1,0
1739,0,-1.2774445836787656,0.1707764810981453,-0.974941147699733,1,1,0,0,1,0,0,1,0,0,0,0,0,0,0,0,0,0,0,0,0,0,0,1,0,1,0,0,0,1
1740,0,0.3106496014024181,-1.4744025490663168,-0.6769662044678039,0,1,1,1,1,0,0,0,1,1,0,1,0,1,0,1,0,1,0,1,0,0,0,1,0,0,0,1,0,2
1741,0,-0.6666391278783103,0.220630391103129,-0.4710220180587655,0,1,0,0,1,0,1,0,0,0,0,0,1,0,1,0,0,0,0,0,1,0,0,1,0,0,0,1,0,1
1742,0,-1.2367242199587352,0.7440964461554579,-0.9247124724155232,1,0,0,0,1,0,0,1,0,0,0,0,1,0,0,0,0,0,1,0,0,0,0,1,0,0,0,0,0,1
1743,0,1.4100994218432374,-1.326502616051532,-0.3071666820855073,0,1,1,0,1,0,1,0,1,1,0,1,0,1,0,1,0,1,0,1,0,0,1,0,1,0,0,0,1,2
1744,0,0.3513699651224484,1.3190782082129364,0.8304455327067505,0,0,1,0,1,0,0,1,0,0,1,0,1,0,1,0,0,0,1,0,1,1,0,1,0,0,0,1,0,0
1745,0,0.9621754209229036,-1.4943441130683104,-0.5116990831549808,0,0,1,1,1,0,0,0,1,1,0,1,0,1,0,1,0,1,0,1,0,0,1,1,1,0,0,0,1,2
1746,0,1.6137012404433893,1.717909488252806,2.529661543748763,0,0,0,0,1,0,1,1,0,0,1,0,1,0,1,0,1,0,1,0,1,0,1,1,0,0,0,0,1,0
1747,0,-1.1960038562387048,0.6643301901474837,-0.888932537715924,1,0,1,1,1,0,1,1,0,0,0,0,0,0,0,0,0,0,0,0,1,0,0,1,0,0,0,0,0,1
1748,0,0.880734693482843,-1.4860351280674795,-0.5194197842307267,0,0,1,0,1,0,0,0,1,1,0,1,0,1,0,1,0,1,0,1,0,0,1,0,1,0,0,0,1,2
1749,1,0.7992939660427822,1.5284646302338678,1.5671989476462826,0,1,0,0,1,0,1,1,0,0,0,0,1,0,1,0,1,0,1,0,1,0,0,1,0,1,0,0,1,0
1750,0,0.7178532386027215,0.82884809316393,0.8932920394633218,0,0,0,0,1,0,0,1,0,0,0,0,0,0,1,0,1,0,0,0,1,0,1,1,0,0,0,0,1,0
1751,0,-0.748079855318371,0.8371570781647607,-0.4858898824160588,1,1,0,0,1,0,1,1,0,0,0,0,0,0,0,0,1,0,1,0,0,0,0,1,0,1,0,1,0,1
1752,0,-0.2187151269579764,-0.533825446972291,-0.3785280191713299,0,1,1,0,1,0,0,0,0,0,1,0,0,0,0,0,0,0,0,0,0,1,0,0,1,0,0,1,0,1
1753,1,1.6137012404433893,1.0581760791868549,2.006396543126569,0,0,1,0,1,0,1,1,0,0,1,0,1,0,1,0,1,0,0,0,0,0,1,1,0,0,0,0,1,0
1754,0,1.2064976032430856,0.3170146171127639,1.066919577083881,0,1,0,0,1,0,0,0,0,0,1,0,1,0,0,0,0,0,1,0,1,1,0,1,1,0,0,0,1,0
1755,0,-0.8295205827584317,-0.3477041829536853,-0.7170256134779596,0,0,0,0,1,0,0,0,0,0,0,0,1,0,0,0,1,0,0,0,0,0,0,1,0,1,0,0,0,1
1756,1,0.4735310562825394,0.3352943841145911,0.43602800346579,0,0,0,0,1,0,0,0,0,0,0,0,0,0,1,0,1,0,1,0,1,1,0,0,0,0,0,1,0,1
1757,0,0.880734693482843,0.5047976781315361,0.9186821164295604,0,1,1,1,1,0,0,1,0,0,0,0,1,0,0,0,1,0,0,0,0,0,1,1,0,0,0,0,1,0
1758,0,1.4508197855632678,-1.4860351280674795,-0.3939032438850295,0,0,0,0,1,0,0,0,1,1,0,1,0,1,0,1,0,1,0,1,0,0,1,0,0,0,0,0,1,2
1759,0,-0.5037576729981889,-1.5076384890696393,-0.8225124493185787,0,1,0,0,1,0,0,0,1,1,0,1,0,1,0,1,0,1,0,1,0,0,0,0,0,0,1,1,0,2
1760,0,0.7178532386027215,-0.3277626189516918,0.1475164338381321,0,1,1,1,1,0,1,0,0,0,0,0,0,0,1,0,0,0,0,0,0,1,0,0,0,0,0,0,1,0
1761,0,1.0436161483629645,-1.3397969920528607,-0.3380053680966295,0,1,0,0,1,0,1,0,1,1,0,1,0,1,0,1,0,1,0,1,0,0,1,1,1,0,0,0,1,2
1762,0,0.1070477828022663,0.827186296163764,0.3890640817793244,0,1,1,1,1,0,1,1,0,0,0,0,1,0,0,0,0,0,1,0,0,0,0,1,0,0,0,1,0,1
1763,0,-1.2367242199587352,-0.6435040489832552,-0.9700660764490476,0,0,0,0,1,0,0,0,0,0,0,0,0,0,0,0,0,0,0,0,0,0,0,1,0,1,0,0,0,1
1764,0,1.247217966963116,0.3635449331174155,1.057500321771471,0,1,1,1,1,0,1,0,0,0,1,0,0,0,1,0,1,0,0,0,1,0,1,0,0,0,1,0,1,0
1765,0,1.0436161483629645,1.5251410362335358,1.873666662061532,0,0,1,0,1,0,1,1,0,0,1,0,1,0,1,0,0,0,1,0,1,1,0,1,1,0,0,0,1,0
1766,0,-0.2187151269579764,-1.4694171580658184,-0.7484378372832798,0,0,1,1,1,0,0,0,1,1,0,1,0,1,0,1,0,1,0,1,0,1,0,1,0,0,1,1,0,2
1767,0,1.5729808767233588,1.6747027662484868,2.5581399011453,0,0,1,0,1,0,1,1,0,0,1,0,1,0,1,0,1,0,1,0,1,0,1,1,1,0,0,0,1,0
1768,0,1.247217966963116,-0.2064514379395648,0.539904521653468,0,0,0,0,1,0,0,0,0,0,0,0,0,0,1,0,0,0,0,0,1,1,0,0,1,0,0,0,1,0
1769,0,1.5729808767233588,0.9468356801757248,1.9366675828396185,0,1,1,0,1,0,1,1,0,0,0,0,1,0,1,0,0,0,0,0,1,0,0,1,0,0,0,0,1,0
1770,1,0.3513699651224484,1.609892683242008,1.0631474631297309,1,0,0,0,1,0,1,1,0,0,1,0,1,0,1,0,0,0,1,0,1,0,0,1,0,1,0,1,0,0
1771,1,-0.7888002190384014,0.8554368451665879,-0.4758529710175892,1,1,0,0,1,0,0,1,0,0,0,0,0,0,0,0,0,0,1,0,1,0,0,1,0,1,0,1,0,1
1772,0,-1.2367242199587352,0.4732235351283796,-0.9424039074519468,1,1,0,0,1,0,0,1,0,0,0,0,0,0,0,0,0,0,1,0,0,0,0,0,0,1,0,0,0,1
1773,0,1.4508197855632678,-1.5093002860698053,-0.4354847339644037,0,0,1,1,1,0,0,0,1,1,0,1,0,1,0,1,0,1,0,1,0,0,1,1,0,0,0,0,1,2
1774,0,-1.2774445836787656,-0.532163649972125,-0.98427216642842,0,1,1,1,1,0,0,0,0,0,1,0,0,0,0,0,0,0,0,0,0,0,0,1,0,0,1,0,0,1
1775,1,1.3286586944031769,1.4719635322282196,2.130236588381533,0,1,0,0,1,0,1,1,0,0,1,0,0,0,1,0,1,0,1,0,1,0,1,1,0,1,0,0,1,0
1776,1,1.6137012404433893,-1.3215172250510334,-0.2105255637630998,0,1,1,0,1,0,1,0,1,1,0,1,0,1,0,1,0,1,0,1,0,0,1,1,0,0,0,0,1,2
1777,0,-0.1779947632379461,-0.3277626189516918,-0.3417333637589181,0,0,0,0,1,0,1,0,0,0,0,0,0,0,0,0,1,0,0,0,0,0,0,1,1,0,0,1,0,1
1778,0,1.6137012404433893,-1.329826210051864,-0.1855766697154753,0,1,1,1,1,0,1,0,1,1,0,1,0,1,0,1,0,1,0,1,0,0,1,0,1,0,0,0,1,2
1779,0,-1.2367242199587352,0.8770402061687477,-0.9314405119243876,0,0,0,0,1,0,0,1,0,0,1,0,1,0,0,0,0,0,1,0,0,0,0,1,0,1,0,0,0,1
1780,0,-0.5851984004382496,-1.4827115340671475,-0.8333434899705537,1,0,0,1,1,0,0,0,1,1,0,1,0,1,0,1,0,1,0,1,0,1,0,0,0,0,0,1,0,2
1781,1,1.125056875803025,1.3157546142126038,1.791077219696982,0,1,1,0,1,0,1,1,0,0,0,0,1,0,1,0,0,0,1,0,1,1,0,1,0,1,0,0,1,0
1782,1,-0.2594354906780068,0.0428181120853536,-0.2767691789929993,0,0,0,0,1,0,1,0,0,0,0,0,0,0,0,0,1,0,0,0,1,0,0,1,0,1,0,1,0,1
1783,0,-1.2774445836787656,0.2289393761039596,-0.9741690775921584,1,1,0,1,1,0,0,1,0,0,0,0,0,0,0,0,0,0,0,0,0,0,0,1,0,1,0,0,0,1
1784,0,-1.1552834925186746,-1.4760643460664828,-0.9715881575182662,1,0,0,0,1,0,0,0,1,1,0,1,0,1,0,1,0,1,0,1,0,0,0,0,0,0,1,0,0,2
1785,0,1.4508197855632678,0.9119379431722362,1.8146363875509728,0,1,1,1,1,0,1,0,0,0,1,0,1,0,1,0,1,0,1,0,1,0,1,1,1,0,0,0,1,0
1786,0,0.2292088739623573,0.6477122201458225,0.4344618041047101,1,0,0,0,1,0,0,1,0,0,0,0,1,0,1,0,1,0,0,0,0,0,0,1,1,0,0,1,0,1
1787,1,0.3920903288424788,1.3440051632154282,1.0232865864329517,0,0,1,0,1,0,1,1,0,0,1,0,0,0,1,0,0,0,1,0,1,1,0,1,0,0,0,1,0,0
1788,0,1.002895784642934,-1.5009913010689746,-0.5053681082728692,0,0,1,0,1,0,0,0,1,1,0,1,0,1,0,1,0,1,0,1,0,0,1,1,0,0,0,0,1,2
1789,0,0.880734693482843,-1.1420431490330922,-0.2904679086159656,0,1,1,0,0,1,0,0,0,0,0,0,1,0,0,0,0,0,0,0,0,0,0,0,0,1,0,0,1,1
1790,0,-0.8295205827584317,0.4433111891253892,-0.5878472549077658,1,0,0,0,1,0,0,1,0,0,0,0,0,0,0,0,0,0,0,0,1,0,0,0,0,0,0,0,0,1
1791,0,0.4735310562825394,-0.1084054149297635,0.1952083073403109,0,0,1,0,1,0,0,0,0,0,1,0,1,0,1,0,0,0,0,0,0,1,0,1,0,0,1,1,0,1
1792,0,0.3920903288424788,0.1541585110964841,0.3434898862864931,0,1,1,1,1,0,1,0,0,0,1,0,1,0,0,0,0,0,1,0,0,0,0,1,0,0,0,1,0,1
1793,0,1.6137012404433893,-1.329826210051864,-0.2250625409314327,0,1,1,1,1,0,1,0,1,1,0,1,0,1,0,1,0,1,0,1,0,0,1,0,0,0,0,0,1,2
1794,0,1.5729808767233588,0.8737166121684152,1.77091516031632,0,0,1,1,1,0,1,0,0,0,1,0,1,0,1,0,1,0,1,0,1,0,1,0,0,0,1,0,1,0
1795,0,-0.5444780367182193,0.827186296163764,-0.2288346548855828,1,0,1,0,1,0,1,1,0,0,0,0,0,0,1,0,0,0,0,0,1,0,0,0,0,0,1,1,0,1
1796,0,-0.3815965818380978,0.2954112561106046,-0.2810265941576249,0,0,1,0,1,0,1,0,0,0,0,0,0,0,0,0,1,0,1,0,1,0,0,1,1,0,0,1,0,1
1797,0,-0.0965540357978854,-1.5076384890696393,-0.7505555152926273,0,0,0,0,1,0,0,0,1,1,0,1,0,1,0,1,0,1,0,1,0,0,1,0,1,0,0,1,0,2
1798,0,0.1070477828022663,-1.2816340970470463,-0.584494264726299,0,1,0,0,1,0,1,0,1,1,0,1,0,1,0,1,0,1,0,1,0,1,0,0,0,0,0,1,0,2
1799,0,-0.9109613101984924,1.127971553193832,-0.5763985581697312,1,0,0,0,1,0,1,1,0,0,1,0,0,0,0,0,0,0,1,0,1,0,0,1,0,1,0,0,0,1
1800,0,-1.2774445836787656,-0.6950197559884049,-0.986433962729629,0,1,0,0,1,0,0,0,0,0,0,0,0,0,0,0,0,0,0,0,0,0,0,1,0,0,0,0,0,1
1801,0,-0.4223169455581282,0.1641292930974807,-0.3482408118084754,0,1,0,0,1,0,0,1,0,0,0,0,0,0,0,0,0,0,0,0,0,0,0,1,0,0,1,1,0,1
1802,0,-1.0331224013585834,-0.8711702380060141,-0.8822486164989212,0,1,1,1,0,1,0,0,0,0,1,0,1,0,1,0,0,0,0,0,0,0,1,0,0,0,1,0,0,1
1803,0,0.1477681465222966,-0.3875873109576722,-0.1669808096958931,0,0,0,0,0,1,0,0,0,0,1,0,1,0,1,0,1,0,0,0,1,0,1,1,0,0,1,1,0,1
1804,0,0.0663274190822359,-1.4660935640654862,-0.6897163908157498,0,0,1,1,1,0,0,0,1,1,0,1,0,1,0,1,0,1,0,1,0,0,0,0,0,0,1,1,0,2
1805,0,1.6137012404433893,-0.0103593919199621,1.0766035421474591,0,1,1,1,1,0,1,0,0,0,1,0,1,0,1,0,0,0,0,0,0,0,1,0,1,0,0,0,1,0
1806,0,0.1477681465222966,-1.3181936310507012,-0.5950605956271054,0,1,1,1,1,0,1,0,1,1,0,1,0,1,0,1,0,1,0,1,0,0,1,0,1,0,0,1,0,2
1807,0,-1.2774445836787656,0.3851482941195749,-0.9720955178746724,1,0,0,0,1,0,0,1,0,0,0,0,0,0,1,0,0,0,0,0,0,0,0,0,0,1,0,0,0,1
1808,0,-0.3815965818380978,0.4782089261288781,-0.2659381383410244,1,0,0,0,1,0,1,1,0,0,0,0,1,0,0,0,0,0,0,0,0,0,0,1,0,1,0,1,0,1
1809,1,-0.0151133083578247,0.6726391751483144,0.159847496413395,1,1,1,0,1,0,1,1,0,0,0,0,0,0,0,0,0,0,0,0,1,0,0,1,0,1,0,1,0,1
1810,0,1.5729808767233588,1.0099839661820376,1.9814035307870836,0,0,1,1,1,0,1,1,0,0,1,0,1,0,1,0,1,0,0,0,0,1,0,1,1,0,0,0,1,0
1811,1,-0.3815965818380978,0.4848561141295422,-0.1960768231784896,0,0,0,0,1,0,1,1,0,0,0,0,0,0,1,0,0,0,0,0,0,0,0,1,0,0,1,1,0,1
1812,0,-0.62591876415828,1.0598378761870213,-0.3050710632220906,0,1,1,0,1,0,0,1,0,0,0,0,0,0,1,0,0,0,1,0,1,1,0,1,0,0,0,1,0,1
1813,0,-1.2774445836787656,0.356897745116751,-0.9724705233554942,0,1,0,0,1,0,0,0,0,0,0,0,0,0,1,0,1,0,1,0,1,0,0,1,0,1,0,0,0,1
1814,0,-0.8295205827584317,-1.4976677070686424,-0.8918002266869153,0,1,1,1,1,0,0,0,1,1,0,1,0,1,0,1,0,1,0,1,0,0,1,0,0,0,1,0,0,2
1815,0,1.6137012404433893,-1.4710789550659844,-0.3430127942228989,0,0,1,0,1,0,0,0,1,1,0,1,0,1,0,1,0,1,0,1,0,0,1,0,1,0,0,0,1,2
1816,0,-1.2774445836787656,-1.5142856770703037,-0.9973091216734652,0,1,0,0,1,0,0,0,1,1,0,1,0,1,0,1,0,1,0,1,0,0,0,0,0,0,1,0,0,2
1817,1,1.6137012404433893,1.116338974192669,2.0513530825333404,0,1,1,0,1,0,1,1,0,0,0,0,1,0,0,0,0,0,1,0,1,0,1,0,0,0,0,0,1,0
1818,0,1.125056875803025,0.3186764141129299,0.9589400577530924,0,1,1,1,1,0,1,1,0,0,0,0,0,0,0,0,0,0,0,0,0,0,0,0,0,0,0,0,1,0
1819,0,1.1657772395230557,-0.4457502059634864,0.4255940274405677,0,0,1,1,0,1,0,0,0,0,0,0,1,0,1,0,1,0,1,0,0,0,1,0,1,0,0,0,1,0
1820,0,-1.0738427650786138,-0.6351950639824246,-0.8630792186851406,0,0,1,0,1,0,0,0,0,0,0,0,0,0,0,0,0,0,0,0,0,0,0,0,0,0,1,0,0,1
1821,1,-0.0151133083578247,0.682609957149311,0.1682520310129925,1,1,1,0,1,0,1,1,0,0,0,0,0,0,0,0,0,0,0,0,1,0,0,0,0,1,0,1,0,1
1822,0,-0.055833672077855,0.7241548821534641,0.1842669709586825,1,0,0,1,1,0,1,1,0,0,0,0,0,0,0,0,0,0,1,0,0,0,0,1,1,0,0,1,0,1
1823,0,-0.5444780367182193,0.3020584441112687,-0.3773147661451412,1,1,0,0,1,0,0,1,0,0,0,0,1,0,0,0,0,0,0,0,0,0,0,1,1,0,0,1,0,1
1824,0,1.6137012404433893,-1.477726143066649,-0.3876163872947792,0,1,1,1,1,0,0,0,1,1,0,1,0,1,0,1,0,1,0,1,0,0,1,0,0,0,0,0,1,2
1825,0,-0.0151133083578247,-0.3510277769540174,-0.2382980284898542,0,0,0,0,1,0,1,0,0,0,0,0,1,0,0,0,0,0,0,0,0,0,0,1,0,1,0,1,0,1
1826,0,1.3286586944031769,0.8604222361670865,1.6108760565890736,0,1,1,0,1,0,1,1,0,0,0,0,1,0,0,0,0,0,0,0,1,0,0,1,0,1,0,0,1,0
1827,0,0.5142514200025698,-0.4607063789649817,0.0238749208965447,0,0,1,1,0,1,0,0,0,0,1,0,0,0,0,0,0,0,1,0,1,0,0,1,0,0,0,1,0,1
1828,0,0.3920903288424788,-1.3198554280508674,-0.5867222384653,0,1,0,0,1,0,1,0,1,1,0,1,0,1,0,1,0,1,0,1,0,1,0,0,0,1,0,1,0,2
1829,0,-0.9924020376385532,0.3352943841145911,-0.7532246719502422,0,1,0,0,1,0,1,1,0,0,0,0,0,0,0,0,0,0,0,0,0,0,0,1,0,1,0,0,0,1
1830,0,-0.0151133083578247,-1.4710789550659844,-0.6983635760205852,0,1,0,1,1,0,0,0,1,1,0,1,0,1,0,1,0,1,0,1,0,0,1,0,0,0,1,1,0,2
1831,1,-0.4223169455581282,-0.0402717379229525,-0.3961532767699612,0,0,1,0,1,0,1,0,0,0,1,0,1,0,0,0,1,0,0,0,0,0,0,1,0,0,1,1,0,1
1832,1,1.002895784642934,-0.6617838159850825,0.129361756737164,1,1,1,0,0,1,0,0,0,0,0,0,0,0,0,0,0,0,1,0,1,0,0,1,0,1,0,0,1,1
1833,0,-1.2774445836787656,-0.5587524019747828,-0.9846251127633114,0,1,0,0,1,0,0,0,0,0,1,0,0,0,0,0,0,0,0,0,0,0,0,0,0,1,0,0,0,1
1834,1,-1.2774445836787656,-0.6534748309842519,-0.9858824840813616,1,1,0,0,1,0,0,0,0,0,0,0,0,0,0,0,0,0,0,0,0,0,0,0,0,1,0,0,0,1
1835,0,-1.2774445836787656,-0.6567984249845842,-0.9859266023732228,0,0,1,0,1,0,0,0,0,0,0,0,0,0,0,0,0,0,0,0,0,0,0,1,0,1,0,0,0,1
1836,0,-0.3408762181180675,1.0382345151848615,-0.0693911480984653,1,1,0,0,1,0,0,1,0,0,0,0,0,0,0,0,1,0,1,0,1,0,0,1,0,1,0,1,0,1
1837,0,-1.2774445836787656,-1.4860351280674795,-0.9969341161926432,1,1,0,0,1,0,0,0,1,1,0,1,0,1,0,1,0,1,0,1,0,0,0,0,0,0,0,0,0,2
1838,1,0.880734693482843,0.8404806721650927,1.1700460843099152,0,1,0,0,1,0,1,1,0,0,0,0,1,0,0,0,0,0,0,0,1,0,0,1,0,1,0,0,1,0
1839,0,-1.1552834925186746,-1.3115464430500368,-0.954183491378942,0,0,0,0,1,0,1,0,1,1,0,1,0,1,0,1,0,1,0,1,0,0,1,1,1,0,0,0,0,2
1840,0,1.3286586944031769,1.4586691562268908,2.0551251964874906,1,1,1,1,1,0,1,1,0,0,1,0,0,0,1,0,1,0,1,0,1,0,1,0,0,0,0,0,1,0
1841,0,0.9621754209229036,-1.3447823830533592,-0.4491393452955085,0,0,1,0,1,0,1,0,1,1,0,1,0,1,0,1,0,1,0,1,0,1,0,0,0,1,0,0,1,2
1842,0,0.5142514200025698,0.3718539181182462,0.4385648052478209,0,1,0,0,1,0,0,0,0,0,1,0,0,0,1,0,0,0,1,0,1,0,0,1,0,1,0,1,0,1
1843,0,1.5729808767233588,-1.4976677070686424,-0.3811309983911528,0,0,1,1,1,0,0,0,1,1,0,1,0,1,0,1,0,1,0,1,0,0,1,0,1,0,0,0,1,2
1844,0,1.0843365120829946,0.0544506910865167,0.7405103947472763,0,1,1,0,1,0,0,0,0,0,1,0,1,0,1,0,0,0,1,0,0,1,0,0,1,0,0,0,1,0
1845,0,1.4915401492832985,-0.9642308700153168,0.0937582952050102,0,1,0,0,0,1,0,0,0,0,0,0,1,0,1,0,0,0,0,0,0,1,0,1,0,0,0,0,1,0
1846,0,-0.5444780367182193,-1.5275800530716328,-0.8826015628338123,0,1,0,0,1,0,0,0,1,1,0,1,0,1,0,1,0,1,0,1,0,1,0,0,0,0,1,1,0,2
1847,0,0.9214550572028734,-1.5076384890696393,-0.5279787328518393,0,0,1,1,1,0,0,0,1,1,0,1,0,1,0,1,0,1,0,1,0,0,1,0,1,0,0,0,1,2
1848,0,0.2292088739623573,-1.5109620830699717,-0.6724661386979405,0,0,0,0,1,0,0,0,1,1,0,1,0,1,0,1,0,1,0,1,0,1,0,0,0,0,1,1,0,2
1849,0,-0.9109613101984924,-0.6385186579827569,-0.8281595906768386,1,1,0,0,1,0,0,0,0,0,0,0,0,0,0,0,0,0,0,0,0,0,0,1,0,1,0,0,0,1
1850,1,0.5956921474426305,0.0893484280900052,0.4289470176220345,0,0,1,0,1,0,1,0,0,0,1,0,1,0,1,0,0,0,0,0,0,0,0,1,1,0,0,1,0,0
1851,0,-1.2367242199587352,-0.9858342310174764,-0.9754485080561393,1,0,1,0,0,1,0,0,0,0,0,0,0,0,0,0,0,0,0,0,1,0,0,1,0,1,0,0,0,1
1852,0,-1.2774445836787656,-0.6169152969805971,-0.985397182870886,1,1,0,0,1,0,0,0,0,0,0,0,0,0,0,0,0,0,0,0,0,0,0,0,1,0,0,0,0,1
1853,0,-1.2774445836787656,-0.6518130339840859,-0.9858604249354308,1,0,0,0,1,0,0,0,0,0,0,0,0,0,0,0,0,0,0,0,0,0,0,0,0,1,0,0,0,1
1854,1,-1.2774445836787656,-0.7132995229902325,-0.9866766133348666,1,1,0,0,0,1,0,0,0,0,0,0,1,0,1,0,0,0,0,0,1,0,0,1,0,1,0,0,0,1
1855,0,0.5549717837226001,-1.4843733310673135,-0.5924576164072827,0,1,1,1,1,0,0,0,1,1,0,1,0,1,0,1,0,1,0,1,0,0,1,1,0,0,1,1,0,2
1856,1,0.2292088739623573,-0.2529817539442163,-0.012831497932144,1,0,0,0,1,0,0,0,0,0,1,0,1,0,0,0,0,0,0,0,0,0,0,1,1,0,0,1,0,1
1857,0,1.3286586944031769,-0.1948188589384019,0.6959068016753959,0,0,1,0,1,0,0,0,0,0,1,0,0,0,1,0,1,0,0,0,0,0,1,0,1,0,0,0,1,0
1858,0,-0.5444780367182193,0.2804550831091094,-0.3699911296961481,1,0,1,0,1,0,0,1,0,0,1,0,0,0,0,0,0,0,0,0,0,0,0,1,0,1,0,1,0,1
1859,0,0.7992939660427822,0.684271754149477,0.908336376988061,1,1,0,0,1,0,0,1,0,0,0,0,1,0,0,0,0,0,0,0,1,0,0,1,0,1,0,0,1,0
1860,0,1.5729808767233588,-1.505976692069473,-0.3976312395473182,0,1,1,1,1,0,0,0,1,1,0,1,0,1,0,1,0,1,0,1,0,0,1,0,0,0,1,0,1,2
1861,0,-1.2774445836787656,-0.6252242819814278,-0.9855074786005396,1,0,0,0,1,0,0,0,0,0,0,0,0,0,0,0,0,0,0,0,0,0,0,0,0,0,1,0,0,1
1862,1,0.7992939660427822,-0.4740007549663106,0.1264278903283807,0,0,0,0,0,1,0,0,0,0,0,0,1,0,1,0,1,0,1,0,0,0,0,1,0,1,0,0,1,0
1863,0,-1.0738427650786138,-1.3181936310507012,-0.9303375546278524,0,1,1,0,1,0,1,0,1,1,0,1,0,1,0,1,0,1,0,1,0,1,0,0,0,0,1,0,0,2
1864,1,-0.2594354906780068,-0.1349941669324214,-0.301034239516772,0,0,1,0,1,0,0,0,0,0,0,0,0,0,1,0,0,0,0,0,1,1,0,0,0,0,1,1,0,1
1865,1,0.6364125111626608,1.1379423351948288,1.0873463462157116,0,1,0,0,1,0,1,1,0,0,0,0,1,0,0,0,0,0,1,0,1,1,0,1,0,1,0,1,0,0
1866,0,1.2879383306831464,1.3174164112127704,1.9596752720453412,0,0,1,1,1,0,1,1,0,0,1,0,0,0,0,0,1,0,1,0,1,1,0,1,0,0,0,0,1,0
1867,0,-1.1960038562387048,0.6310942501441613,-0.8966973570835313,1,0,0,0,1,0,0,1,0,0,0,0,1,0,0,0,0,0,1,0,0,0,0,0,0,1,0,0,0,1
1868,0,-1.2774445836787656,-0.6883725679877406,-0.986345726145906,0,1,0,0,1,0,0,0,0,0,0,0,0,0,0,0,0,0,0,0,0,0,0,1,0,0,0,0,0,1
1869,0,1.6137012404433893,-1.3514295710540236,-0.2404818839369937,0,1,1,1,1,0,1,0,1,1,0,1,0,1,0,1,0,1,0,1,0,0,1,0,1,0,0,0,1,2
1870,0,-1.2774445836787656,-0.6385186579827569,-0.985683951767985,0,1,0,0,1,0,0,0,0,0,0,0,0,0,0,0,0,0,0,0,0,0,0,1,0,0,1,0,0,1
1871,0,0.758573602322752,0.965115447177552,0.9969038478998314,0,0,1,1,1,0,1,1,0,0,1,0,1,0,0,0,0,0,0,0,1,0,0,1,0,1,0,0,1,0
1872,0,0.3513699651224484,-1.4976677070686424,-0.6509584714155056,0,0,1,1,1,0,0,0,1,1,0,1,0,1,0,1,0,1,0,1,0,0,1,0,0,0,0,1,0,2
1873,0,1.6137012404433893,0.1957034361006372,1.2050539489019398,0,0,1,1,1,0,0,0,0,0,1,0,1,0,1,0,0,0,1,0,0,0,1,1,1,0,0,0,1,0
1874,0,0.4328106925625091,0.720831288153132,0.5712285088750655,0,0,1,0,1,0,1,0,0,0,1,0,1,0,0,0,1,0,1,0,1,0,1,0,1,0,0,1,0,0
1875,0,1.6137012404433893,1.639805029244998,2.561801719369796,0,1,1,0,1,0,1,1,0,0,1,0,1,0,1,0,1,0,1,0,1,0,1,1,1,0,0,0,1,0
1876,0,0.5956921474426305,1.0116457631822036,1.0073378239250537,0,1,1,0,1,0,1,1,0,0,0,0,0,0,0,0,0,0,1,0,1,1,0,1,1,0,0,1,0,0
1877,0,1.6137012404433893,0.7906267621601091,1.801180308533244,0,1,0,0,1,0,1,0,0,0,1,0,1,0,1,0,1,0,1,0,1,0,1,0,1,0,0,0,1,0
1878,0,-1.1960038562387048,-1.462769970065154,-0.9761764598718524,0,1,0,0,1,0,0,0,1,1,0,1,0,1,0,1,0,1,0,1,0,0,0,1,1,0,0,0,0,2
1879,0,-1.2774445836787656,0.1757618720986434,-0.9748749702619408,1,1,0,0,1,0,0,1,0,0,0,0,0,0,0,0,0,0,0,0,0,0,0,1,0,1,0,0,0,1
1880,0,-1.2367242199587352,0.7058751151516368,-0.9327861198261606,1,1,0,0,1,0,1,1,0,0,0,0,0,0,0,0,0,0,0,0,1,0,0,1,0,1,0,0,0,1
1881,0,-0.2594354906780068,-0.6684310039857471,-0.4955297291877759,0,1,0,0,0,1,0,0,0,0,1,0,1,0,0,0,0,0,0,0,1,0,0,1,0,0,0,1,0,1
1882,0,-0.1372743995179157,-0.1516121369340826,-0.1965841835348958,0,1,1,1,1,0,0,0,0,0,1,0,0,0,0,0,0,0,0,0,1,0,0,1,0,0,1,1,0,1
1883,1,0.1070477828022663,1.1877962451998123,0.6060157820077833,1,0,1,0,1,0,1,1,0,0,1,0,1,0,0,0,1,0,1,0,0,0,0,1,0,0,0,1,0,0
1884,0,-0.2187151269579764,-0.3094828519498643,-0.3538658940208045,0,1,0,0,1,0,0,0,0,0,1,0,1,0,0,0,0,0,0,0,0,1,0,0,0,0,0,1,0,1
1885,0,-0.3408762181180675,0.184070857099474,-0.2529232422419099,0,1,1,1,1,0,0,0,0,0,1,0,1,0,0,0,1,0,0,0,1,0,0,1,1,0,0,1,0,1
1886,0,1.4100994218432374,-0.1449649489334182,0.7385250716135131,0,1,1,1,1,0,0,0,0,0,1,0,0,0,1,0,1,0,0,0,0,0,1,1,0,0,0,0,1,0
1887,0,-0.6666391278783103,0.2621753161072821,-0.4788750740100955,1,0,0,0,1,0,1,1,0,0,0,0,0,0,0,0,0,0,0,0,0,0,0,0,0,1,0,1,0,1
1888,0,-0.3815965818380978,-0.2978502729487016,-0.4199550952291892,0,0,0,0,1,0,0,0,0,0,0,0,1,0,1,0,0,0,0,0,0,1,0,0,0,0,0,1,0,1
1889,0,-0.748079855318371,-1.1187779910307665,-0.8206153627685383,0,1,0,0,0,1,0,0,0,0,0,0,1,0,0,0,0,0,0,0,0,0,0,1,0,0,1,1,0,1
1890,0,-1.2774445836787656,-1.4544609850643233,-0.99651499241996,1,0,1,1,1,0,0,0,1,1,0,1,0,1,0,1,0,1,0,1,0,0,0,1,0,1,0,0,0,2
1891,1,-1.2774445836787656,-0.6534748309842519,-0.9858824840813616,1,0,0,0,1,0,0,0,0,0,0,0,0,0,0,0,0,0,0,0,0,0,0,0,0,0,1,0,0,1
1892,1,-1.1552834925186746,-0.4590445819648154,-0.914300555536232,0,1,0,0,0,1,0,0,0,0,0,0,1,0,0,0,0,0,1,0,1,0,0,1,1,0,0,0,0,1
1893,0,-0.6666391278783103,0.144187729095487,-0.5276699048088094,0,1,0,1,1,0,1,0,0,0,1,0,1,0,0,0,0,0,0,0,1,0,0,1,0,1,0,1,0,1
1894,0,0.5549717837226001,-0.6916961619880726,-0.1199507105716354,0,0,1,0,0,1,0,0,0,0,0,0,0,0,0,0,0,0,1,0,1,0,0,1,0,1,0,1,0,1
1895,0,1.4508197855632678,0.722493085153298,1.5895889807659456,0,1,0,1,1,0,1,0,0,0,1,0,1,0,0,0,1,0,1,0,1,0,1,1,0,0,0,0,1,0
1896,0,0.2292088739623573,0.1724382780983114,0.1666858316519127,0,1,0,0,1,0,1,0,0,0,1,0,1,0,1,0,1,0,0,0,0,0,0,0,0,1,0,1,0,1
1897,1,-0.0965540357978854,-0.4773243489666429,-0.3318729255278941,1,1,1,0,1,0,0,0,0,0,0,0,1,0,0,0,0,0,0,0,0,0,0,1,0,0,0,1,0,1
1898,1,-1.1145631287986442,0.4715617381282135,-0.8388362173072986,1,0,0,0,1,0,0,1,0,0,0,0,0,0,0,0,0,0,0,0,1,0,0,0,0,1,0,0,0,1
1899,0,-0.62591876415828,0.8703930181680831,-0.2945047323212841,0,1,0,0,1,0,0,1,0,0,0,0,1,0,1,0,0,0,0,0,1,0,0,1,1,0,0,1,0,1
1900,0,-1.1552834925186746,-1.491020519067978,-0.971963162999088,0,1,1,1,1,0,0,0,1,1,0,1,0,1,0,1,0,1,0,1,0,0,1,0,0,0,1,0,0,2
1901,0,-0.8295205827584317,-1.4827115340671475,-0.8907634468281722,0,0,0,0,1,0,0,0,1,1,0,1,0,1,0,1,0,1,0,1,0,1,0,0,0,1,0,0,0,2
1902,0,1.6137012404433893,0.85876043916692,1.836254350563061,0,1,1,1,1,0,1,0,0,0,1,0,1,0,1,0,1,0,1,0,1,0,1,1,1,0,0,0,1,0
1903,0,-1.1960038562387048,0.9052907551715716,-0.8880722310246266,0,1,0,0,1,0,0,1,0,0,0,0,0,0,0,0,0,0,1,0,1,0,0,1,0,1,0,0,0,1
1904,0,0.9621754209229036,0.9867188081797118,1.255106151018704,1,1,0,0,1,0,1,1,0,0,0,0,1,0,0,0,1,0,0,0,1,0,0,1,0,1,0,0,1,0
1905,0,0.3513699651224484,-1.326502616051532,-0.5812515702744857,0,0,0,0,1,0,1,0,1,1,0,1,0,1,0,1,0,1,0,1,0,1,0,1,0,0,1,1,0,2
1906,0,0.3106496014024181,-0.9559218850144864,-0.3956679755594857,0,1,0,0,0,1,0,0,0,0,0,0,1,0,0,0,1,0,0,0,0,1,0,0,1,0,0,1,0,1
1907,0,-1.0331224013585834,0.4566055651267183,-0.753842328036302,0,0,0,0,1,0,0,0,0,0,1,0,1,0,0,0,1,0,1,0,1,0,0,1,0,1,0,0,0,1
1908,0,1.4915401492832985,-1.4893587220678115,-0.3884105165482847,0,1,0,0,1,0,0,0,1,1,0,1,0,1,0,1,0,1,0,1,0,0,1,0,1,0,0,0,1,2
1909,0,-1.0331224013585834,-1.4660935640654862,-0.9396023959187476,0,1,1,1,1,0,0,0,1,1,0,1,0,1,0,1,0,1,0,1,0,1,0,0,0,0,1,0,0,2
1910,0,-1.1145631287986442,-1.1387195550327598,-0.932014049718586,0,0,1,1,0,1,0,0,0,0,0,0,1,0,0,0,0,0,0,0,0,0,0,1,0,1,0,0,0,1
1911,0,1.6137012404433893,1.3739175092184182,2.372534247284369,0,0,1,1,1,0,1,1,0,0,1,0,1,0,1,0,1,0,1,0,0,0,1,0,1,0,0,0,1,0
1912,0,0.4735310562825394,-1.4710789550659844,-0.6241345499637714,0,1,1,1,1,0,0,0,1,1,0,1,0,1,0,1,0,1,0,1,0,1,0,1,0,0,0,1,0,2
1913,0,1.3286586944031769,1.0216165451832002,1.7091936700022148,0,0,0,0,1,0,1,1,0,0,0,0,1,0,1,0,0,0,1,0,0,1,0,1,0,1,0,0,1,0
1914,0,-1.1960038562387048,-0.005374000919464,-0.9289257692882876,0,0,0,0,1,0,1,0,0,0,0,0,0,0,0,0,1,0,1,0,0,0,0,0,0,1,0,0,0,1
1915,0,-0.3408762181180675,-0.454059190964317,-0.4456540002384576,0,1,0,0,1,0,0,0,0,0,0,0,0,0,0,0,1,0,0,0,0,0,0,1,1,0,0,1,0,1
1916,0,0.4735310562825394,0.6659919871476498,0.6983112485818426,1,0,0,0,1,0,1,1,0,0,0,0,1,0,1,0,0,0,0,0,0,0,0,1,0,0,0,1,0,0
1917,1,1.6137012404433893,0.8089065291619363,1.7967905384930338,0,0,1,0,1,0,1,0,0,0,1,0,1,0,1,0,1,0,1,0,1,0,1,0,1,0,0,0,1,0
1918,0,-0.3408762181180675,-0.3261008219515255,-0.410844667959809,0,1,0,0,1,0,0,0,0,0,1,0,0,0,0,0,1,0,0,0,0,0,0,0,0,1,0,1,0,1
1919,0,-1.2774445836787656,-0.4607063789649817,-0.9833236231533998,1,1,0,0,1,0,0,0,0,0,0,0,0,0,1,0,0,0,0,0,0,0,0,0,0,0,1,0,0,1
1920,0,-0.4223169455581282,-1.4727407520661506,-0.7977400284384,0,1,1,0,1,0,0,0,1,1,0,1,0,1,0,1,0,1,0,1,0,0,0,1,0,0,0,1,0,2
1921,0,1.5322605130033284,0.7042133181514708,1.611206943778034,0,1,1,1,1,0,1,0,0,0,0,0,1,0,1,0,1,0,1,0,1,0,1,1,1,0,0,0,1,0
1922,0,-0.3001558543980371,-0.1466267459335843,-0.3860722470796301,0,1,1,1,1,0,1,0,0,0,0,0,0,0,0,0,0,0,1,0,0,0,0,0,0,1,0,1,0,1
1923,0,0.188488510242327,-1.4943441130683104,-0.6854369165051936,0,1,1,1,1,0,0,0,1,1,0,1,0,1,0,1,0,1,0,1,0,0,1,0,0,0,0,1,0,2
1924,1,-0.4223169455581282,0.684271754149477,-0.1403554205575352,0,0,1,1,1,0,1,1,0,0,0,0,0,0,0,0,0,0,1,0,0,0,0,0,0,0,0,1,0,1
1925,0,1.0843365120829946,0.2438955491054544,0.8449163324372914,0,0,1,1,1,0,1,0,0,0,0,0,0,0,1,0,1,0,1,0,0,0,1,1,0,0,0,0,1,0
1926,0,0.6771328748826912,1.1645310871974868,1.1438618780901713,1,1,1,1,1,0,1,1,0,0,0,0,0,0,1,0,0,0,1,0,1,0,0,1,0,1,0,0,1,0
1927,0,0.5956921474426305,1.4154624342225712,1.2526134675285343,1,1,1,1,1,0,1,1,0,0,0,0,0,0,1,0,1,0,1,0,1,0,0,1,0,0,0,1,0,0
1928,0,-0.055833672077855,-1.502653098069141,-0.7150623494901269,1,0,1,1,1,0,0,0,1,1,0,1,0,1,0,1,0,1,0,1,0,0,0,1,0,0,1,1,0,2
1929,0,-1.2774445836787656,0.5413572121351905,-0.9700219581571862,0,1,1,1,1,0,0,1,0,0,0,0,0,0,0,0,0,0,0,0,1,0,0,1,0,1,0,0,0,1
1930,0,-1.1960038562387048,-1.4710789550659844,-0.971830808123504,0,1,0,0,1,0,0,0,1,1,0,1,0,1,0,1,0,1,0,1,0,0,0,1,0,1,0,0,0,2
1931,0,0.8400143297628127,1.5633623672373562,1.55738262770712,0,0,1,0,1,0,1,1,0,0,0,0,1,0,1,0,1,0,1,0,1,1,0,1,0,0,0,0,1,0
1932,0,-1.2774445836787656,-1.481049737066981,-0.9968679387548512,0,1,0,0,1,0,0,0,1,1,0,1,0,1,0,1,0,1,0,1,0,0,0,0,0,0,1,0,0,2
1933,0,-0.5037576729981889,-1.4976677070686424,-0.8222918578592717,0,1,0,0,1,0,0,0,1,1,0,1,0,1,0,1,0,1,0,1,0,1,0,1,0,0,1,1,0,2
1934,0,-1.1960038562387048,0.4765471291287116,-0.8970282442724917,1,0,0,0,1,0,0,1,0,0,1,0,1,0,0,0,0,0,0,0,0,0,0,1,0,1,0,0,0,1
1935,0,0.758573602322752,-1.4926823160681442,-0.5659425229985782,0,0,0,0,1,0,0,0,1,1,0,1,0,1,0,1,0,1,0,1,0,1,0,1,0,0,0,0,1,2
1936,0,0.758573602322752,-0.1416413549330859,0.3818066227681233,0,0,1,0,1,0,0,0,0,0,1,0,1,0,0,0,1,0,0,0,0,1,0,1,0,0,0,0,1,0
1937,0,-0.7888002190384014,-1.502653098069141,-0.8887340054025477,0,0,1,1,1,0,0,0,1,1,0,1,0,1,0,1,0,1,0,1,0,0,1,0,0,0,1,1,0,2
1938,0,-1.2774445836787656,-1.4577845790646555,-0.9965591107118212,0,0,0,0,1,0,0,0,1,1,0,1,0,1,0,1,0,1,0,1,0,0,0,0,0,0,1,0,0,2
1939,0,-1.2774445836787656,-1.4527991880641573,-0.9964929332740292,0,1,0,1,1,0,0,0,1,1,0,1,0,1,0,1,0,1,0,1,0,0,0,1,0,0,1,0,0,2
1940,0,1.247217966963116,0.2239539851034611,1.0132055567426206,0,1,0,0,1,0,1,0,0,0,1,0,1,0,1,0,1,0,0,0,0,1,0,0,0,1,0,0,1,0
1941,0,-1.1960038562387048,-0.3360716039525224,-0.9223521438009382,0,1,0,0,1,0,0,0,0,0,0,0,0,0,0,0,0,0,0,0,1,0,0,0,0,0,1,0,0,1
1942,0,0.5549717837226001,-1.5142856770703037,-0.6051195661715058,0,1,0,0,1,0,0,0,1,1,0,1,0,1,0,1,0,1,0,1,0,0,1,0,1,0,0,1,0,2
1943,0,-1.2774445836787656,-0.4972659129686364,-0.9838089243638752,0,1,0,0,1,0,1,0,0,0,0,0,0,0,0,0,0,0,0,0,0,0,0,1,1,0,0,0,0,1
1944,0,-0.9924020376385532,-1.304899255049372,-0.9108372696251116,1,1,0,1,0,1,0,0,0,0,0,0,0,0,0,0,0,0,0,0,0,0,0,0,0,0,1,0,0,1
1945,0,1.5729808767233588,-1.4710789550659844,-0.3435863320170971,0,0,1,1,1,0,0,0,1,1,0,1,0,1,0,1,0,1,0,1,0,0,1,0,0,0,0,0,1,2
1946,0,0.9214550572028734,0.8521132511662559,1.243878045739976,0,1,1,1,1,0,1,1,0,0,0,0,0,0,1,0,0,0,1,0,0,0,0,1,1,0,0,0,1,0
1947,0,1.5322605130033284,0.8471278601657574,1.8115922254125356,0,0,0,0,1,0,1,1,0,0,0,0,1,0,1,0,1,0,0,0,0,1,0,1,0,0,0,0,1,0
1948,0,-1.2367242199587352,0.531386430134194,-0.9354332173378448,1,0,0,0,1,0,0,1,0,0,0,0,0,0,0,0,0,0,0,0,1,0,0,0,0,1,0,0,0,1
1949,0,1.4100994218432374,1.3240635992134344,2.0320954481358373,0,1,1,1,1,0,1,1,0,0,1,0,0,0,0,0,1,0,1,0,1,0,1,0,0,0,0,0,1,0
1950,0,1.3286586944031769,0.9003053641710731,1.615221708337422,1,1,1,0,1,0,1,1,0,0,0,0,1,0,0,0,0,0,1,0,0,0,0,1,0,0,0,0,1,0
1951,0,-0.748079855318371,-0.4839715369673072,-0.7106946385958479,0,1,1,0,1,0,0,0,0,0,0,0,0,0,1,0,0,0,0,0,0,0,0,0,1,0,0,1,0,1
1952,0,-0.5037576729981889,1.0216165451832002,-0.160385125062613,0,0,1,1,1,0,1,1,0,0,0,0,0,0,1,0,1,0,0,0,1,0,0,1,0,0,0,1,0,1
1953,0,-1.2774445836787656,0.3519123541162524,-0.9725367007932864,1,1,0,1,1,0,0,1,0,0,0,0,1,0,0,0,0,0,0,0,0,0,0,1,0,1,0,0,0,1
1954,0,-1.2774445836787656,0.3552359481165849,-0.972492582501425,1,1,0,0,1,0,1,1,0,0,0,0,0,0,0,0,0,0,0,0,0,0,0,1,0,1,0,0,0,1
1955,0,0.6771328748826912,1.0182929511828682,1.0298160936284393,0,0,1,1,1,0,1,1,0,0,0,0,0,0,0,0,0,0,1,0,1,0,0,1,0,0,0,0,1,0
1956,0,1.6137012404433893,1.2143849972024705,2.197759634075413,0,0,0,0,1,0,1,1,0,0,1,0,1,0,1,0,0,0,1,0,0,0,1,1,0,0,0,0,1,0
1957,0,0.5549717837226001,-0.3875873109576722,0.0794419094959844,0,0,1,0,1,0,1,0,0,0,1,0,0,0,0,0,0,0,0,0,0,0,0,0,0,1,0,1,0,1
1958,0,-0.3408762181180675,0.6676537841478158,-0.1018842700543899,0,1,0,0,1,0,1,1,0,0,0,0,1,0,1,0,0,0,0,0,0,0,0,1,0,0,0,1,0,1
1959,0,-1.1145631287986442,-1.0140847800203006,-0.9336243673715272,0,0,1,1,0,1,0,0,0,0,0,0,1,0,0,0,1,0,0,0,0,0,0,0,0,1,0,0,0,1
1960,0,0.0256070553622056,0.7922885591602751,0.2686652632895501,0,0,1,1,1,0,1,1,0,0,0,0,1,0,1,0,1,0,0,0,0,0,0,0,1,0,0,1,0,1
1961,0,0.3920903288424788,-0.1532739339342488,0.0625887220049276,0,0,0,0,1,0,1,0,0,0,1,0,1,0,0,0,0,0,0,0,0,1,0,1,0,0,0,1,0,1
1962,0,-0.3815965818380978,1.1695164781979852,0.0057423029415073,0,1,0,0,1,0,0,1,0,0,1,0,0,0,1,0,0,0,1,0,1,1,0,1,1,0,0,1,0,1
1963,0,-0.9924020376385532,0.1973652331008032,-0.7616292065498399,0,1,0,0,1,0,0,1,0,0,0,0,0,0,0,0,0,0,0,0,0,0,0,0,0,0,0,0,0,1
1964,0,1.369379058123207,-0.3310862129520241,0.5232278073298569,0,1,0,0,1,0,0,0,0,0,1,0,1,0,0,0,0,0,0,0,0,1,0,1,0,0,1,0,1,0
1965,0,-0.3408762181180675,-0.5055748979694671,-0.4717720290204092,1,1,0,0,1,0,0,0,0,0,1,0,0,0,0,0,0,0,0,0,0,0,0,1,0,0,0,1,0,1
1966,1,-0.3408762181180675,-0.3310862129520241,-0.4360803309045327,0,1,0,0,1,0,1,0,0,0,0,0,1,0,0,0,0,0,0,0,0,0,0,0,1,0,0,1,0,1
1967,0,1.4915401492832985,0.4599291591270504,1.3573944106993712,1,1,0,0,1,0,1,0,0,0,1,0,1,0,1,0,1,0,0,0,1,1,0,1,1,0,0,0,1,0
1968,0,0.8400143297628127,1.181149057199148,1.2887242894170945,0,0,0,0,1,0,0,1,0,0,0,0,1,0,1,0,0,0,1,0,1,1,0,1,0,0,1,0,1,0
1969,0,1.125056875803025,-0.3709693409560109,0.4223513329887545,0,0,0,0,0,1,0,0,0,0,1,0,0,0,1,0,0,0,1,0,1,0,1,0,0,1,0,0,1,0
1970,0,-1.0331224013585834,0.5430190091353566,-0.7513717036920632,1,0,1,0,1,0,0,1,0,0,0,0,0,0,0,0,0,0,1,0,0,0,0,1,0,1,0,0,0,1
1971,0,-0.5037576729981889,-1.5093002860698053,-0.8144167427620109,0,0,0,0,1,0,0,0,1,1,0,1,0,1,0,1,0,1,0,1,0,1,0,1,1,0,0,1,0,2
1972,0,-0.3815965818380978,0.6925807391503077,-0.1814736685723645,0,0,1,1,1,0,1,1,0,0,0,0,0,0,0,0,0,0,0,0,1,0,0,0,0,1,0,1,0,1
1973,0,1.6137012404433893,0.53304822713436,1.5215585747156593,0,1,1,1,1,0,0,0,0,0,1,0,0,0,1,0,1,0,1,0,1,0,1,1,0,1,0,0,1,0
1974,0,-0.8702409464784621,0.3386179781149237,-0.6414950978112341,1,1,1,0,1,0,1,1,0,0,0,0,0,0,0,0,0,0,0,0,0,0,0,1,0,1,0,0,0,1
1975,0,-0.4630373092781585,-1.5009913010689746,-0.83354202228393,0,1,0,0,1,0,0,0,1,1,0,1,0,1,0,1,0,1,0,1,0,0,1,0,0,0,1,1,0,2
1976,1,-1.2774445836787656,0.9568064621767214,-0.9645071716745106,1,1,0,0,1,0,1,1,0,0,0,0,0,0,0,0,0,0,1,0,1,0,0,1,0,1,0,0,0,1
1977,1,-0.055833672077855,0.8620840331672525,0.2494517471839084,0,1,0,0,1,0,1,1,0,0,0,0,1,0,0,0,0,0,1,0,0,0,0,1,0,1,0,1,0,1
1978,0,1.002895784642934,0.1657910900976468,0.7123629245397001,0,0,0,0,1,0,0,0,0,0,0,0,1,0,1,0,1,0,1,0,0,0,1,0,0,0,1,0,1,0
1979,0,0.5142514200025698,-1.4876969250676455,-0.6147152946513613,0,0,1,1,1,0,0,0,1,1,0,1,0,1,0,1,0,1,0,1,0,0,1,1,0,0,0,1,0,2
1980,0,-0.9109613101984924,1.0133075601823696,-0.5550894232006726,0,1,0,0,1,0,1,1,0,0,0,0,1,0,1,0,0,0,0,0,1,0,0,1,0,1,0,0,0,1
1981,0,1.0436161483629645,1.2409737492051285,1.5907581155002728,1,0,1,0,1,0,1,1,0,0,0,0,0,0,1,0,1,0,1,0,1,0,0,1,1,0,0,0,1,0
1982,0,-0.748079855318371,-1.4893587220678115,-0.887366338354844,0,1,0,1,1,0,0,0,1,1,0,1,0,1,0,1,0,1,0,1,0,0,0,0,0,0,1,1,0,2
1983,0,-0.2187151269579764,0.534710024134526,-0.0332582670639746,0,1,1,0,1,0,1,0,0,0,1,0,0,0,0,0,1,0,1,0,1,1,0,0,0,0,1,1,0,1
1984,0,-0.748079855318371,0.8687312211679171,-0.4503305391757665,1,0,1,1,1,0,1,1,0,0,0,0,1,0,0,0,0,0,0,0,1,0,0,1,0,0,0,1,0,1
1985,0,-0.8295205827584317,-1.181926277037079,-0.8694101935672524,1,0,1,1,0,1,0,0,0,0,0,0,1,0,0,0,0,0,0,0,0,0,0,0,0,0,1,0,0,1
1986,0,1.4915401492832985,0.9484974771758908,1.8169305387277652,0,0,1,1,1,0,1,1,0,0,0,0,1,0,0,0,1,0,0,0,1,0,1,1,0,0,0,0,1,0
1987,0,-0.3001558543980371,0.8105683261621028,-0.0096990992099843,1,0,1,1,1,0,0,1,0,0,0,0,1,0,1,0,0,0,1,0,0,0,0,1,0,0,0,1,0,1
1988,1,1.0436161483629645,1.465316344227555,1.7680474713453287,1,1,1,0,1,0,1,1,0,0,1,0,1,0,1,0,0,0,1,0,1,1,0,1,0,1,0,0,1,0
1989,0,0.1070477828022663,-0.6119299059800988,-0.2725117638283738,0,0,1,1,0,1,0,0,0,0,1,0,0,0,0,0,1,0,1,0,0,0,1,1,1,0,0,1,0,1
1990,1,-0.6666391278783103,0.6643301901474837,-0.4101167161440958,1,0,0,0,1,0,1,1,0,0,0,0,0,0,0,0,0,0,1,0,0,0,0,1,0,1,0,1,0,1
1991,0,0.5142514200025698,0.464914550127549,0.5827654421968229,0,1,1,1,1,0,1,0,0,0,0,0,1,0,1,0,0,0,1,0,1,1,0,0,1,0,0,1,0,0
1992,0,-0.62591876415828,0.6244470621434968,-0.4193815574349909,0,0,0,0,1,0,0,1,0,0,0,0,1,0,0,0,0,0,1,0,0,0,0,1,0,1,0,1,0,1
1993,0,-1.2774445836787656,-0.6335332669822583,-0.985617774330193,1,0,1,1,1,0,0,0,0,0,0,0,0,0,0,0,0,0,0,0,0,0,0,1,0,1,0,0,0,1
1994,0,-0.4223169455581282,-1.5009913010689746,-0.819380050596419,0,1,0,0,1,0,0,0,1,1,0,1,0,1,0,1,0,1,0,1,0,1,0,0,0,0,1,1,0,2
1995,1,-1.2774445836787656,0.1724382780983114,-0.9749190885538024,1,0,0,0,1,0,0,1,0,0,0,0,0,0,0,0,0,0,0,0,0,0,0,1,0,1,0,0,0,1
1996,0,1.4100994218432374,0.1026428040913339,1.0358602996134518,0,1,1,1,1,0,0,0,0,0,1,0,0,0,1,0,1,0,0,0,1,0,1,0,0,0,1,0,1,0
1997,0,1.4100994218432374,1.3589613362169235,1.958042895246469,0,0,1,1,1,0,1,1,0,0,0,0,0,0,1,0,1,0,1,0,1,0,1,1,0,0,0,0,1,0
1998,0,-1.2367242199587352,-0.6700928009859131,-0.9629409723134308,1,0,1,0,0,1,0,0,0,0,0,0,0,0,0,0,0,0,1,0,1,0,0,0,0,1,0,0,0,1
1999,0,-0.3815965818380978,0.3386179781149237,-0.2511585105674537,1,1,0,0,1,0,1,1,0,0,0,0,0,0,0,0,0,0,0,0,0,0,0,1,0,1,0,1,0,1
2000,1,-0.9516816739185228,0.356897745116751,-0.7245698413862597,0,0,0,0,1,0,0,1,0,0,0,0,0,0,1,0,0,0,0,0,0,0,0,0,1,0,0,0,0,1
2001,0,-1.1145631287986442,-1.4827115340671475,-0.953742308460328,0,0,0,0,1,0,0,0,1,1,0,1,0,1,0,1,0,1,0,1,0,0,0,0,0,0,1,0,0,2
2002,0,0.880734693482843,-0.6501512369839195,0.0797727966849449,0,1,0,0,0,1,0,0,0,0,1,0,0,0,0,0,1,0,1,0,0,0,1,0,1,0,0,0,1,0
2003,0,1.002895784642934,1.0133075601823696,1.4051304024934113,1,0,0,0,1,0,0,1,0,0,0,0,0,0,1,0,0,0,1,0,1,0,1,1,0,1,0,0,1,0
2004,0,-0.3408762181180675,0.8338334841644282,-0.0505967557655067,1,1,0,0,1,0,1,1,0,0,0,0,0,0,1,0,0,0,1,0,0,0,0,1,0,0,1,1,0,1
2005,0,0.6771328748826912,1.1861344481996463,1.1744579134960558,1,0,1,1,1,0,1,1,0,0,0,0,1,0,0,0,0,0,1,0,1,1,0,0,0,0,1,0,1,0
2006,0,-1.1145631287986442,-0.5853411539774409,-0.9073298654221298,1,1,0,0,1,0,1,0,0,0,0,0,0,0,0,0,0,0,0,0,0,0,0,0,0,1,0,0,0,1
2007,0,-1.2367242199587352,0.5131066631323666,-0.9258816071498508,1,1,0,0,1,0,0,1,0,0,0,0,0,0,0,0,0,0,0,0,1,0,0,1,0,1,0,0,0,1
2008,0,-1.1552834925186746,0.7424346491552913,-0.8551379261500878,1,0,0,1,1,0,1,1,0,0,0,0,0,0,1,0,1,0,0,0,0,0,0,1,0,0,1,0,0,1
2009,0,1.5322605130033284,0.4815325201292102,1.5230144783470858,0,1,1,1,1,0,1,0,0,0,1,0,1,0,1,0,1,0,1,0,0,0,1,1,0,0,0,0,1,0
2010,0,-1.1145631287986442,0.3701921211180801,-0.8479466445766788,1,1,0,0,1,0,1,1,0,0,0,0,0,0,0,0,0,0,0,0,0,0,0,1,0,0,0,0,0,1
2011,0,0.8400143297628127,0.6959043331506402,1.0307646369034598,0,1,1,1,1,0,1,0,0,0,1,0,0,0,1,0,1,0,1,0,1,0,0,0,0,1,0,0,1,0
2012,0,0.5956921474426305,1.1296333501939984,0.994411164409662,1,0,1,0,1,0,1,1,0,0,1,0,1,0,1,0,0,0,1,0,0,0,0,1,0,1,0,1,0,0
2013,0,-0.055833672077855,-1.4843733310673135,-0.7458127989175263,0,0,0,1,1,0,0,0,1,1,0,1,0,1,0,1,0,1,0,1,0,1,0,0,1,0,0,1,0,2
2014,0,-0.7888002190384014,-0.0984346329287668,-0.6748485264584564,0,1,1,1,1,0,0,0,0,0,0,0,1,0,1,0,1,0,0,0,0,0,0,0,0,0,0,1,0,1
2015,0,-0.1779947632379461,-0.4939423189683041,-0.3836016227353915,0,0,1,1,1,0,1,0,0,0,0,0,0,0,0,0,0,0,0,0,0,0,0,0,0,0,1,1,0,1
2016,0,-0.9109613101984924,0.720831288153132,-0.639223005780372,1,0,0,0,1,0,1,1,0,0,0,0,0,0,0,0,0,0,0,0,1,0,0,0,0,1,0,0,0,1
2017,0,0.2292088739623573,-1.4744025490663168,-0.6777603337213091,0,1,1,0,1,0,0,0,1,1,0,1,0,1,0,1,0,1,0,1,0,0,1,0,0,0,0,1,0,2
2018,0,-1.2774445836787656,-0.6468276429835875,-0.9857942474976384,1,0,0,0,1,0,0,0,0,0,0,0,0,0,0,0,0,0,0,0,0,0,0,1,0,0,1,0,0,1
2019,0,1.4100994218432374,1.307445629211773,2.1005229188128767,1,1,1,0,1,0,1,1,0,0,0,0,1,0,1,0,0,0,1,0,1,1,0,0,0,1,0,0,1,0
2020,0,0.7992939660427822,0.3535741511164189,0.6995906790458232,0,1,1,0,1,0,0,0,0,0,1,0,1,0,0,0,0,0,1,0,1,1,0,1,0,0,1,0,1,0
2021,0,1.2064976032430856,1.4420511862252297,2.005580354727133,0,1,1,1,1,0,0,1,0,0,1,0,1,0,1,0,1,0,1,0,1,0,1,0,0,0,1,0,1,0
2022,0,-0.6666391278783103,0.7141841001524675,-0.4145506044761671,0,0,0,0,1,0,0,1,0,0,0,0,1,0,0,0,0,0,0,0,1,0,0,1,0,1,0,1,0,1
2023,1,-1.1145631287986442,0.5396954151350245,-0.8418142020079434,1,0,1,0,1,0,1,1,0,0,0,0,1,0,0,0,0,0,0,0,0,0,0,1,0,1,0,0,0,1
2024,0,-0.8295205827584317,1.0282637331838649,-0.4834192580718202,0,1,0,0,1,0,0,1,0,0,0,0,0,0,1,0,0,0,1,0,1,1,0,0,0,1,0,0,0,1
2025,0,1.6137012404433893,1.7312038642541347,2.734436595423474,0,0,1,1,1,0,1,1,0,0,1,0,1,0,1,0,1,0,1,0,1,0,1,1,0,0,0,0,1,0
2026,1,1.5729808767233588,1.3622849302172555,2.2514074769788817,0,1,0,0,1,0,1,1,0,0,0,0,1,0,0,0,1,0,1,0,1,1,0,0,0,0,0,0,1,0
2027,0,-0.3408762181180675,-1.4827115340671475,-0.8042254173420265,0,0,1,0,1,0,0,0,1,1,0,1,0,1,0,1,0,1,0,1,0,1,0,0,0,0,1,1,0,2
2028,0,-0.7073594915983407,-1.5009913010689746,-0.8594835778984362,0,0,0,0,1,0,0,0,1,1,0,1,0,1,0,1,0,1,0,1,0,0,1,0,0,0,1,1,0,2
2029,0,1.4100994218432374,0.85876043916692,1.6660900988536218,1,1,1,0,1,0,0,1,0,0,1,0,1,0,0,0,0,0,0,0,1,1,0,1,1,0,0,0,1,0
2030,0,-1.2367242199587352,-0.1266851819315907,-0.946396612865404,0,1,0,1,1,0,1,0,0,0,1,0,1,0,0,0,0,0,0,0,0,0,0,0,0,0,0,0,0,1
2031,0,-1.1145631287986442,-1.3198554280508674,-0.9504113774247918,0,0,1,1,0,1,0,0,0,0,0,0,0,0,0,0,0,0,0,0,0,0,0,0,0,0,1,0,0,1
2032,0,-0.7073594915983407,0.7773323861587803,-0.3922708670861576,1,0,1,0,1,0,0,1,0,0,0,0,0,0,0,0,0,0,1,0,1,0,0,0,0,1,0,1,0,1
2033,0,-1.2774445836787656,-1.481049737066981,-0.9968679387548512,1,1,0,0,1,0,0,0,1,1,0,1,0,1,0,1,0,1,0,1,0,0,0,1,0,0,1,0,0,2
2034,0,0.3513699651224484,-0.1482885429337505,0.1021628298046079,0,1,1,1,1,0,0,0,0,0,1,0,1,0,1,0,0,0,0,0,0,1,0,1,0,0,0,1,0,1
2035,0,0.4328106925625091,-0.0269773619216233,0.2017598736817297,0,0,0,1,1,0,0,0,0,0,1,0,1,0,0,0,0,0,0,0,1,0,0,1,0,1,0,1,0,1
2036,1,-1.2774445836787656,0.3170146171127639,-0.9729999428578312,0,1,1,0,1,0,1,1,0,0,0,0,0,0,0,0,0,0,0,0,0,0,0,0,0,1,0,0,0,1
2037,1,-1.2774445836787656,0.1940416391004707,-0.9746323196567032,0,0,0,0,1,0,0,1,0,0,0,0,0,0,0,0,0,0,0,0,0,0,0,1,0,0,1,0,0,1
2038,0,-0.2594354906780068,0.8654076271675846,0.0362059834718075,1,0,1,1,1,0,0,1,0,0,0,0,0,0,0,0,0,0,1,0,1,0,0,1,0,1,0,1,0,1
2039,0,-0.4223169455581282,0.4848561141295422,-0.2423789704870342,1,1,0,0,1,0,1,1,0,0,0,0,1,0,0,0,0,0,0,0,0,0,0,1,0,1,0,1,0,1
2040,0,1.5729808767233588,0.8570986421667539,1.819555577093519,0,1,1,0,1,0,1,0,0,0,1,0,1,0,1,0,1,0,1,0,1,0,1,0,0,0,0,0,1,0
2041,0,-1.0331224013585834,-1.505976692069473,-0.932830238118022,0,1,0,0,1,0,0,0,1,1,0,1,0,1,0,1,0,1,0,1,0,0,1,0,0,0,1,0,0,2
2042,1,-0.1779947632379461,-0.0103593919199621,-0.1818266149072559,0,0,0,0,1,0,1,0,0,0,0,0,1,0,1,0,1,0,0,0,0,0,0,0,0,0,0,1,0,1
2043,1,-0.6666391278783103,0.1624674960973147,-0.545493694720817,0,1,0,0,1,0,0,1,0,0,0,0,0,0,0,0,0,0,0,0,0,0,0,0,0,1,0,1,0,1
2044,0,-1.0331224013585834,-1.504314895069307,-0.9490437103770882,0,1,0,0,1,0,0,0,1,1,0,1,0,1,0,1,0,1,0,1,0,1,0,0,0,0,1,0,0,2
2045,0,1.4915401492832985,1.5201556452330371,2.283437356870261,0,0,0,0,1,0,1,1,0,0,0,0,1,0,1,0,1,0,1,0,1,0,1,1,0,0,0,0,1,0
2046,0,-1.2774445836787656,-1.33148800705203,-0.994882615621088,0,0,0,1,0,1,0,0,0,0,0,0,0,0,0,0,0,0,0,0,0,0,0,0,0,0,1,0,0,1
2047,0,-1.1960038562387048,0.4200460311230638,-0.9148299750385688,0,1,0,0,1,0,0,0,0,0,1,0,0,0,1,0,0,0,1,0,1,0,0,1,0,1,0,0,0,1
2048,1,-0.4630373092781585,1.0648232671875193,-0.11004615404875,1,1,0,0,1,0,0,1,0,0,0,0,0,0,1,0,0,0,1,0,1,0,0,1,0,0,0,1,0,1
2049,0,1.4915401492832985,0.6859335511496436,1.583699188802448,0,0,1,0,1,0,1,1,0,0,0,0,1,0,1,0,0,0,0,0,0,0,0,1,0,0,0,0,1,0
2050,0,1.5729808767233588,-0.5703849809759457,0.484447828783682,0,0,1,0,0,1,0,0,0,0,1,0,1,0,1,0,1,0,0,0,0,0,1,1,0,0,0,0,1,0
2051,0,1.4915401492832985,-1.5076384890696393,-0.4118593886726213,0,0,1,1,1,0,0,0,1,1,0,1,0,1,0,1,0,1,0,1,0,0,1,0,0,0,1,0,1,2
2052,0,0.6364125111626608,1.2991366442109429,1.1763329409001655,0,0,0,0,1,0,1,1,0,0,0,0,0,0,1,0,1,0,1,0,1,0,0,1,0,1,0,1,0,0
2053,0,0.5956921474426305,0.6177998741428321,0.7876287304552568,1,1,1,0,1,0,1,1,0,0,0,0,1,0,1,0,0,0,0,0,0,0,0,1,0,0,0,1,0,0
2054,0,-1.2367242199587352,-0.5105602889699654,-0.958771793732528,1,0,0,0,1,0,1,0,0,0,0,0,0,0,0,0,0,0,0,0,0,0,0,1,0,1,0,0,0,1
2055,0,0.5142514200025698,1.4520219682262263,1.1845610023323172,0,1,0,0,1,0,1,1,0,0,1,0,0,0,1,0,1,0,1,0,1,0,0,1,1,0,0,1,0,0
2056,0,0.758573602322752,0.5396954151350245,0.7967832760164985,0,1,0,0,1,0,1,1,0,0,0,0,1,0,0,0,0,0,0,0,0,0,0,0,0,0,0,0,1,0
2057,0,-0.4223169455581282,0.4798707231290441,-0.2369083022962199,1,0,1,0,1,0,1,0,0,0,1,0,0,0,0,0,1,0,1,0,1,0,0,1,0,1,0,1,0,1
2058,0,1.6137012404433893,0.7274784761537967,1.7404955980778811,0,1,0,0,1,0,1,0,0,0,1,0,1,0,1,0,1,0,1,0,1,0,1,0,0,0,0,0,1,0
2059,0,0.188488510242327,0.936864898174728,0.5009701290857781,0,1,1,1,1,0,1,1,0,0,0,0,1,0,1,0,0,0,1,0,0,0,0,1,0,1,0,1,0,0
2060,0,1.5729808767233588,0.8504514541660894,1.784812422252663,0,1,1,1,1,0,1,0,0,0,1,0,1,0,1,0,1,0,1,0,1,0,1,0,0,1,0,0,1,0
2061,0,-1.0331224013585834,-0.533825446972291,-0.8556673456524246,1,1,1,1,1,0,0,0,0,0,0,0,0,0,1,0,0,0,0,0,0,0,0,0,0,1,0,0,0,1
2062,0,1.369379058123207,-1.3165318340505352,-0.263004271932241,0,0,0,0,1,0,1,0,1,1,0,1,0,1,0,1,0,1,0,1,0,0,1,1,1,0,0,0,1,2
2063,0,0.758573602322752,0.3868100911197414,0.7440839763880502,0,1,1,1,1,0,0,0,0,0,1,0,0,0,0,0,1,0,1,0,1,1,0,1,0,0,0,0,1,0
2064,0,-0.0965540357978854,-1.502653098069141,-0.7373200277342058,0,0,1,1,1,0,0,0,1,1,0,1,0,1,0,1,0,1,0,1,0,1,0,0,0,0,0,1,0,2
2065,0,0.0663274190822359,0.684271754149477,0.2721506083466012,0,0,0,0,1,0,1,1,0,0,0,0,0,0,0,0,0,0,1,0,0,0,0,0,0,1,0,1,0,1
2066,0,1.2879383306831464,-1.328164413051698,-0.3374538894483619,0,1,1,1,1,0,1,0,1,1,0,1,0,1,0,1,0,1,0,1,0,0,1,1,0,0,1,0,1,2
2067,1,1.3286586944031769,1.2758714862086171,1.9909330818291464,0,1,1,0,1,0,1,1,0,0,0,0,1,0,1,0,0,0,1,0,1,1,0,1,0,0,0,0,1,0
2068,0,0.5956921474426305,1.1961052302006432,1.0541914498818656,0,1,0,0,1,0,1,1,0,0,1,0,1,0,0,0,1,0,1,0,0,0,0,0,0,0,1,1,0,0
2069,0,-1.2774445836787656,1.0249401391835322,-0.963602746691352,1,0,0,0,1,0,0,1,0,0,1,0,0,0,0,0,0,0,1,0,1,0,0,1,0,1,0,0,0,1
2070,0,0.6771328748826912,-0.1665683099355778,0.288783204378351,1,0,0,0,1,0,1,0,0,0,1,0,1,0,0,0,0,0,0,0,0,0,0,1,1,0,0,0,1,0
2071,0,1.4100994218432374,0.9750862291785486,1.7749078657297772,0,0,1,1,1,0,1,1,0,0,0,0,1,0,0,0,1,0,1,0,0,0,1,0,1,0,0,0,1,0
2072,0,0.2699292376823877,-1.5093002860698053,-0.6620101035267875,0,1,0,1,1,0,0,0,1,1,0,1,0,1,0,1,0,1,0,1,0,1,0,0,0,0,0,1,0,2
2073,0,-0.748079855318371,-1.491020519067978,-0.8805941805541184,0,1,0,0,1,0,0,0,1,1,0,1,0,1,0,1,0,1,0,1,0,0,0,0,0,0,1,1,0,2
2074,1,0.4328106925625091,1.4420511862252297,1.0239704199568032,1,0,0,0,1,0,0,1,0,0,1,0,1,0,0,0,1,0,1,0,1,0,0,1,1,0,0,1,0,0
2075,1,0.9621754209229036,1.2060760122016398,1.4621974130161388,0,1,0,0,1,0,1,1,0,0,0,0,0,0,1,0,0,0,1,0,1,0,0,1,0,1,0,0,1,0
2076,0,-0.748079855318371,-0.1881716709377373,-0.6648116150599868,0,0,0,0,1,0,0,0,0,0,0,0,0,0,0,0,1,0,0,0,1,1,0,0,1,0,0,1,0,1
2077,0,-1.2774445836787656,0.2189685941029625,-0.9743014324677426,1,0,0,0,1,0,0,1,0,0,0,0,0,0,0,0,0,0,0,0,0,0,0,0,0,1,0,0,0,1
2078,0,-0.6666391278783103,-0.2961884759485353,-0.6273331261237233,0,1,1,1,1,0,0,0,0,0,1,0,1,0,0,0,0,0,0,0,0,1,0,1,0,0,1,1,0,1
2079,0,1.5322605130033284,1.3722557122182522,2.326937992645607,0,1,1,1,1,0,1,1,0,0,1,0,1,0,0,0,0,0,1,0,1,0,0,1,0,1,0,0,1,0
2080,1,1.6137012404433893,0.642726829145324,1.633221971416875,0,1,1,0,1,0,1,0,0,0,1,0,1,0,1,0,0,0,1,0,1,0,1,1,1,0,0,0,1,0
2081,0,-0.3815965818380978,0.3502505571160864,-0.2544894416029898,0,0,1,1,1,0,0,1,0,0,0,0,0,0,1,0,0,0,0,0,0,0,0,1,1,0,0,1,0,1
2082,0,-0.4630373092781585,-1.33148800705203,-0.7996812332803017,0,1,0,1,1,0,1,0,1,1,0,1,0,1,0,1,0,1,0,1,0,0,0,0,0,0,1,1,0,2
2083,0,-1.2774445836787656,-1.4827115340671475,-0.996889997900782,1,0,0,0,1,0,0,0,1,1,0,1,0,1,0,1,0,1,0,1,0,0,0,1,0,0,1,0,0,2
2084,0,-1.2774445836787656,0.1657910900976468,-0.9750073251375252,1,1,0,1,1,0,0,1,0,0,0,0,0,0,0,0,0,0,0,0,0,0,0,0,0,0,0,0,0,1
2085,1,-0.0151133083578247,0.9451738831755588,0.2873273007469245,1,0,1,0,1,0,1,1,0,0,0,0,0,0,0,0,0,0,1,0,1,0,0,1,0,1,0,1,0,1
2086,0,-0.62591876415828,0.534710024134526,-0.3877487421703636,1,1,1,1,1,0,0,1,0,0,0,0,0,0,0,0,0,0,1,0,0,0,0,0,0,1,0,1,0,1
2087,0,-1.1552834925186746,-1.034026344022294,-0.9449627683799084,1,0,0,0,0,1,0,0,0,0,1,0,1,0,0,0,0,0,0,0,0,0,0,1,0,1,0,0,0,1
2088,0,0.1477681465222966,-0.2978502729487016,-0.1492231972216776,0,0,0,0,1,0,1,0,0,0,0,0,0,0,1,0,0,0,0,0,0,1,0,0,0,1,0,1,0,1
2089,0,0.7178532386027215,-0.8329489070021932,-0.1530835477595505,0,0,0,0,0,1,0,0,0,0,0,0,1,0,1,0,1,0,0,0,0,0,1,0,1,0,0,0,1,1
2090,0,0.6364125111626608,-1.1719554950360824,-0.3779544813771316,0,0,1,1,0,1,0,0,0,0,0,0,0,0,0,0,1,0,0,0,0,0,0,1,1,0,0,1,0,1
2091,0,0.7178532386027215,-1.4827115340671475,-0.5774573971744049,0,0,0,1,1,0,0,0,1,1,0,1,0,1,0,1,0,1,0,1,0,0,1,0,1,0,0,0,1,2
2092,0,1.6137012404433893,0.4915033021302069,1.557889988063526,0,1,1,0,1,0,1,0,0,0,1,0,1,0,1,0,1,0,0,0,1,0,1,0,1,0,0,0,1,0
2093,0,-0.9109613101984924,-1.328164413051698,-0.9069989782331692,0,1,0,1,1,0,1,0,1,1,0,1,0,1,0,1,0,1,0,1,0,0,0,0,1,0,0,0,0,2
2094,0,-0.5851984004382496,-1.4993295040688086,-0.8329684844897317,0,0,0,0,1,0,0,0,1,1,0,1,0,1,0,1,0,1,0,1,0,0,0,0,0,0,1,1,0,2
2095,0,-1.2774445836787656,0.5047976781315361,-0.9705072593676618,1,1,0,0,1,0,0,1,0,0,0,0,0,0,0,0,0,0,1,0,0,0,0,1,0,1,0,0,0,1
2096,0,-1.2774445836787656,-1.5109620830699717,-0.9972650033816036,1,0,0,0,1,0,0,0,1,1,0,1,0,1,0,1,0,1,0,1,0,0,0,0,0,1,0,0,0,2
2097,0,-0.9516816739185228,0.9734244321783826,-0.6476937178177615,0,1,0,0,1,0,0,1,0,0,0,0,0,0,1,0,0,0,1,0,1,0,0,1,0,1,0,0,0,1
2098,0,-1.2367242199587352,0.8637458301674186,-0.92868311868305,0,1,0,0,1,0,1,1,0,0,1,0,0,0,0,0,0,0,0,0,1,0,0,0,0,0,1,0,0,1
2099,0,0.3106496014024181,0.468238144127881,0.3737329753574861,0,0,1,0,1,0,1,1,0,0,0,0,0,0,0,0,1,0,0,0,0,0,0,1,1,0,0,1,0,1
2100,0,1.4915401492832985,1.15456030519649,2.012551044841235,0,1,1,0,1,0,1,1,0,0,0,0,0,0,1,0,0,0,1,0,1,1,0,0,0,0,0,0,1,0
2101,0,0.188488510242327,1.1445895231954937,0.6506855525174559,1,0,1,0,1,0,1,1,0,0,1,0,0,0,1,0,1,0,0,0,1,1,0,1,0,1,0,1,0,0
2102,0,-0.5851984004382496,0.5247392421335293,-0.385189881242402,0,1,0,1,1,0,1,1,0,0,0,0,0,0,1,0,0,0,0,0,0,0,0,1,1,0,0,1,0,1
2103,1,-0.8702409464784621,0.180747263099142,-0.6375244515437077,0,1,1,0,1,0,0,1,0,0,0,0,0,0,0,0,0,0,0,0,0,0,0,1,0,1,0,0,0,1
2104,0,-0.9924020376385532,0.6792863631489789,-0.7289816705724003,1,0,1,0,1,0,1,1,0,0,0,0,0,0,0,0,0,0,0,0,1,0,0,1,1,0,0,0,0,1
2105,0,-1.1960038562387048,0.3485887601159204,-0.899013567406255,1,0,0,0,1,0,1,1,0,0,0,0,0,0,0,0,0,0,0,0,0,0,0,0,0,1,0,0,0,1
2106,0,0.9214550572028734,-0.1765390919365744,0.3870346403536998,0,1,1,1,1,0,0,0,0,0,1,0,0,0,0,0,0,0,0,0,1,1,0,0,1,0,0,0,1,0
2107,0,0.0256070553622056,0.9501592741760568,0.3583577506437865,0,1,1,0,1,0,1,1,0,0,0,0,1,0,1,0,0,0,0,0,1,0,0,1,0,1,0,1,0,1
2108,0,0.5549717837226001,-0.6584602219847502,-0.0488982015288426,0,0,0,0,1,0,0,0,0,0,0,0,0,0,0,0,0,0,0,0,0,0,0,0,0,0,0,1,0,1
2109,0,0.0663274190822359,-1.2849576910473786,-0.5732661594475714,0,1,0,0,1,0,1,0,1,1,0,1,0,1,0,1,0,1,0,1,0,0,1,0,0,0,0,1,0,2
2110,0,-1.1960038562387048,-1.481049737066981,-0.9766838202282584,0,0,0,0,1,0,0,0,1,1,0,1,0,1,0,1,0,1,0,1,0,0,0,0,0,1,0,0,0,2
2111,0,-0.0965540357978854,-1.4461520000634926,-0.6917017139495131,0,1,1,1,1,0,0,0,1,1,0,1,0,1,0,1,0,1,0,1,0,0,1,0,0,0,1,1,0,2
2112,0,0.0256070553622056,-0.1782008889367407,-0.1442378302413388,0,0,0,0,1,0,1,0,0,0,1,0,0,0,0,0,1,0,0,0,0,1,0,0,0,1,0,1,0,1
2113,0,0.5142514200025698,1.0049985751815391,0.921682160276136,0,1,1,1,1,0,1,1,0,0,0,0,1,0,1,0,0,0,0,0,1,1,0,1,1,0,0,1,0,0
2114,0,0.3106496014024181,-0.0951110389284345,0.1620754701523958,0,1,0,0,1,0,0,0,0,0,1,0,1,0,0,0,1,0,0,0,0,0,0,1,0,0,1,1,0,1
2115,0,1.5729808767233588,1.7910285562601154,2.7343924771316126,0,0,0,0,1,0,1,1,0,0,1,0,1,0,1,0,1,0,1,0,1,0,1,1,0,1,0,0,1,0
2116,0,-1.2774445836787656,-0.346042385953519,-0.9818015420841816,1,1,0,0,1,0,1,0,0,0,0,0,0,0,1,0,0,0,0,0,0,0,0,0,0,1,0,0,0,1
2117,0,1.6137012404433893,-0.0103593919199621,0.991896421773562,0,0,1,1,0,1,0,0,0,0,1,0,1,0,1,0,1,0,1,0,1,0,1,0,0,0,0,0,1,0
2118,0,-0.4223169455581282,0.5114448661322006,-0.2157756404946069,0,0,1,1,1,0,0,1,0,0,0,0,0,0,0,0,0,0,0,0,1,0,0,1,0,1,0,1,0,1
2119,0,0.5549717837226001,-1.481049737066981,-0.6327155577308147,0,1,1,1,1,0,0,0,1,1,0,1,0,1,0,1,0,1,0,1,0,1,0,1,0,0,0,1,0,2
2120,0,0.9214550572028734,-1.4544609850643233,-0.4718161473122707,0,0,1,1,1,0,0,0,1,1,0,1,0,1,0,1,0,1,0,1,0,0,1,0,0,0,1,0,1,2
2121,0,-1.2774445836787656,-1.4727407520661506,-0.9967576430251978,0,1,0,0,1,0,0,0,1,1,0,1,0,1,0,1,0,1,0,1,0,0,0,0,0,0,1,0,0,2
2122,0,-0.8295205827584317,0.3685303241179136,-0.6288110889010803,0,0,0,0,1,0,1,0,0,0,0,0,0,0,0,0,1,0,1,0,1,1,0,1,0,0,1,0,0,1
2123,0,-0.055833672077855,0.5214156481331973,0.0658975938945329,0,1,0,0,1,0,1,1,0,0,0,0,1,0,0,0,0,0,0,0,0,0,0,1,0,1,0,1,0,1
2124,0,-1.1145631287986442,-1.3231790220511994,-0.9614850686820045,1,1,1,0,0,1,0,0,0,0,0,0,0,0,0,0,0,0,0,0,0,0,0,1,0,1,0,0,0,1
2125,0,1.4100994218432374,0.356897745116751,1.301364180035387,0,0,1,1,1,0,1,0,0,0,1,0,0,0,0,0,0,0,1,0,1,0,1,1,0,1,0,0,1,0
2126,0,-1.2774445836787656,-0.6750781919864114,-0.9861692529784606,0,1,0,0,1,0,0,0,0,0,0,0,0,0,0,0,0,0,0,0,0,0,0,0,0,0,1,0,0,1
2127,0,0.3106496014024181,-0.7448736659933887,-0.2485114130557694,1,1,1,0,0,1,0,0,0,0,1,0,1,0,1,0,0,0,0,0,0,1,0,1,0,1,0,1,0,1
2128,0,0.3513699651224484,0.3253236021135945,0.3281587798646549,0,1,1,1,1,0,1,0,0,0,1,0,1,0,1,0,0,0,1,0,0,0,0,1,1,0,0,1,0,0
2129,0,-1.2774445836787656,0.3502505571160864,-0.972558759939217,1,1,0,0,1,0,1,1,0,0,0,0,0,0,0,0,0,0,0,0,0,0,0,1,0,1,0,0,0,1
2130,0,0.758573602322752,0.9983513871808744,1.128486653376472,1,1,0,0,1,0,1,1,0,0,1,0,1,0,0,0,0,0,1,0,0,1,0,1,0,1,0,0,1,0
2131,0,0.3920903288424788,-0.5521052139741185,-0.1091637882115219,0,1,1,1,0,1,0,0,0,0,1,0,0,0,1,0,1,0,1,0,0,0,1,0,1,0,0,1,0,1
2132,0,-0.3815965818380978,-1.4993295040688086,-0.8130270165683767,0,1,1,1,1,0,0,0,1,1,0,1,0,1,0,1,0,1,0,1,0,1,0,0,0,0,1,1,0,2
2133,1,-1.2774445836787656,0.1923798421003046,-0.9746543788026336,1,0,0,0,1,0,0,1,0,0,0,0,0,0,0,0,0,0,0,0,0,0,0,1,0,1,0,0,0,1
2134,0,-1.2774445836787656,-1.4827115340671475,-0.996889997900782,0,0,0,0,1,0,0,0,1,1,0,1,0,1,0,1,0,1,0,1,0,0,0,0,0,0,1,0,0,2
2135,0,0.9621754209229036,1.3905354792200797,1.594530229454423,0,0,0,0,1,0,1,1,0,0,1,0,1,0,0,0,0,0,1,0,1,0,0,1,1,0,0,0,1,0
2136,0,-0.7073594915983407,0.8720548151682491,-0.3748662009468333,0,1,0,1,1,0,1,1,0,0,0,0,1,0,0,0,0,0,1,0,0,0,0,1,0,1,0,1,0,1
2137,0,-0.8295205827584317,-1.3082228490497043,-0.8676895801846575,0,1,1,1,1,0,1,0,1,1,0,1,0,1,0,1,0,1,0,1,0,0,1,1,0,0,0,0,0,2
2138,0,0.880734693482843,0.1724382780983114,0.7024142497249531,0,0,1,1,1,0,0,0,0,0,1,0,0,0,1,0,1,0,0,0,1,0,1,0,0,0,0,0,1,0
2139,0,-1.0331224013585834,0.0694068640880114,-0.8036739386937589,0,0,0,0,1,0,0,0,0,0,0,0,0,0,0,0,0,0,1,0,1,0,0,1,0,1,0,0,0,1
2140,0,0.0256070553622056,0.7108605061521354,0.205576105927741,1,0,1,1,1,0,1,1,0,0,0,0,0,0,0,0,0,0,0,0,1,0,0,0,1,0,0,1,0,1
2141,0,-0.6666391278783103,-1.4827115340671475,-0.8551820444419492,0,1,1,1,1,0,0,0,1,1,0,1,0,1,0,1,0,1,0,1,0,0,0,0,0,1,0,1,0,2
2142,0,-0.4630373092781585,0.0029349840813665,-0.4160065081075934,0,0,0,1,1,0,0,0,0,0,1,0,0,0,1,0,0,0,0,0,1,1,0,0,0,0,1,1,0,1
2143,1,-0.0965540357978854,0.3352943841145911,-0.0432290010246521,0,1,1,0,1,0,1,0,0,0,0,0,0,0,1,0,0,0,1,0,1,0,1,0,0,1,0,1,0,1
2144,0,-1.1960038562387048,-0.4740007549663106,-0.9405950574856292,0,1,0,0,1,0,0,0,0,0,0,0,0,0,0,0,1,0,0,0,0,0,0,1,0,0,1,0,0,1
2145,0,-0.8702409464784621,0.2704843011081128,-0.644693673971186,0,1,0,0,1,0,0,1,0,0,0,0,0,0,1,0,0,0,0,0,0,0,0,0,0,1,0,0,0,1
2146,0,1.2064976032430856,1.6713791722481544,2.1413764570765377,0,0,0,0,1,0,1,1,0,0,1,0,1,0,1,0,1,0,1,0,1,1,0,1,1,0,0,0,1,0
2147,0,-0.5851984004382496,-1.520932865070968,-0.8518952316982745,0,1,0,0,1,0,0,0,1,1,0,1,0,1,0,1,0,1,0,1,0,0,0,0,0,1,0,1,0,2
2148,0,-1.0738427650786138,-1.502653098069141,-0.9490437103770882,0,1,0,1,1,0,0,0,1,1,0,1,0,1,0,1,0,1,0,1,0,0,0,0,0,0,1,0,0,2
2149,0,0.5549717837226001,1.2077378092018058,1.0564856010586583,0,0,0,0,1,0,1,1,0,0,0,0,0,0,1,0,0,0,1,0,1,1,0,1,0,1,0,1,0,0
2150,0,-0.4630373092781585,0.642726829145324,-0.2392465717648744,0,1,0,0,1,0,1,1,0,0,0,0,0,0,0,0,0,0,0,0,1,0,0,1,0,1,0,1,0,1
2151,0,1.4508197855632678,-1.3497677740538576,-0.3445128161461867,0,1,0,0,1,0,1,0,1,1,0,1,0,1,0,1,0,1,0,1,0,0,1,1,0,0,0,0,1,2
2152,0,-1.2774445836787656,-0.4872951309676395,-0.9836765694882912,0,0,0,0,1,0,1,0,0,0,0,0,0,0,0,0,0,0,0,0,0,0,0,1,0,1,0,0,0,1
2153,0,-0.3001558543980371,0.3269853991137605,-0.2126432417724472,0,0,1,0,1,0,0,1,0,0,0,0,0,0,1,0,0,0,0,0,0,0,0,1,0,1,0,1,0,1
2154,0,-0.3408762181180675,-1.4960059100684764,-0.7860266219491969,0,0,0,1,1,0,0,0,1,1,0,1,0,1,0,1,0,1,0,1,0,0,1,0,0,0,1,1,0,2
2155,0,-0.0965540357978854,0.6726391751483144,0.1519944404620648,1,0,1,0,1,0,1,1,0,0,0,0,0,0,0,0,0,0,0,0,1,0,0,1,0,1,0,1,0,1
2156,0,-1.2367242199587352,0.5247392421335293,-0.9245580583940084,1,0,0,0,1,0,0,1,0,0,0,0,0,0,0,0,0,0,0,0,1,0,0,0,0,1,0,0,0,1
2157,0,0.758573602322752,1.397182667220744,1.4201967991640814,0,1,1,0,1,0,1,1,0,0,0,0,1,0,1,0,0,0,1,0,1,1,0,1,0,0,0,0,1,0
2158,0,1.002895784642934,0.6560212051466532,1.131927880141661,0,0,1,1,1,0,1,0,0,0,1,0,0,0,1,0,1,0,1,0,1,0,1,1,0,1,0,0,1,0
2159,0,-0.7073594915983407,-1.3198554280508674,-0.8429392184504093,0,0,0,0,1,0,1,0,1,1,0,1,0,1,0,1,0,1,0,1,0,0,1,0,0,0,0,1,0,2
2160,0,1.6137012404433893,0.6294324531439953,1.684068302787144,0,0,1,1,1,0,0,0,0,0,1,0,1,0,1,0,1,0,1,0,1,0,1,1,0,0,0,0,1,0
2161,0,-1.2367242199587352,0.3668685271177476,-0.9348596795436466,1,0,0,0,1,0,0,1,0,0,0,0,0,0,1,0,0,0,0,0,0,0,0,1,0,1,0,0,0,1
2162,0,-0.1779947632379461,1.0581760791868549,0.1785095338707691,0,1,1,0,1,0,1,1,0,0,0,0,1,0,1,0,0,0,1,0,0,0,0,0,1,0,0,1,0,1
2163,1,-0.1372743995179157,1.1213243651931677,0.3195998312435423,1,1,1,0,1,0,1,1,0,0,0,0,0,0,1,0,0,0,1,0,1,0,0,1,0,1,0,1,0,1
2164,0,1.5322605130033284,1.2077378092018058,2.0802064454107,0,1,1,1,1,0,0,1,0,0,1,0,1,0,1,0,1,0,1,0,0,0,1,1,1,0,0,0,1,0
2165,0,-0.7888002190384014,-1.481049737066981,-0.885226601199566,0,0,0,0,1,0,0,0,1,1,0,1,0,1,0,1,0,1,0,1,0,1,0,0,0,0,1,1,0,2
2166,1,1.0843365120829946,0.9734244321783826,1.4136231736767315,0,0,1,0,1,0,1,1,0,0,1,0,1,0,1,0,1,0,0,0,0,1,0,1,0,1,0,0,1,0
2167,1,-0.7888002190384014,1.0133075601823696,-0.4615145261626326,1,1,1,0,1,0,1,1,0,0,0,0,0,0,0,0,0,0,1,0,1,0,0,1,0,1,0,1,0,1
2168,1,-1.0331224013585834,0.3203382111130964,-0.7728793709744982,1,1,1,0,1,0,1,1,0,0,0,0,0,0,0,0,0,0,0,0,0,0,0,1,0,0,1,0,0,1
2169,0,1.2064976032430856,0.5396954151350245,1.193914080206935,0,0,1,0,1,0,0,0,0,0,1,0,0,0,1,0,1,0,1,0,1,0,1,0,0,0,1,0,1,0
2170,0,-0.4630373092781585,-0.1499503399339166,-0.4506173080728656,0,0,0,0,1,0,0,0,0,0,1,0,0,0,1,0,1,0,0,0,0,1,0,1,0,1,0,1,0,1
2171,0,-1.2367242199587352,-0.130008775931923,-0.9566320565772498,0,0,0,0,1,0,0,0,0,0,0,0,0,0,1,0,0,0,0,0,1,0,0,0,0,1,0,0,0,1
2172,0,-1.2774445836787656,-0.6916961619880726,-0.9863898444377676,0,0,0,0,1,0,0,0,0,0,0,0,0,0,0,0,0,0,0,0,0,0,0,0,1,0,0,0,0,1
2173,0,-1.1552834925186746,0.7075369121518029,-0.8698513764858664,0,1,0,0,1,0,0,1,0,0,0,0,0,0,1,0,0,0,0,0,1,0,0,0,0,1,0,0,0,1
2174,0,-0.5444780367182193,-1.479387940066815,-0.8365200069845748,0,0,0,0,1,0,0,0,1,1,0,1,0,1,0,1,0,1,0,1,0,1,0,0,1,0,0,1,0,2
2175,0,-0.0965540357978854,0.677624566148813,0.1218395879747945,1,0,0,0,1,0,0,1,0,0,0,0,0,0,0,0,1,0,1,0,0,0,0,0,0,1,0,1,0,1
2176,0,1.4100994218432374,-1.5076384890696393,-0.4392127296266924,0,1,1,1,1,0,0,0,1,1,0,1,0,1,0,1,0,1,0,1,0,0,1,1,1,0,0,0,1,2
2177,1,1.6137012404433893,1.259253516206956,2.3252835567008043,0,1,1,0,1,0,1,1,0,0,1,0,1,0,1,0,0,0,0,0,1,0,1,1,1,0,0,0,1,0
2178,0,0.8400143297628127,-1.491020519067978,-0.5160447349033292,0,1,1,0,1,0,0,0,1,1,0,1,0,1,0,1,0,1,0,1,0,0,1,0,1,0,0,0,1,2
2179,0,-1.1145631287986442,-1.502653098069141,-0.9618380150168956,0,0,0,0,1,0,0,0,1,1,0,1,0,1,0,1,0,1,0,1,0,1,0,0,0,1,0,0,0,2
2180,1,1.5729808767233588,1.0216165451832002,1.953300178871368,0,1,1,0,1,0,0,1,0,0,0,0,1,0,1,0,1,0,0,0,1,0,1,1,1,0,0,0,1,0
2181,0,0.7178532386027215,0.6443886261454905,0.8314823125654932,0,0,1,1,1,0,1,0,0,0,0,0,1,0,1,0,1,0,1,0,1,1,0,1,1,0,0,0,1,0
2182,0,0.9621754209229036,1.2775332832087831,1.5856183344984192,0,1,1,1,1,0,1,1,0,0,0,0,0,0,1,0,1,0,1,0,1,0,1,1,0,1,0,0,1,0
2183,0,-1.2367242199587352,-0.4839715369673072,-0.95758059985227,0,1,0,0,1,0,0,0,0,0,0,0,0,0,0,0,1,0,0,0,0,0,0,1,1,0,0,0,0,1
2184,1,-1.2367242199587352,0.7906267621601091,-0.9266977955492868,1,0,0,0,1,0,1,1,0,0,0,0,0,0,1,0,0,0,0,0,1,0,0,1,0,1,0,0,0,1
2185,0,-0.3408762181180675,-0.3327480099521901,-0.4154109111674644,1,1,1,1,1,0,1,0,0,0,1,0,0,0,0,0,0,0,0,0,0,0,0,0,0,1,0,1,0,1
2186,0,0.5549717837226001,-1.4893587220678115,-0.6253036846980985,0,1,1,1,1,0,0,0,1,1,0,1,0,1,0,1,0,1,0,1,0,0,1,0,1,0,0,1,0,2
2187,0,1.5729808767233588,1.7112623002521414,2.772841568488827,0,1,1,0,1,0,1,1,0,0,1,0,1,0,1,0,1,0,1,0,1,0,1,1,0,1,0,0,1,0
2188,0,-0.1372743995179157,-1.115454397030434,-0.5971562144905223,0,0,0,0,0,1,0,0,0,0,0,0,0,0,0,0,1,0,0,0,0,0,0,1,0,1,0,1,0,1
2189,0,1.4915401492832985,-1.3397969920528607,-0.2477393429481948,0,1,1,1,1,0,1,0,1,1,0,1,0,1,0,1,0,1,0,1,0,0,1,0,0,0,0,0,1,2
2190,0,1.5729808767233588,0.6460504231456565,1.622280635035247,0,1,1,0,1,0,1,0,0,0,0,0,1,0,1,0,1,0,1,0,1,0,1,0,1,0,0,0,1,0
2191,1,-1.2774445836787656,0.8820255971692458,-0.9654998332413922,1,0,0,0,1,0,0,1,0,0,0,0,0,0,0,0,0,0,1,0,1,0,0,1,0,1,0,0,0,1
2192,1,0.9621754209229036,0.6942425361504742,1.122685097996697,0,1,1,0,1,0,0,0,0,0,1,0,1,0,1,0,1,0,1,0,1,0,1,1,0,0,0,0,1,0
2193,0,0.9621754209229036,-1.4478137970636586,-0.4593086115695624,0,1,0,1,1,0,0,0,1,1,0,1,0,1,0,1,0,1,0,1,0,1,0,1,0,0,1,0,1,2
2194,0,-1.2774445836787656,0.4898415051300408,-0.970705791681038,1,1,0,0,1,0,0,1,0,0,0,0,0,0,0,0,0,0,1,0,0,0,0,1,0,1,0,0,0,1
2195,0,-0.1779947632379461,-1.303237458049206,-0.7092166758184908,0,0,1,0,1,0,1,0,1,1,0,1,0,1,0,1,0,1,0,1,0,1,0,0,0,0,1,1,0,2
2196,0,-0.5444780367182193,-1.481049737066981,-0.8371597222165652,0,0,1,1,1,0,0,0,1,1,0,1,0,1,0,1,0,1,0,1,0,0,0,0,0,0,1,1,0,2
2197,0,1.369379058123207,-0.0303009559219556,0.8756888410106214,0,1,1,0,1,0,1,0,0,0,0,0,0,0,0,0,1,0,0,0,1,0,0,0,0,1,0,0,1,0
2198,0,-0.62591876415828,-0.0934492419282683,-0.533405282750792,0,0,1,1,1,0,1,0,0,0,0,0,0,0,1,0,1,0,0,0,0,1,0,1,0,0,1,1,0,1
2199,0,0.7992939660427822,-1.2965902700485417,-0.4120138026941363,0,1,1,1,1,0,1,0,1,1,0,1,0,1,0,1,0,1,0,1,0,0,1,0,0,0,1,0,1,2
2200,0,-0.5444780367182193,-0.2180840169407275,-0.5446333880295197,0,0,0,0,1,0,0,0,0,0,0,0,1,0,0,0,0,0,1,0,0,1,0,0,0,1,0,1,0,1
2201,0,0.1477681465222966,0.7008897241511383,0.3193351214923739,0,0,0,0,1,0,0,0,0,0,1,0,1,0,1,0,1,0,1,0,1,1,0,0,0,0,0,1,0,0
2202,1,-1.0331224013585834,0.1774236690988095,-0.7995047601128561,1,1,1,0,1,0,0,1,0,0,0,0,0,0,0,0,0,0,0,0,0,0,0,1,0,0,1,0,0,1
2203,0,1.6137012404433893,1.3340343812144315,2.3196364153425444,0,1,1,1,1,0,1,1,0,0,1,0,1,0,1,0,1,0,0,0,1,1,0,1,1,0,0,0,1,0
2204,0,1.4100994218432374,1.5467443972356951,2.295194881651326,1,1,1,1,1,0,1,1,0,0,1,0,1,0,1,0,0,0,1,0,1,1,0,1,0,1,0,0,1,0
2205,1,0.0663274190822359,1.1661928841976528,0.4691608406537051,0,1,0,0,1,0,0,1,0,0,0,0,1,0,1,0,0,0,1,0,1,1,0,1,0,1,0,1,0,1
2206,1,1.002895784642934,1.0133075601823696,1.3885419247535231,1,1,1,0,1,0,1,1,0,0,0,0,1,0,1,0,0,0,0,0,1,0,0,1,0,0,0,0,1,0
2207,0,-1.0331224013585834,0.7141841001524675,-0.7467613421925465,1,0,1,0,1,0,0,1,0,0,0,0,0,0,1,0,0,0,1,0,0,0,0,1,0,1,0,0,0,1
2208,1,-1.2774445836787656,1.1977670272008092,-0.9613085955145588,1,0,1,0,1,0,1,1,0,0,0,0,0,0,1,0,0,0,1,0,1,0,0,1,0,1,0,0,0,1
2209,0,-0.9924020376385532,-1.502653098069141,-0.9346832063762008,0,1,1,0,1,0,0,0,1,1,0,1,0,1,0,1,0,1,0,1,0,0,0,1,0,0,0,0,0,2
2210,0,1.4915401492832985,1.304122035211441,2.095074309767993,0,0,0,0,1,0,1,1,0,0,0,0,0,0,1,0,1,0,1,0,1,0,1,0,0,1,0,0,1,0
2211,0,0.7178532386027215,1.3174164112127704,1.3028862611046053,0,0,1,0,1,0,1,1,0,0,1,0,0,0,1,0,0,0,1,0,1,1,0,1,0,0,1,0,1,0
2212,0,-0.9109613101984924,-1.504314895069307,-0.906138671541872,0,1,0,0,1,0,0,0,1,1,0,1,0,1,0,1,0,1,0,1,0,1,0,0,0,0,1,0,0,2
2213,0,-0.8295205827584317,-1.3132082400502028,-0.8845868859675755,0,0,1,1,1,0,1,0,1,1,0,1,0,1,0,1,0,1,0,1,0,0,1,0,1,0,0,0,0,2
2214,0,-0.748079855318371,0.7158458971526335,-0.484764865973593,1,0,0,0,1,0,0,1,0,0,0,0,1,0,0,0,0,0,0,0,1,0,0,1,0,1,0,1,0,1
2215,0,1.5322605130033284,-0.4956041159684701,0.4810948386022151,0,0,1,0,0,1,0,0,0,0,1,0,0,0,1,0,1,0,0,0,1,0,1,1,0,0,0,0,1,0
2216,1,1.2879383306831464,1.4686399382278874,2.1316042554292363,0,0,0,0,1,0,1,1,0,0,1,0,0,0,1,0,1,0,1,0,1,0,0,1,0,0,0,0,1,0
2217,0,1.369379058123207,0.8354952811645946,1.623163000872475,0,0,1,1,1,0,1,0,0,0,1,0,1,0,1,0,1,0,1,0,1,0,1,0,1,0,0,0,1,0
2218,0,1.5729808767233588,0.572931355138347,1.641251500535651,0,0,1,1,1,0,0,0,0,0,1,0,0,0,1,0,1,0,1,0,1,0,1,1,1,0,0,0,1,0
2219,1,-0.5037576729981889,0.8371570781647607,-0.2785118515215248,0,1,0,0,1,0,0,1,0,0,0,0,0,0,0,0,0,0,1,0,1,0,0,0,0,1,0,1,0,1
2220,0,1.6137012404433893,0.4848561141295422,1.5324557928054263,0,1,1,0,1,0,0,0,0,0,1,0,1,0,0,0,1,0,1,0,1,0,1,1,0,0,0,0,1,0
2221,0,1.5729808767233588,-0.0236537679212913,0.9764109013302086,0,0,1,1,1,0,0,0,0,0,1,0,1,0,1,0,1,0,0,0,0,0,1,0,1,0,0,0,1,0
2222,0,0.2292088739623573,1.2093996062019725,0.7398486203693552,0,1,1,1,1,0,1,1,0,0,0,0,0,0,1,0,0,0,1,0,1,0,0,1,1,0,0,1,0,0
2223,0,-0.1779947632379461,0.8371570781647607,0.1525679782562631,1,0,0,0,1,0,1,1,0,0,0,0,1,0,0,0,0,0,0,0,1,0,0,1,0,1,0,1,0,1
2224,1,-0.62591876415828,0.3884718881199074,-0.4616248218922861,1,1,1,0,1,0,0,1,0,0,0,0,1,0,0,0,0,0,0,0,0,0,0,1,0,1,0,1,0,1
2225,0,0.0256070553622056,-0.8528904710041867,-0.428271393245064,0,1,0,0,0,1,0,0,0,0,0,0,1,0,0,0,0,0,1,0,0,1,0,1,0,1,0,1,0,1
2226,0,-0.3815965818380978,-1.0024522010191377,-0.6468995885642563,0,0,1,1,0,1,0,0,0,0,1,0,0,0,0,0,1,0,0,0,0,0,1,0,0,0,1,1,0,1
2227,0,1.0436161483629645,-1.502653098069141,-0.5165962135515968,0,1,1,1,1,0,0,0,1,1,0,1,0,1,0,1,0,1,0,1,0,1,0,1,0,1,0,0,1,2
2228,1,1.5322605130033284,1.3190782082129364,2.236627849205311,0,0,1,0,1,0,1,1,0,0,0,0,1,0,0,0,1,0,1,0,1,0,1,1,0,0,0,0,1,0
2229,0,-1.1552834925186746,0.1907180451001386,-0.8759838190546015,0,1,1,0,1,0,0,1,0,0,0,0,0,0,0,0,0,0,0,0,0,0,0,0,0,1,0,0,0,1
2230,0,0.5142514200025698,-1.4760643460664828,-0.5958326657346801,0,1,1,1,1,0,0,0,1,1,0,1,0,1,0,1,0,1,0,1,0,0,1,0,0,0,1,1,0,2
2231,0,-0.9109613101984924,0.1741000750984774,-0.6793044739364583,1,1,0,0,1,0,0,1,0,0,0,0,0,0,0,0,0,0,0,0,0,0,0,1,0,1,0,0,0,1
2232,0,0.1477681465222966,-1.505976692069473,-0.6729073216165545,0,1,1,1,1,0,0,0,1,1,0,1,0,1,0,1,0,1,0,1,0,0,1,0,1,0,0,1,0,2
2233,0,0.880734693482843,0.1707764810981453,0.7074657941430841,0,1,0,0,1,0,0,0,0,0,1,0,1,0,0,0,1,0,1,0,0,0,0,1,0,0,1,0,1,0
2234,0,-0.3815965818380978,-0.1682301069357438,-0.3818589502068659,0,1,1,1,1,0,1,0,0,0,0,0,1,0,0,0,1,0,0,0,0,0,1,0,0,0,1,1,0,1
2235,0,0.3513699651224484,0.4516201741262198,0.4109467545425811,0,0,1,1,1,0,1,0,0,0,1,0,1,0,1,0,0,0,1,0,0,1,0,1,1,0,0,1,0,0
2236,1,-1.1145631287986442,0.2222921881032951,-0.8418362611538742,0,1,0,0,1,0,0,1,0,0,0,0,0,0,0,0,0,0,0,0,0,0,0,1,0,0,1,0,0,1
2237,0,-0.2187151269579764,-0.62854787598176,-0.4558894439503034,0,1,1,1,0,1,0,0,0,0,0,0,1,0,1,0,0,0,0,0,1,1,0,1,1,0,0,1,0,1
2238,0,-1.2774445836787656,1.0332491241843629,-0.9634924509616984,0,0,0,0,1,0,0,1,0,0,0,0,0,0,0,0,1,0,1,0,1,0,0,1,0,1,0,0,0,1
2239,0,1.4100994218432374,-0.9658926670154828,0.1173395222049311,0,0,1,1,0,1,0,0,0,0,1,0,0,0,0,0,1,0,0,0,0,0,1,0,1,0,0,0,1,0
2240,1,1.6137012404433893,0.8238627021634315,1.8393426309933596,0,0,1,1,1,0,1,0,0,0,1,0,1,0,1,0,1,0,1,0,1,0,1,1,1,0,0,0,1,0
2241,0,0.9621754209229036,-1.3231790220511994,-0.3577262445586774,0,0,1,1,1,0,1,0,1,1,0,1,0,1,0,1,0,1,0,1,0,0,1,1,1,0,0,0,1,2
2242,0,0.4735310562825394,-1.326502616051532,-0.5585968274036544,0,1,1,1,1,0,1,0,1,1,0,1,0,1,0,1,0,1,0,1,0,1,0,0,0,1,0,1,0,2
2243,1,1.369379058123207,1.1977670272008092,1.9460647790060976,0,0,1,0,1,0,1,1,0,0,0,0,1,0,0,0,0,0,1,0,1,0,0,1,0,1,0,0,1,0
2244,0,0.0663274190822359,-0.0120211889201281,-0.0842590124557587,1,0,0,0,1,0,1,0,0,0,1,0,1,0,0,0,1,0,0,0,0,1,0,1,0,0,1,1,0,1
2245,0,1.4915401492832985,1.3489905542159264,2.188671265951964,0,0,1,0,1,0,1,1,0,0,0,0,0,0,1,0,1,0,1,0,1,0,1,0,0,0,0,0,1,0
2246,0,-1.2774445836787656,1.2526063282062914,-0.9605806436988455,1,0,1,1,1,0,1,1,0,0,1,0,0,0,1,0,0,0,1,0,1,0,0,1,0,1,0,0,0,1
2247,0,0.3106496014024181,-1.4993295040688086,-0.6394877155315403,0,0,0,0,1,0,0,0,1,1,0,1,0,1,0,1,0,1,0,1,0,0,1,0,1,0,0,1,0,2
2248,0,-0.0965540357978854,-0.3427187919531868,-0.3048725309087143,0,1,1,1,1,0,1,0,0,0,1,0,0,0,0,0,0,0,0,0,0,0,0,1,0,0,0,1,0,1
2249,0,-0.8702409464784621,0.1907180451001386,-0.6399068393042237,0,0,0,0,1,0,0,0,0,0,0,0,0,0,0,0,1,0,1,0,1,0,0,0,0,0,1,0,0,1
2250,0,-0.7073594915983407,-1.4843733310673135,-0.8723440599760357,0,0,0,0,1,0,0,0,1,1,0,1,0,1,0,1,0,1,0,1,0,1,0,0,1,0,0,1,0,2
2251,0,-0.8702409464784621,0.1524967140963176,-0.6915472999279981,0,1,0,0,1,0,0,0,0,0,0,0,0,0,1,0,0,0,1,0,1,0,0,1,0,1,0,0,0,1
2252,0,1.2879383306831464,-1.4943441130683104,-0.4160726855453855,0,0,1,1,1,0,0,0,1,1,0,1,0,1,0,1,0,1,0,1,0,1,0,0,0,0,0,0,1,2
2253,1,1.6137012404433893,0.3203382111130964,1.3592914972494117,0,1,1,0,1,0,0,0,0,0,1,0,1,0,1,0,1,0,1,0,0,0,1,0,0,0,0,0,1,0
2254,1,1.6137012404433893,0.94018849217506,1.9656091823007005,0,1,1,0,1,0,1,1,0,0,1,0,1,0,1,0,1,0,0,0,0,0,1,1,0,0,0,0,1,0
2255,0,-1.2774445836787656,-0.4507355969639848,-0.9831912682778158,0,0,0,1,1,0,0,0,0,0,1,0,0,0,0,0,0,0,0,0,0,0,0,0,0,0,1,0,0,1
2256,0,-0.7073594915983407,0.0278619390838584,-0.5601850859106648,0,0,0,1,1,0,0,0,0,0,1,0,1,0,1,0,1,0,0,0,0,1,0,0,1,0,0,1,0,1
2257,0,1.125056875803025,0.5247392421335293,1.1326558319573743,0,0,0,0,1,0,1,0,0,0,0,0,0,0,1,0,1,0,1,0,1,1,0,0,1,0,0,0,1,0
2258,0,0.9621754209229036,-0.4008816869590011,0.3264602256279906,0,1,0,0,1,0,0,0,0,0,1,0,0,0,1,0,0,0,0,0,0,1,0,0,0,0,1,0,1,0
2259,0,-0.9924020376385532,-1.4594463760648215,-0.934462614916894,0,0,0,0,1,0,0,0,1,1,0,1,0,1,0,1,0,1,0,1,0,0,1,0,0,0,1,0,0,2
2260,0,-1.1960038562387048,0.5097830691320341,-0.9098004897663684,1,0,0,0,1,0,0,1,0,0,0,0,0,0,1,0,1,0,0,0,0,0,0,0,1,0,0,0,0,1
2261,0,0.6771328748826912,-0.4191614539608286,0.1341265322581958,0,0,1,0,1,0,1,0,0,0,0,0,0,0,0,0,0,0,0,0,0,0,0,1,1,0,0,0,1,1
2262,0,-1.2367242199587352,0.5131066631323666,-0.941345068447273,1,0,0,0,1,0,0,1,0,0,0,0,0,0,0,0,0,0,1,0,0,0,0,1,0,1,0,0,0,1
2263,0,-1.0738427650786138,1.109691786192005,-0.7554305865433125,1,0,0,0,1,0,0,1,0,0,1,0,1,0,1,0,1,0,0,0,1,0,0,1,0,0,0,0,0,1
2264,0,1.5322605130033284,1.6680555782478224,2.3962919474517355,0,1,0,0,1,0,1,1,0,0,1,0,1,0,1,0,1,0,1,0,1,0,1,1,0,0,0,0,1,0
2265,0,-0.8295205827584317,1.6015836982411773,-0.3948517871600497,1,1,0,0,1,0,1,1,0,0,0,0,1,0,1,0,1,0,1,0,1,0,0,1,0,0,1,0,0,1
2266,1,0.7992939660427822,1.3190782082129364,1.4124540389424047,0,1,1,0,1,0,0,1,0,0,1,0,0,0,1,0,1,0,1,0,1,1,0,1,0,0,0,0,1,0
2267,0,1.6137012404433893,1.624848856243503,2.578478433693407,0,0,1,0,1,0,1,1,0,0,1,0,1,0,1,0,1,0,1,0,1,0,1,1,1,0,0,0,1,0
2268,0,0.3106496014024181,-1.4677553610656522,-0.6407892051414518,0,0,0,0,1,0,0,0,1,1,0,1,0,1,0,1,0,1,0,1,0,0,1,1,0,0,0,1,0,2
2269,0,-1.2774445836787656,0.2040124211014678,-0.9744999647811188,1,0,0,0,1,0,0,1,0,0,0,0,0,0,0,0,0,0,0,0,0,0,0,0,0,0,1,0,0,1
2270,1,-1.1960038562387048,0.7341256641544608,-0.9083004678430808,1,0,0,0,1,0,0,1,0,0,0,0,0,0,1,0,0,0,1,0,0,0,0,1,0,1,0,0,0,1
2271,1,0.3106496014024181,0.8903345821700764,0.6149497361097178,0,0,0,0,1,0,0,1,0,0,0,0,0,0,0,0,0,0,1,0,1,0,0,1,0,1,0,1,0,1
2272,0,-1.2774445836787656,-0.4956041159684701,-0.9837868652179448,0,1,0,1,1,0,0,0,0,0,0,0,0,0,1,0,0,0,0,0,0,0,0,1,0,1,0,0,0,1
2273,0,-0.0965540357978854,-1.4943441130683104,-0.7513717036920632,0,1,1,0,1,0,0,0,1,1,0,1,0,1,0,1,0,1,0,1,0,1,0,0,1,0,0,1,0,2
2274,0,-0.3815965818380978,1.1661928841976528,0.022749904454079,1,1,1,1,1,0,0,1,0,0,1,0,0,0,0,0,1,0,1,0,1,0,0,1,0,1,0,1,0,1
2275,0,-1.2774445836787656,0.3236618051134285,-0.9729117062741084,1,1,1,1,1,0,1,1,0,0,0,0,0,0,0,0,0,0,0,0,0,0,0,1,0,1,0,0,0,1
2276,1,0.4735310562825394,1.3091074262119398,0.9776241543563972,0,0,1,0,1,0,1,1,0,0,0,0,0,0,1,0,1,0,1,0,1,0,0,0,0,1,0,1,0,0
2277,0,1.3286586944031769,1.475287126228552,2.0565590409729864,1,1,0,0,1,0,1,1,0,0,0,0,1,0,1,0,1,0,1,0,1,0,0,1,0,1,0,0,1,0
2278,1,-1.0331224013585834,-0.5504434169739522,-0.8556232273605633,0,0,0,0,1,0,0,0,0,0,1,0,0,0,0,0,0,0,0,0,0,0,0,1,0,1,0,0,0,1
2279,1,1.6137012404433893,-1.3181936310507012,-0.2161065276835674,0,1,0,0,1,0,1,0,1,1,0,1,0,1,0,1,0,1,0,1,0,0,1,1,1,0,0,0,1,2
2280,1,-0.9924020376385532,1.17616366619865,-0.6049430930040602,0,0,0,0,1,0,1,1,0,0,0,0,0,0,0,0,1,0,1,0,1,0,0,1,1,0,0,0,0,1
2281,0,-0.6666391278783103,0.0145675630825296,-0.5454716355748863,1,0,0,0,1,0,1,0,0,0,0,0,0,0,1,0,0,0,0,0,1,0,0,1,1,0,0,1,0,1
2282,1,1.369379058123207,1.15456030519649,2.004036214511984,1,1,1,1,1,0,1,1,0,0,0,0,0,0,1,0,0,0,1,0,1,0,0,1,1,0,0,0,1,0
2283,0,-1.2774445836787656,0.2256157821036271,-0.9742131958840196,1,1,0,0,1,0,0,1,0,0,0,0,0,0,0,0,0,0,0,0,0,0,0,1,0,0,1,0,0,1
2284,0,-1.1960038562387048,-0.2945266789483693,-0.9362714648832114,0,1,0,1,1,0,0,0,0,0,1,0,0,0,1,0,0,0,0,0,0,0,0,0,0,0,1,0,0,1
2285,0,0.8400143297628127,0.9684390411778844,1.2130173005829237,1,1,1,0,1,0,1,1,0,0,1,0,0,0,1,0,0,0,0,0,1,0,0,0,0,1,0,0,1,0
2286,1,-0.9924020376385532,-0.0120211889201281,-0.7491437299530623,0,1,1,0,1,0,0,0,0,0,0,0,0,0,1,0,1,0,0,0,1,0,0,1,1,0,0,0,0,1
2287,1,1.4915401492832985,1.4503601712260603,2.222885001290483,1,1,1,0,1,0,1,1,0,0,0,0,1,0,1,0,1,0,1,0,1,0,1,1,0,0,0,0,1,0
2288,0,-1.1145631287986442,0.682609957149311,-0.8202844755795778,0,0,0,0,1,0,0,1,0,0,0,0,1,0,0,0,0,0,1,0,0,0,0,1,0,0,1,0,0,1
2289,0,1.6137012404433893,1.4187860282229037,2.336930785752215,0,0,1,1,1,0,1,1,0,0,1,0,0,0,1,0,1,0,1,0,1,0,1,0,0,0,1,0,1,0
2290,0,-0.7888002190384014,-0.532163649972125,-0.7263345730607159,1,0,1,0,0,1,0,0,0,0,0,0,0,0,1,0,0,0,1,0,1,0,0,1,0,0,0,1,0,1
2291,0,-1.1552834925186746,0.6942425361504742,-0.8638733479386459,1,0,0,0,1,0,1,1,0,0,0,0,0,0,0,0,0,0,1,0,0,0,0,1,0,1,0,0,0,1
2292,0,0.880734693482843,0.8820255971692458,1.1846933572079017,0,0,1,1,1,0,1,0,0,0,1,0,1,0,1,0,1,0,1,0,1,0,1,0,1,0,0,0,1,0
2293,0,1.6137012404433893,0.7042133181514708,1.708333363310917,0,1,1,0,1,0,1,0,0,0,0,0,1,0,1,0,1,0,1,0,1,0,1,0,0,0,0,0,1,0
2294,0,-0.8295205827584317,1.393859073220412,-0.4525805720606981,1,1,0,0,1,0,1,1,0,0,0,0,1,0,1,0,0,0,1,0,1,0,0,1,0,1,0,0,0,1
2295,0,-1.2774445836787656,-1.3165318340505352,-0.9946840833077116,1,1,0,0,0,1,0,0,0,0,0,0,0,0,0,0,0,0,0,0,0,0,0,1,0,1,0,0,0,1
2296,1,-1.2774445836787656,-0.6501512369839195,-0.9858383657895,0,1,0,0,1,0,0,0,0,0,0,0,0,0,0,0,0,0,0,0,0,0,0,0,0,1,0,0,0,1
2297,0,0.880734693482843,1.5151702542325387,1.5941772831195316,1,0,1,0,1,0,1,1,0,0,0,0,1,0,1,0,1,0,1,0,1,1,0,0,0,1,0,0,1,0
2298,0,1.4915401492832985,0.4798707231290441,1.3857183540743931,0,1,1,1,1,0,1,1,0,0,0,0,0,0,1,0,0,0,0,0,0,0,1,1,1,0,0,0,1,0
2299,0,0.6364125111626608,-0.3078210549496983,0.1533621075097683,0,0,0,0,1,0,0,0,0,0,1,0,1,0,0,0,0,0,0,0,0,0,1,0,1,0,0,1,0,1
2300,0,0.6364125111626608,1.2791950802089491,1.216701177953351,1,0,1,1,1,0,1,1,0,0,1,0,1,0,0,0,0,0,1,0,1,1,0,1,1,0,0,1,0,0
2301,0,-0.9924020376385532,0.8471278601657574,-0.6776500379916556,0,0,1,0,1,0,1,1,0,0,0,0,0,0,0,0,1,0,0,0,1,0,0,1,0,1,0,0,0,1
2302,0,1.5729808767233588,0.8803638001690798,1.9014391267882869,0,1,1,1,1,0,1,0,0,0,1,0,1,0,1,0,1,0,1,0,1,0,1,1,0,0,1,0,1,0
2303,0,-1.2367242199587352,-0.5637377929752814,-0.9649924728849862,1,1,0,0,1,0,0,0,0,0,1,0,0,0,0,0,0,0,0,0,0,0,0,1,0,1,0,0,0,1
2304,0,1.4100994218432374,1.2010906212011416,1.9647709347553333,0,1,1,0,1,0,0,1,0,0,1,0,1,0,0,0,0,0,1,0,1,1,0,1,1,0,0,0,1,0
2305,0,0.0663274190822359,1.0947356131905095,0.4986539187630543,0,1,1,1,1,0,1,1,0,0,0,0,1,0,0,0,0,0,1,0,1,0,0,1,0,0,0,1,0,0
2306,0,-1.1960038562387048,0.1691146840979788,-0.9176094274258372,0,0,0,0,1,0,0,1,0,0,0,0,0,0,0,0,0,0,0,0,0,0,0,1,0,1,0,0,0,1
2307,0,-0.9516816739185228,0.0278619390838584,-0.7440260080971394,0,0,1,1,1,0,0,0,0,0,0,0,1,0,0,0,1,0,1,0,0,1,0,1,0,0,1,0,0,1
2308,0,1.5729808767233588,1.325725396213601,2.209737750315784,0,1,1,1,1,0,0,1,0,0,1,0,1,0,1,0,0,0,1,0,1,1,0,1,0,0,0,0,1,0
2309,0,1.002895784642934,0.8537750481664219,1.301518594056902,0,1,0,0,1,0,1,1,0,0,0,0,0,0,0,0,1,0,1,0,0,0,1,1,1,0,0,0,1,0
2310,0,1.6137012404433893,-0.035286346922454,0.964013661317154,0,1,0,0,0,1,0,0,0,0,1,0,1,0,1,0,1,0,1,0,1,0,1,1,0,0,0,0,1,0
2311,1,0.6364125111626608,1.3207400052131024,1.2301572569710797,0,0,1,1,1,0,0,1,0,0,1,0,0,0,1,0,1,0,1,0,1,0,0,1,0,1,0,1,0,0
2312,0,-0.5851984004382496,-1.4843733310673135,-0.8284904778657992,0,1,0,0,1,0,0,0,1,1,0,1,0,1,0,1,0,1,0,1,0,1,0,0,0,0,1,1,0,2
2313,0,0.4328106925625091,1.3140928172124378,0.9583003425211022,0,1,1,1,1,0,1,1,0,0,0,0,0,0,1,0,1,0,1,0,1,1,0,1,1,0,0,1,0,0
2314,0,1.6137012404433893,0.9468356801757248,1.9452706497525925,0,0,1,1,1,0,1,0,0,0,1,0,1,0,1,0,1,0,1,0,1,0,1,1,0,0,0,0,1,0
2315,0,0.1070477828022663,0.28876406810994,0.1682520310129925,0,1,1,1,1,0,1,0,0,0,0,0,0,0,0,0,1,0,1,0,1,1,0,1,0,0,0,1,0,1
2316,0,-1.1552834925186746,-1.46443176706532,-0.9735514215060986,0,1,0,0,1,0,0,0,1,1,0,1,0,1,0,1,0,1,0,1,0,0,0,0,0,0,1,0,0,2
2317,0,0.6771328748826912,-1.3132082400502028,-0.4712205503721417,0,0,1,1,1,0,1,0,1,1,0,1,0,1,0,1,0,1,0,1,0,0,1,0,0,0,1,0,1,2
2318,0,1.5729808767233588,1.1877962451998123,2.096022853043013,0,0,1,1,1,0,1,1,0,0,1,0,1,0,1,0,0,0,1,0,0,0,1,0,0,0,0,0,1,0
2319,0,-0.8702409464784621,0.85876043916692,-0.5556850201408016,0,1,1,1,1,0,0,1,0,0,0,0,0,0,0,0,0,0,1,0,1,0,0,0,0,1,0,0,0,1
2320,0,1.247217966963116,0.8188773111629334,1.46380773066908,0,1,1,1,1,0,1,0,0,0,1,0,1,0,1,0,1,0,1,0,1,0,1,1,1,0,0,0,1,0
2321,1,1.3286586944031769,1.0199547481830342,1.7398338236999604,0,0,0,0,1,0,1,1,0,0,0,0,1,0,1,0,0,0,1,0,0,0,0,1,0,0,0,0,1,0
2322,0,0.6771328748826912,-1.4727407520661506,-0.553721756152969,0,0,0,1,1,0,0,0,1,1,0,1,0,1,0,1,0,1,0,1,0,0,1,0,1,0,0,0,1,2
2323,0,-0.1372743995179157,1.1246479591934997,0.2882979031678754,1,0,0,0,1,0,1,1,0,0,0,0,0,0,1,0,0,0,1,0,1,0,0,1,1,0,0,1,0,1
2324,1,-0.7073594915983407,0.6078290921418354,-0.4506393672187963,1,0,1,0,1,0,1,1,0,0,0,0,0,0,1,0,1,0,0,0,0,0,0,1,0,1,0,1,0,1
2325,0,-1.1552834925186746,-1.4893587220678115,-0.9692057697577504,0,0,1,1,1,0,0,0,1,1,0,1,0,1,0,1,0,1,0,1,0,0,0,1,0,1,0,0,0,2
2326,0,1.6137012404433893,1.475287126228552,2.4308586291251464,0,0,1,0,1,0,1,1,0,0,0,0,1,0,1,0,1,0,1,0,1,1,0,0,1,0,0,0,1,0
2327,1,-0.2594354906780068,0.6959043331506402,-0.0938547409356143,0,0,1,0,1,0,0,1,0,0,0,0,0,0,1,0,0,0,1,0,0,0,0,1,1,0,0,1,0,1
2328,1,0.1070477828022663,1.2393119522049625,0.5174262519500822,0,0,1,0,1,0,1,1,0,0,0,0,0,0,1,0,0,0,1,0,1,0,0,0,0,0,0,1,0,0
2329,0,1.002895784642934,0.9950277931805424,1.4070274890434518,0,0,0,0,1,0,1,1,0,0,0,0,1,0,0,0,1,0,0,0,1,1,0,0,0,1,0,0,1,0
2330,0,-0.1779947632379461,-0.0120211889201281,-0.2107020369305453,0,1,1,1,1,0,1,0,0,0,0,0,1,0,0,0,0,0,0,0,1,0,0,0,0,1,0,1,0,1
2331,0,-0.3001558543980371,-1.261692533045053,-0.6821501037615189,0,0,1,0,1,0,1,0,1,1,0,1,0,1,0,1,0,1,0,1,0,1,0,1,0,0,1,1,0,2
2332,0,0.5956921474426305,0.0428181120853536,0.3272322957355653,0,0,1,0,1,0,0,0,0,0,1,0,0,0,1,0,0,0,1,0,0,1,0,1,1,0,0,1,0,1
2333,0,1.002895784642934,0.0145675630825296,0.621236592699968,0,0,1,1,1,0,1,0,0,0,1,0,1,0,0,0,1,0,0,0,0,0,0,0,0,0,0,0,1,0
2334,1,-0.6666391278783103,0.6743009721484804,-0.3920282164809198,0,1,1,0,1,0,1,1,0,0,0,0,0,0,0,0,0,0,1,0,0,0,0,1,1,0,0,1,0,1
2335,0,-1.1145631287986442,-0.2978502729487016,-0.8847412999890906,0,1,0,0,1,0,0,0,0,0,1,0,0,0,1,0,0,0,0,0,0,0,0,1,0,0,1,0,0,1
2336,0,-0.62591876415828,0.1873944510998066,-0.470161711367468,1,1,1,0,1,0,0,1,0,0,0,0,0,0,0,0,0,0,0,0,0,0,0,1,0,0,0,1,0,1
2337,1,0.9621754209229036,1.329048990213933,1.4254248167496577,1,0,0,0,1,0,1,1,0,0,0,0,1,0,1,0,0,0,1,0,1,1,0,1,0,0,0,0,1,0
2338,0,1.6137012404433893,-1.4893587220678115,-0.4221610098222594,0,1,1,1,1,0,0,0,1,1,0,1,0,1,0,1,0,1,0,1,0,0,1,0,0,0,0,0,1,2
2339,1,-0.4630373092781585,0.9800716201790473,-0.1349950480963745,1,0,0,0,1,0,1,1,0,0,0,0,0,0,0,0,0,0,1,0,1,0,0,1,0,1,0,1,0,1
2340,0,0.6364125111626608,-0.6567984249845842,-0.0368097895588176,0,0,1,1,0,1,0,0,0,0,1,0,0,0,1,0,0,0,0,0,1,1,0,0,1,0,0,1,0,1
2341,0,1.4508197855632678,1.666393781247656,2.4546604475843745,0,0,1,0,1,0,1,1,0,0,1,0,1,0,1,0,1,0,1,0,1,0,1,0,0,0,0,0,1,0
2342,0,-0.0965540357978854,1.3838882912194153,0.4112555825856111,0,0,0,0,1,0,1,1,0,0,1,0,0,0,0,0,1,0,1,0,1,0,0,0,0,0,0,1,0,1
2343,0,-1.1960038562387048,-0.6202388909809294,-0.9483598768532364,0,0,1,0,1,0,0,0,0,0,0,0,0,0,0,0,0,0,0,0,0,0,0,1,0,0,1,0,0,1
2344,1,-0.748079855318371,-0.8329489070021932,-0.7003268400084178,0,0,0,0,0,1,0,0,0,0,1,0,0,0,1,0,1,0,0,0,0,0,1,0,0,0,1,1,0,1
2345,0,-1.1552834925186746,-1.4860351280674795,-0.9680586941693538,0,0,0,1,1,0,0,0,1,1,0,1,0,1,0,1,0,1,0,1,0,0,0,1,0,0,0,0,0,2
2346,0,1.5729808767233588,1.0299255301840309,2.0160584490442166,0,0,1,1,1,0,1,1,0,0,0,0,1,0,1,0,0,0,0,0,1,0,1,1,1,0,0,0,1,0
2347,0,-0.9924020376385532,-1.341458789053027,-0.9158005774595196,0,1,1,1,1,0,1,0,1,1,0,1,0,1,0,1,0,1,0,1,0,1,0,0,0,0,1,0,0,2
2348,0,1.1657772395230557,-1.03568814102246,-0.0717073584211891,0,1,1,1,0,1,0,0,0,0,1,0,0,0,1,0,0,0,0,0,0,0,0,0,0,0,0,0,1,1
2349,0,1.6137012404433893,0.8537750481664219,1.8909610324712032,0,1,1,1,1,0,1,1,0,0,0,0,1,0,1,0,1,0,0,0,0,0,1,0,0,0,0,0,1,0
2350,0,-1.1145631287986442,0.6394032351449919,-0.8183873890295374,0,0,0,0,1,0,1,1,0,0,0,0,0,0,0,0,0,0,1,0,0,0,0,1,0,1,0,0,0,1
2351,0,0.6771328748826912,0.0876866310898392,0.4531459007080151,0,0,0,0,1,0,0,0,0,0,1,0,1,0,1,0,1,0,0,0,0,0,1,0,0,0,0,0,1,0
2352,0,-0.9924020376385532,-1.4976677070686424,-0.931264038756942,0,1,0,0,1,0,0,0,1,1,0,1,0,1,0,1,0,1,0,1,0,0,0,1,0,0,0,0,0,2
2353,0,-1.1960038562387048,0.5180920541328647,-0.8938076089666093,0,1,0,0,1,0,0,1,0,0,0,0,0,0,0,0,0,0,0,0,1,0,0,1,0,1,0,0,0,1
2354,0,-0.9516816739185228,-1.5009913010689746,-0.9186903255764416,0,1,1,1,1,0,0,0,1,1,0,1,0,1,0,1,0,1,0,1,0,0,1,0,0,0,1,0,0,2
2355,0,1.4100994218432374,-0.3510277769540174,0.6875684445135903,0,1,1,1,1,0,0,0,0,0,1,0,1,0,0,0,0,0,0,0,0,0,1,1,0,0,0,0,1,0
2356,0,0.5549717837226001,-0.6501512369839195,-0.0946709293350503,0,1,0,0,1,0,0,0,0,0,0,0,0,0,0,0,0,0,0,0,0,0,0,1,1,0,0,1,0,1
2357,0,1.4100994218432374,0.3436033691154218,1.2285689984640686,0,0,1,0,1,0,1,0,0,0,1,0,1,0,1,0,0,0,0,0,1,1,0,0,0,0,1,0,1,0
2358,0,0.9214550572028734,-1.4976677070686424,-0.5028092473449077,0,0,1,0,1,0,0,0,1,1,0,1,0,1,0,1,0,1,0,1,0,1,0,0,0,1,0,0,1,2
2359,0,0.0256070553622056,0.2654989101076142,0.0739933004511007,0,1,1,0,1,0,1,0,0,0,1,0,1,0,1,0,0,0,1,0,0,0,0,1,0,0,0,1,0,1
2360,0,1.2064976032430856,-1.4860351280674795,-0.4481687428745576,0,1,1,1,1,0,0,0,1,1,0,1,0,1,0,1,0,1,0,1,0,0,1,0,1,0,0,0,1,2
2361,0,-1.2774445836787656,-0.6252242819814278,-0.9855074786005396,1,0,0,1,1,0,0,0,0,0,0,0,0,0,0,0,0,0,0,0,0,0,0,0,0,0,1,0,0,1
2362,0,0.6771328748826912,-0.8495668770038544,-0.1948194518604395,0,1,1,1,0,1,0,0,0,0,1,0,0,0,0,0,0,0,0,0,1,0,0,1,0,1,0,0,1,1
2363,0,-1.2774445836787656,-0.6651074099854147,-0.9860368981028764,0,1,0,0,1,0,0,0,0,0,0,0,0,0,0,0,0,0,0,0,0,0,0,1,0,1,0,0,0,1
2364,0,-0.748079855318371,0.5945347161405068,-0.4829780751532062,0,1,1,0,1,0,1,1,0,0,0,0,1,0,1,0,0,0,0,0,0,0,0,1,0,1,0,1,0,1
2365,1,-0.5851984004382496,0.9684390411778844,-0.2364009419398137,0,1,0,0,1,0,1,1,0,0,0,0,0,0,1,0,1,0,1,0,0,0,0,0,0,0,0,1,0,1
2366,1,-1.2774445836787656,0.179085466098976,-0.9748308519700792,1,0,0,0,1,0,0,1,0,0,0,0,0,0,0,0,0,0,0,0,0,0,0,1,0,1,0,0,0,1
2367,0,-1.2774445836787656,0.6909189421501416,-0.968036635023423,1,0,0,0,1,0,0,1,0,0,0,0,0,0,1,0,0,0,1,0,0,0,0,1,1,0,0,0,0,1
2368,0,1.6137012404433893,1.741174646255132,2.7572898706076816,0,0,1,0,1,0,1,1,0,0,1,0,1,0,1,0,1,0,1,0,1,0,1,1,1,0,0,0,1,0
2369,0,1.2879383306831464,1.1462513201956597,1.8837256326059324,0,1,0,0,1,0,1,1,0,0,1,0,0,0,1,0,1,0,0,0,1,0,1,0,1,0,0,0,1,0
2370,0,1.4915401492832985,1.5882893222398482,2.438314620449724,0,1,1,0,1,0,1,1,0,0,1,0,1,0,1,0,1,0,1,0,1,0,1,1,0,0,0,0,1,0
2371,0,-1.2774445836787656,-1.2982520670487077,-0.994441432702474,0,0,0,0,1,0,1,0,1,1,0,1,0,1,0,1,0,1,0,1,0,0,0,1,0,1,0,0,0,2
2372,0,1.5729808767233588,0.8487896571659234,1.7680695304912597,0,1,1,1,1,0,1,0,0,0,1,0,1,0,1,0,1,0,1,0,1,0,1,0,1,0,0,0,1,0
2373,0,1.369379058123207,-0.5105602889699654,0.4288808401842423,0,0,1,1,1,0,0,0,0,0,0,0,0,0,0,0,1,0,0,0,0,1,0,1,1,0,0,0,1,0
2374,0,-1.2367242199587352,-1.5076384890696393,-0.983455978028984,0,1,0,0,1,0,0,0,1,1,0,1,0,1,0,1,0,1,0,1,0,0,0,0,0,0,1,0,0,2
2375,1,1.5729808767233588,1.4935668932303794,2.4814402507442472,0,0,1,0,1,0,0,1,0,0,1,0,1,0,1,0,1,0,1,0,1,0,1,1,0,0,0,0,1,0
2376,0,-0.8702409464784621,-0.1167143999305941,-0.6837383622685295,0,1,0,0,1,0,0,0,0,0,0,0,1,0,0,0,0,0,1,0,0,1,0,1,0,1,0,0,0,1
2377,0,0.5956921474426305,-0.3144682429503628,0.1651416914367635,0,1,0,1,1,0,0,0,0,0,1,0,1,0,0,0,0,0,0,0,0,0,0,1,0,1,0,1,0,1
2378,0,0.1070477828022663,0.184070857099474,0.0603607482659267,1,0,1,0,1,0,0,1,0,0,0,0,0,0,0,0,0,0,0,0,0,0,0,1,0,1,0,1,0,1
2379,1,-0.0151133083578247,1.3822264942192488,0.5475149269995604,1,1,1,0,1,0,1,1,0,0,0,0,1,0,1,0,0,0,1,0,1,0,0,0,0,0,0,1,0,0
2380,0,1.125056875803025,1.2958130502106109,1.6280601312690908,0,1,1,1,1,0,1,1,0,0,0,0,1,0,0,0,1,0,1,0,1,0,0,1,0,0,0,0,1,0
2381,0,-0.8702409464784621,-1.504314895069307,-0.9057195477691884,0,1,0,0,1,0,0,0,1,1,0,1,0,1,0,1,0,1,0,1,0,1,0,0,0,0,1,0,0,2
2382,0,-0.1372743995179157,-0.8395960950028577,-0.5280890285814928,0,0,0,0,0,1,0,0,0,0,1,0,1,0,0,0,1,0,0,0,0,1,0,0,1,0,0,1,0,1
2383,0,-0.4630373092781585,-1.286619488047545,-0.7561805975049565,0,1,1,1,0,1,0,0,0,0,0,0,0,0,0,0,0,0,0,0,0,0,0,1,0,1,0,1,0,1
2384,1,0.6364125111626608,0.8737166121684152,0.9225204078215026,0,1,1,0,1,0,1,1,0,0,0,0,0,0,1,0,0,0,0,0,1,0,0,1,1,0,0,1,0,0
2385,0,-1.1960038562387048,-1.166970104035584,-0.9660513118896598,0,0,0,1,0,1,0,0,0,0,0,0,1,0,0,0,0,0,0,0,0,0,0,0,0,0,1,0,0,1
2386,0,0.4328106925625091,-0.4839715369673072,-0.0486776100695356,0,0,1,1,1,0,0,0,0,0,0,0,1,0,0,0,0,0,0,0,0,0,0,0,0,0,1,1,0,1
2387,0,-1.1145631287986442,1.3473287572157604,-0.7628645187219593,0,1,0,0,1,0,1,1,0,0,0,0,1,0,1,0,0,0,1,0,1,0,0,0,0,1,0,0,0,1
2388,0,-1.2774445836787656,-0.3094828519498643,-0.981316240873706,0,0,0,0,1,0,0,0,0,0,0,0,0,0,0,0,0,0,0,0,1,0,0,1,0,1,0,0,0,1
2389,0,1.5729808767233588,0.6875953481498096,1.77404755903848,0,1,1,1,1,0,1,0,0,0,1,0,0,0,1,0,1,0,1,0,1,1,0,0,0,1,0,0,1,0
2390,0,-0.9924020376385532,-1.4943441130683104,-0.9351685075866762,0,0,1,1,1,0,0,0,1,1,0,1,0,1,0,1,0,1,0,1,0,1,0,0,0,1,0,0,0,2
2391,0,-0.9924020376385532,-0.183186279937239,-0.813159371443961,0,1,0,0,1,0,1,0,0,0,0,0,0,0,0,0,0,0,1,0,0,0,0,1,0,1,0,0,0,1
2392,0,-0.5037576729981889,0.8620840331672525,-0.2198786416377177,0,1,0,0,1,0,1,1,0,0,0,0,0,0,1,0,0,0,1,0,0,0,0,1,1,0,0,1,0,1
2393,0,0.0256070553622056,1.2941512532104444,0.5238013451240552,1,0,1,1,1,0,1,1,0,0,1,0,0,0,1,0,0,0,1,0,1,1,0,1,0,0,1,1,0,0
2394,0,1.5729808767233588,0.4748853321285456,1.4438883218936558,0,1,0,0,1,0,1,1,0,0,0,0,1,0,0,0,0,0,0,0,0,1,0,1,1,0,0,0,1,0
2395,1,-0.055833672077855,0.8620840331672525,0.2451943320192828,0,0,1,0,1,0,1,1,0,0,0,0,0,0,1,0,0,0,1,0,0,1,0,1,0,1,0,1,0,1
2396,1,0.2292088739623573,1.0049985751815391,0.5786183227618509,0,0,1,0,1,0,1,1,0,0,1,0,1,0,0,0,0,0,0,0,1,1,0,0,1,0,0,1,0,0
2397,0,-1.2774445836787656,0.7839795741594444,-0.9668013228513038,1,1,0,0,1,0,0,1,0,0,0,0,0,0,0,0,0,0,1,0,1,0,0,1,0,1,0,0,0,1
2398,0,-1.2367242199587352,-1.1470285400335904,-0.9776544226492092,0,0,1,1,0,1,0,0,0,0,0,0,1,0,0,0,0,0,0,0,0,0,0,1,0,0,1,0,0,1
2399,0,-0.8295205827584317,-0.4956041159684701,-0.7335037954881942,0,0,1,0,0,1,0,0,0,0,0,0,0,0,1,0,0,0,1,0,1,0,0,1,0,0,0,0,0,1
2400,0,-0.9516816739185228,0.938526695174894,-0.6218403987869783,0,0,0,1,1,0,0,1,0,0,1,0,0,0,1,0,1,0,0,0,1,0,0,0,0,0,0,0,0,1
2401,1,-0.8702409464784621,-0.3393951979528547,-0.7405186038941577,0,1,0,1,1,0,0,0,0,0,0,0,1,0,0,0,1,0,0,0,0,0,0,1,0,1,0,0,0,1
2402,0,-1.0738427650786138,-1.4976677070686424,-0.9565217608475964,0,1,0,1,1,0,0,0,1,1,0,1,0,1,0,1,0,1,0,1,0,0,0,0,0,0,1,0,0,2
2403,0,1.5729808767233588,0.6659919871476498,1.6616562105215509,0,0,1,0,1,0,0,0,0,0,1,0,1,0,1,0,1,0,1,0,1,1,0,1,0,0,0,0,1,0
2404,0,0.3920903288424788,0.9867188081797118,0.7253337023469532,0,0,1,1,1,0,1,1,0,0,1,0,1,0,0,0,0,0,1,0,0,1,0,1,1,0,0,1,0,0
2405,0,-0.9924020376385532,0.9784098231788813,-0.6628483510721542,1,0,1,1,1,0,0,1,0,0,0,0,0,0,1,0,0,0,1,0,1,0,0,1,0,1,0,0,0,1
2406,0,-1.1145631287986442,1.0465435001856922,-0.7796956470670853,1,0,0,0,1,0,0,1,0,0,0,0,1,0,0,0,0,0,1,0,1,0,0,1,0,1,0,0,0,1
2407,0,-1.2367242199587352,0.1973652331008032,-0.9433745098728976,1,0,1,0,1,0,0,1,0,0,0,0,0,0,0,0,0,0,0,0,0,0,0,1,0,1,0,0,0,1
2408,0,0.5142514200025698,-1.4594463760648215,-0.6121784928693306,0,0,1,1,1,0,0,0,1,1,0,1,0,1,0,1,0,1,0,1,0,0,1,0,0,0,1,1,0,2
2409,0,-0.1779947632379461,-0.1582593249347472,-0.2636881054560928,0,1,1,1,0,1,0,0,0,0,0,0,1,0,1,0,1,0,1,0,1,1,0,1,1,0,0,1,0,1
2410,0,0.4328106925625091,0.5214156481331973,0.4937567883664384,0,0,1,0,1,0,1,1,0,0,0,0,1,0,0,0,0,0,0,0,0,0,0,0,0,1,0,1,0,1
2411,0,1.125056875803025,0.6709773781481484,1.1934508381423907,0,1,0,1,1,0,1,0,0,0,1,0,0,0,1,0,1,0,1,0,1,0,1,1,0,1,0,0,1,0
2412,0,0.3920903288424788,-1.0373499380226263,-0.368138161437969,1,0,1,0,0,1,0,0,0,0,0,0,1,0,0,0,1,0,0,0,0,1,0,0,0,0,1,1,0,1
2413,0,-1.0331224013585834,-0.5022513039691348,-0.8709763929283322,0,1,1,1,0,1,0,0,0,0,1,0,0,0,1,0,1,0,0,0,1,0,1,0,1,0,0,0,0,1
2414,0,-0.3001558543980371,-1.481049737066981,-0.7817030293467792,0,0,1,0,1,0,0,0,1,1,0,1,0,1,0,1,0,1,0,1,0,1,0,1,0,0,0,1,0,2
2415,1,0.3106496014024181,0.9900424021800438,0.600324522357662,1,0,1,1,1,0,1,1,0,0,0,0,0,0,0,0,0,0,1,0,1,0,0,1,1,0,0,1,0,0
2416,0,-0.2187151269579764,1.1877962451998123,0.1737006400578759,0,1,0,0,1,0,1,1,0,0,0,0,0,0,1,0,0,0,1,0,1,1,0,1,0,0,0,1,0,1
2417,0,-0.9109613101984924,-0.9642308700153168,-0.8338067320350985,0,1,0,0,0,1,0,0,0,0,0,0,1,0,0,0,1,0,0,0,0,0,0,0,0,1,0,0,0,1
2418,1,-0.2187151269579764,0.720831288153132,0.053522413027409,0,0,0,0,1,0,1,1,0,0,0,0,1,0,1,0,0,0,0,0,0,0,0,1,0,0,0,1,0,1
2419,0,-0.8702409464784621,-0.3643221529553466,-0.718327103087871,0,0,0,0,1,0,0,0,0,0,0,0,0,0,1,0,1,0,0,0,0,1,0,0,0,0,0,0,0,1
2420,0,-1.1552834925186746,-0.8711702380060141,-0.936911180115202,0,1,1,1,0,1,0,0,0,0,1,0,0,0,0,0,0,0,1,0,0,0,0,0,1,0,0,0,0,1
2421,0,1.4508197855632678,-0.8263017190015288,0.2279220207555427,0,1,0,0,0,1,0,0,0,0,0,0,0,0,1,0,0,0,0,0,1,0,0,1,0,0,0,0,1,0
2422,1,-1.2774445836787656,0.1757618720986434,-0.9748749702619408,0,1,0,0,1,0,0,1,0,0,0,0,0,0,0,0,0,0,0,0,0,0,0,1,0,1,0,0,0,1
2423,0,-0.5851984004382496,-1.4843733310673135,-0.8261963266890061,0,0,0,0,1,0,0,0,1,1,0,1,0,1,0,1,0,1,0,1,0,1,0,0,0,0,1,1,0,2
2424,0,1.002895784642934,1.6015836982411773,1.846467735128976,1,0,0,0,1,0,1,1,0,0,1,0,1,0,1,0,0,0,1,0,1,0,1,1,0,0,0,0,1,0
2425,0,-0.2594354906780068,-1.477726143066649,-0.7802250665694221,0,1,0,0,1,0,0,0,1,1,0,1,0,1,0,1,0,1,0,1,0,0,0,1,0,1,0,1,0,2
2426,0,-0.62591876415828,-0.9675544640156492,-0.7207536091402482,0,0,1,0,0,1,0,0,0,0,0,0,1,0,1,0,0,0,0,0,0,0,0,1,1,0,0,1,0,1
2427,0,-1.2774445836787656,-0.9592454790148186,-0.9899413669326106,1,1,0,0,0,1,0,0,0,0,0,0,0,0,0,0,0,0,0,0,1,0,0,0,0,1,0,0,0,1
2428,0,0.2292088739623573,1.1462513201956597,0.6606342273322027,1,1,0,1,1,0,1,1,0,0,0,0,0,0,1,0,0,0,1,0,1,0,0,1,0,0,0,1,0,0
2429,1,1.0843365120829946,0.6045054981415035,1.1574061936916225,0,1,1,0,1,0,0,1,0,0,1,0,1,0,1,0,0,0,0,0,0,1,0,1,1,0,0,0,1,0
2430,0,-0.0965540357978854,-0.3028356639492,-0.276129463761009,0,1,0,0,1,0,0,0,0,0,1,0,0,0,1,0,0,0,0,0,0,0,1,1,0,0,1,1,0,1
2431,1,-1.2367242199587352,-1.3397969920528607,-0.9848236450766876,1,1,0,0,0,1,0,0,0,0,0,0,0,0,0,0,0,0,0,0,0,0,0,1,0,0,1,0,0,1
2432,1,0.7178532386027215,-1.3148700370503688,-0.429462587125322,0,0,1,0,1,0,1,0,1,1,0,1,0,1,0,1,0,1,0,1,0,1,0,0,0,1,0,0,1,2
2433,0,-0.9516816739185228,-0.4640299729653139,-0.8012474326413817,0,1,0,0,0,1,0,0,0,0,1,0,0,0,1,0,1,0,0,0,1,1,0,0,0,0,1,0,0,1
2434,0,-1.1960038562387048,-1.4993295040688086,-0.9790220896969128,0,0,1,1,1,0,0,0,1,1,0,1,0,1,0,1,0,1,0,1,0,0,0,0,0,0,1,0,0,2
2435,0,-0.748079855318371,-0.1649065129354117,-0.6418701032920562,0,0,0,1,1,0,0,0,0,0,0,0,0,0,1,0,0,0,1,0,0,0,0,1,1,0,0,1,0,1
2436,1,-0.055833672077855,0.2920876621102721,-0.0816560332359358,0,0,0,0,1,0,0,1,0,0,1,0,0,0,0,0,0,0,0,0,0,0,0,1,1,0,0,1,0,1
2437,0,-1.0331224013585834,-0.1117290089300958,-0.8121446507311486,0,0,0,0,1,0,0,0,0,0,1,0,1,0,1,0,0,0,0,0,0,0,0,0,0,1,0,0,0,1
2438,0,-0.9924020376385532,1.2825186742092811,-0.6319655467691707,1,0,0,0,1,0,1,1,0,0,1,0,0,0,0,0,1,0,1,0,1,0,0,1,0,0,0,0,0,1
2439,0,-0.62591876415828,-1.491020519067978,-0.8602997662978722,0,1,1,1,1,0,0,0,1,1,0,1,0,1,0,1,0,1,0,1,0,1,0,0,0,0,0,1,0,2
2440,0,-0.0151133083578247,-1.505976692069473,-0.7081798959597478,0,1,1,1,1,0,0,0,1,1,0,1,0,1,0,1,0,1,0,1,0,0,0,1,1,0,0,1,0,2
2441,1,-1.2367242199587352,0.5563133851366857,-0.9340655502901412,0,0,0,0,1,0,0,1,0,0,0,0,0,0,0,0,0,0,1,0,0,0,0,0,0,0,1,0,0,1
2442,1,-1.0331224013585834,0.6659919871476498,-0.7644748363749005,1,1,0,0,1,0,1,1,0,0,0,0,0,0,0,0,0,0,1,0,0,0,0,1,0,1,0,0,0,1
2443,0,1.6137012404433893,1.4885815022298807,2.4739401411278084,0,0,1,1,1,0,1,1,0,0,1,0,1,0,1,0,0,0,1,0,1,0,1,0,1,0,0,0,1,0
2444,1,-0.055833672077855,1.1695164781979852,0.4001157138906064,1,0,0,0,1,0,1,1,0,0,0,0,1,0,0,0,0,0,1,0,1,0,0,1,0,1,0,1,0,1
2445,0,-0.2187151269579764,0.3203382111130964,-0.1356127041824342,0,0,1,1,1,0,0,1,0,0,1,0,0,0,0,0,0,0,0,0,0,0,0,0,0,0,1,1,0,1
2446,0,-0.5851984004382496,0.8388188751649267,-0.3319391029656863,1,0,0,0,1,0,1,1,0,0,0,0,1,0,0,0,0,0,1,0,0,0,0,1,1,0,0,1,0,1
2447,0,-1.0331224013585834,0.3369561811147576,-0.789357552984733,0,1,0,0,1,0,0,1,0,0,0,0,0,0,1,0,0,0,0,0,0,0,0,1,0,1,0,0,0,1
2448,1,-0.748079855318371,1.332372584214265,-0.3301523121452993,1,0,0,0,1,0,1,1,0,0,0,0,1,0,1,0,0,0,1,0,1,0,0,1,0,1,0,1,0,1
2449,0,-0.8702409464784621,-0.1698919039359101,-0.7043416045678056,0,1,1,1,1,0,0,0,0,0,0,0,0,0,1,0,0,0,1,0,0,0,0,1,0,0,0,0,0,1
2450,0,1.6137012404433893,1.5184938482328711,2.549647129961979,0,0,1,1,1,0,1,1,0,0,1,0,0,0,1,0,1,0,1,0,1,0,1,1,0,0,0,0,1,0
2451,0,-0.1779947632379461,1.3739175092184182,0.25044440875079,1,1,1,1,1,0,1,1,0,0,1,0,1,0,0,0,0,0,1,0,1,1,0,0,0,1,0,1,0,1
2452,1,-0.7073594915983407,0.3136910231124318,-0.5055225222943841,1,1,0,0,1,0,1,1,0,0,0,0,0,0,0,0,0,0,0,0,0,0,0,1,1,0,0,1,0,1
2453,1,-1.1552834925186746,0.3220000081132624,-0.8758735233249481,0,0,0,0,1,0,1,1,0,0,0,0,0,0,0,0,0,0,0,0,0,0,0,1,0,1,0,0,0,1
2454,0,1.5729808767233588,-1.3364733980525287,-0.2473202191755115,0,0,0,0,1,0,1,0,1,1,0,1,0,1,0,1,0,1,0,1,0,0,1,0,0,1,0,0,1,2
2455,0,-1.1145631287986442,0.8172155141627669,-0.8020856801867483,1,0,0,0,1,0,0,1,0,0,0,0,1,0,0,0,1,0,0,0,1,0,0,1,0,1,0,0,0,1
2456,0,0.5956921474426305,-1.3364733980525287,-0.493809115805181,0,1,1,1,1,0,1,0,1,1,0,1,0,1,0,1,0,1,0,1,0,0,1,0,0,0,1,1,0,2
2457,1,1.002895784642934,0.8604222361670865,1.2882831064984803,0,1,1,0,1,0,0,1,0,0,0,0,1,0,1,0,0,0,1,0,0,1,0,1,0,1,0,0,1,0
2458,1,0.7178532386027215,1.3390197722149295,1.2721799299690677,0,1,1,0,1,0,1,1,0,0,1,0,0,0,1,0,0,0,1,0,1,0,1,1,1,0,0,0,1,0
2459,0,-0.9924020376385532,-1.4727407520661506,-0.9341758460197946,0,1,0,0,1,0,0,0,1,1,0,1,0,1,0,1,0,1,0,1,0,0,0,1,1,0,0,0,0,2
2460,0,0.6364125111626608,-1.502653098069141,-0.6160609025531343,0,0,1,1,1,0,0,0,1,1,0,1,0,1,0,1,0,1,0,1,0,0,1,0,0,0,1,1,0,2
2461,0,1.5322605130033284,-1.4976677070686424,-0.4139329483901074,0,0,0,0,1,0,0,0,1,1,0,1,0,1,0,1,0,1,0,1,0,1,0,0,0,0,0,0,1,2
2462,0,-1.2774445836787656,0.1890562480999726,-0.9746984970944952,0,1,0,1,1,0,0,0,0,0,1,0,1,0,0,0,1,0,0,0,1,0,0,1,0,0,0,0,0,1
2463,0,-0.9924020376385532,0.6942425361504742,-0.71484175803082,0,1,1,0,1,0,1,1,0,0,0,0,0,0,0,0,0,0,0,0,1,0,0,1,0,0,0,0,0,1
2464,0,-1.2774445836787656,0.4117370461222332,-0.971742571539781,1,0,0,0,1,0,1,1,0,0,0,0,0,0,0,0,0,0,0,0,0,0,0,1,0,1,0,0,0,1
2465,0,-1.2774445836787656,-0.980848840016978,-0.9902281358297098,1,1,0,0,0,1,0,0,0,0,0,0,0,0,0,0,0,0,0,0,1,0,0,1,0,0,0,0,0,1
2466,0,1.125056875803025,-1.4694171580658184,-0.4741323576349945,0,1,1,1,1,0,0,0,1,1,0,1,0,1,0,1,0,1,0,1,0,0,1,0,0,0,1,0,1,2
2467,0,0.6771328748826912,1.1030445981913404,1.1639136417411795,0,1,1,1,1,0,1,1,0,0,0,0,0,0,0,0,1,0,1,0,1,1,0,1,0,1,0,0,1,0
2468,0,-1.1552834925186746,-0.5388108379727895,-0.9171020670694312,1,1,1,0,0,1,0,0,0,0,0,0,1,0,0,0,0,0,1,0,1,0,0,1,0,1,0,0,0,1
2469,0,-0.1372743995179157,-1.4876969250676455,-0.7413789105854551,0,0,0,0,1,0,0,0,1,1,0,1,0,1,0,1,0,1,0,1,0,1,0,0,0,0,1,1,0,2
2470,0,1.4100994218432374,-1.3132082400502028,-0.2411436583149148,0,0,1,0,1,0,1,0,1,1,0,1,0,1,0,1,0,1,0,1,0,0,1,1,1,0,0,0,1,2
2471,0,0.8400143297628127,1.1180007711928357,1.2660916056921938,1,0,1,0,1,0,1,1,0,0,0,0,1,0,0,0,0,0,1,0,1,0,0,1,1,0,0,0,1,0
2472,0,1.4100994218432374,0.2040124211014678,1.0576767949389168,0,1,1,0,1,0,1,0,0,0,1,0,1,0,1,0,1,0,0,0,0,0,1,0,1,0,0,0,1,0
2473,0,-1.0738427650786138,-1.4926823160681442,-0.9531467115201988,0,0,1,1,1,0,0,0,1,1,0,1,0,1,0,1,0,1,0,1,0,0,0,0,0,0,1,0,0,2
2474,0,0.5956921474426305,1.3822264942192488,1.1335602569405334,0,0,0,0,1,0,1,1,0,0,0,0,1,0,1,0,0,0,1,0,1,0,0,1,0,1,0,1,0,0
2475,0,0.8400143297628127,1.15456030519649,1.387306612581404,0,0,0,0,1,0,0,1,0,0,1,0,1,0,1,0,1,0,0,0,1,0,1,0,0,0,1,0,1,0
2476,0,1.4915401492832985,0.6626683931473177,1.5878904265292817,0,1,1,0,1,0,0,0,0,0,1,0,1,0,1,0,1,0,1,0,1,0,1,1,0,0,1,0,1,0
2477,0,-1.1960038562387048,0.7075369121518029,-0.897756196088205,0,1,0,0,1,0,0,1,0,0,1,0,0,0,0,0,0,0,0,0,1,0,0,1,0,0,1,0,0,1
2478,0,-1.1552834925186746,-0.6717545979860794,-0.9083887044268036,0,1,0,0,1,0,0,0,0,0,0,0,0,0,0,0,0,0,0,0,0,0,0,0,0,0,1,0,0,1
2479,0,0.9621754209229036,0.3685303241179136,0.8741888190873334,0,1,1,1,1,0,1,0,0,0,1,0,1,0,0,0,1,0,0,0,1,0,1,1,1,0,0,0,1,0
2480,1,1.0843365120829946,0.966777244177718,1.4537046418328183,1,1,1,0,1,0,1,1,0,0,0,0,0,0,0,0,0,0,1,0,1,0,0,1,0,0,0,0,1,0
2481,1,1.1657772395230557,-1.3215172250510334,-0.3432333856822059,0,1,1,0,1,0,1,0,1,1,0,1,0,1,0,1,0,1,0,1,0,0,1,0,0,0,0,0,1,2
2482,0,-1.2367242199587352,-0.6567984249845842,-0.966183666765244,0,0,1,0,1,0,0,0,0,0,0,0,0,0,0,0,0,0,0,0,0,0,0,1,0,1,0,0,0,1
2483,1,0.5549717837226001,1.1944434332004772,0.9977200362992672,1,1,1,1,1,0,1,1,0,0,1,0,1,0,1,0,0,0,1,0,0,0,0,1,0,1,0,1,0,0
2484,0,-0.8295205827584317,-1.4710789550659844,-0.8930575980049653,0,1,1,1,1,0,0,0,1,1,0,1,0,1,0,1,0,1,0,1,0,0,0,0,0,0,1,0,0,2
2485,0,-0.748079855318371,0.5214156481331973,-0.5328317449565938,1,0,0,0,1,0,1,1,0,0,0,0,0,0,1,0,0,0,0,0,0,0,0,1,0,1,0,1,0,1
2486,0,-0.1779947632379461,0.8537750481664219,0.1012584048214491,0,0,1,1,1,0,1,1,0,0,0,0,0,0,0,0,1,0,0,0,1,1,0,1,0,1,0,1,0,1
2487,0,-0.3408762181180675,-0.143303151933252,-0.3701455437176629,0,1,0,0,1,0,0,0,0,0,1,0,1,0,0,0,1,0,0,0,0,0,0,0,0,0,0,1,0,1
2488,0,-0.055833672077855,-0.3161300399505289,-0.2488643593906606,1,1,0,0,1,0,0,0,0,0,0,0,0,0,1,0,1,0,0,0,0,0,0,1,0,1,0,1,0,1
2489,0,1.4508197855632678,0.4549437681265523,1.347203085279387,0,0,1,1,1,0,1,0,0,0,1,0,1,0,1,0,1,0,0,0,1,1,0,1,0,1,0,0,1,0
2490,0,0.2699292376823877,1.1894580421999783,0.7127820483123833,0,1,0,1,1,0,1,1,0,0,0,0,0,0,0,0,1,0,1,0,1,0,1,0,0,0,1,1,0,0
2491,0,0.3920903288424788,-1.4760643460664828,-0.6219948128084932,0,0,1,0,1,0,0,0,1,1,0,1,0,1,0,1,0,1,0,1,0,0,0,0,1,0,0,1,0,2
2492,0,-0.7888002190384014,-0.3427187919531868,-0.693929687688514,1,1,1,0,0,1,0,0,0,0,1,0,0,0,0,0,1,0,1,0,1,0,0,1,0,1,0,1,0,1
2493,0,-1.0738427650786138,0.8637458301674186,-0.7797838836508081,0,0,1,0,1,0,1,1,0,0,0,0,1,0,0,0,0,0,0,0,1,0,0,1,0,1,0,0,0,1
2494,0,0.1070477828022663,0.3519123541162524,0.1572003989017107,1,1,0,0,1,0,1,1,0,0,0,0,0,0,0,0,0,0,0,0,0,0,0,0,1,0,0,1,0,1
2495,0,0.2292088739623573,-1.479387940066815,-0.646326050770058,0,0,1,0,1,0,0,0,1,1,0,1,0,1,0,1,0,1,0,1,0,1,0,1,1,0,0,1,0,2
2496,0,-0.5851984004382496,-1.4860351280674795,-0.8343361515374353,0,1,0,0,1,0,0,0,1,1,0,1,0,1,0,1,0,1,0,1,0,0,1,0,1,0,0,1,0,2
2497,0,-1.1552834925186746,-1.5009913010689746,-0.9645512899663722,0,0,1,0,1,0,0,0,1,1,0,1,0,1,0,1,0,1,0,1,0,0,0,0,0,0,1,0,0,2
2498,0,-0.2187151269579764,-0.3643221529553466,-0.3926017542751181,0,1,1,0,1,0,0,0,0,0,0,0,1,0,0,0,1,0,0,0,0,0,0,1,0,1,0,1,0,1
2499,0,0.3513699651224484,0.180747263099142,0.2712461833634425,0,1,0,1,1,0,0,0,0,0,1,0,1,0,1,0,0,0,1,0,0,1,0,0,0,0,1,1,0,1
2500,0,0.7178532386027215,0.356897745116751,0.7702461234618633,0,1,1,1,1,0,0,0,0,0,1,0,0,0,0,0,1,0,1,0,1,1,0,0,0,1,0,0,1,0
2501,0,1.6137012404433893,-1.4760643460664828,-0.4082416887399861,0,1,1,1,1,0,0,0,1,1,0,1,0,1,0,1,0,1,0,1,0,0,1,0,0,1,0,0,1,2
2502,0,1.5322605130033284,-1.286619488047545,-0.1867678635957332,0,0,0,0,1,0,1,0,1,1,0,1,0,1,0,1,0,1,0,1,0,1,0,0,1,0,0,0,1,2
2503,0,0.4735310562825394,-1.4677553610656522,-0.5972444510742451,0,1,1,1,1,0,0,0,1,1,0,1,0,1,0,1,0,1,0,1,0,1,0,0,0,0,0,1,0,2
2504,0,-1.2367242199587352,0.3635449331174155,-0.9223080255090768,1,1,0,0,1,0,0,1,0,0,1,0,0,0,0,0,0,0,0,0,0,0,0,1,0,1,0,0,0,1
2505,0,0.0663274190822359,-1.4843733310673135,-0.7048489649242118,0,0,1,1,1,0,0,0,1,1,0,1,0,1,0,1,0,1,0,1,0,1,0,1,0,0,0,1,0,2
2506,1,1.6137012404433893,-1.3447823830533592,-0.2210477763720448,0,0,1,0,1,0,1,0,1,1,0,1,0,1,0,1,0,1,0,1,0,0,1,0,0,0,0,0,1,2
2507,0,1.5729808767233588,-1.3381351950526947,-0.204503416924018,0,1,1,0,1,0,1,0,1,1,0,1,0,1,0,1,0,1,0,1,0,0,1,1,0,1,0,0,1,2
2508,0,1.2879383306831464,1.5201556452330371,2.113052513701516,0,0,0,0,1,0,1,1,0,0,0,0,1,0,1,0,1,0,1,0,1,0,1,1,1,0,0,0,1,0
2509,0,1.6137012404433893,-1.3132082400502028,-0.1934738439586667,0,0,1,0,1,0,1,0,1,1,0,1,0,1,0,1,0,1,0,1,0,0,1,1,0,0,0,0,1,2
2510,0,-1.2774445836787656,0.3153528201125979,-0.973022002003762,1,1,0,0,1,0,1,1,0,0,0,0,0,0,0,0,0,0,0,0,0,0,0,1,0,0,1,0,0,1
2511,1,-0.1372743995179157,0.8421424691652587,0.1663108261710906,0,1,1,0,1,0,0,1,0,0,1,0,0,0,1,0,0,0,0,0,1,1,0,0,0,0,0,1,0,1
2512,0,-0.3815965818380978,0.1325551500943243,-0.2604233518583488,0,0,1,0,1,0,0,0,0,0,1,0,0,0,1,0,1,0,0,0,1,1,0,1,0,0,0,1,0,1
2513,0,0.7992939660427822,-1.5142856770703037,-0.5404421503026862,0,1,1,1,1,0,0,0,1,1,0,1,0,1,0,1,0,1,0,1,0,0,1,0,0,0,1,0,1,2
2514,1,-0.3001558543980371,0.82884809316393,-0.0406701400966905,1,0,0,0,1,0,1,1,0,0,0,0,1,0,0,0,0,0,0,0,1,0,0,1,0,1,0,1,0,1
2515,0,1.2879383306831464,1.6730409692483204,2.229877750550516,0,0,0,0,1,0,1,1,0,0,1,0,1,0,1,0,1,0,1,0,1,0,1,1,0,0,0,0,1,0
2516,1,-0.6666391278783103,1.0515288911861906,-0.3081814027983197,1,0,0,0,1,0,1,1,0,0,0,0,0,0,0,0,0,0,1,0,1,0,0,1,0,1,0,1,0,1
2517,1,-1.2774445836787656,0.1574821050968162,-0.9751176208671786,1,1,0,0,1,0,0,1,0,0,0,0,0,0,0,0,0,0,0,0,0,0,0,1,0,0,0,0,0,1
2518,0,-0.3408762181180675,1.1595456961969886,0.0551989081181422,0,1,0,0,1,0,1,1,0,0,0,0,1,0,0,0,0,0,1,0,1,0,0,1,0,0,0,1,0,1
2519,0,-1.2367242199587352,0.8870109881697443,-0.9301390223144764,0,1,1,0,1,0,1,1,0,0,0,0,0,0,1,0,0,0,1,0,0,0,0,1,0,1,0,0,0,1
2520,0,0.0663274190822359,0.6643301901474837,0.2469370045478082,0,0,1,1,1,0,0,0,0,0,1,0,1,0,1,0,1,0,1,0,1,0,1,0,0,0,1,1,0,0
2521,1,0.1477681465222966,0.6809481601491449,0.376335954577309,1,1,1,0,1,0,1,1,0,0,0,0,0,0,0,0,0,0,0,0,1,0,0,1,1,0,0,1,0,1
2522,0,0.8400143297628127,0.464914550127549,0.733561763779105,0,1,1,1,1,0,1,0,0,0,0,0,0,0,1,0,1,0,1,0,1,1,0,1,0,0,1,0,1,0
2523,0,0.5956921474426305,-1.479387940066815,-0.620450672593344,0,0,1,1,1,0,0,0,1,1,0,1,0,1,0,1,0,1,0,1,0,0,1,0,1,0,0,1,0,2
2524,0,1.6137012404433893,-1.491020519067978,-0.3309243822528739,0,1,0,1,1,0,0,0,1,1,0,1,0,1,0,1,0,1,0,1,0,0,1,0,1,0,0,0,1,2
2525,0,1.6137012404433893,1.0963974101906755,2.078794660071135,0,1,1,1,1,0,1,1,0,0,1,0,1,0,0,0,1,0,0,0,1,0,1,1,1,0,0,0,1,0
2526,0,-1.2774445836787656,-1.5076384890696393,-0.9972208850897424,1,1,0,0,1,0,0,0,1,1,0,1,0,1,0,1,0,1,0,1,0,0,0,0,0,0,1,0,0,2
2527,0,-0.9516816739185228,0.6161380771426661,-0.6513775951881889,1,0,0,0,1,0,1,1,0,0,0,0,0,0,0,0,0,0,0,0,1,0,0,1,0,1,0,0,0,1
2528,0,-0.9924020376385532,0.5097830691320341,-0.7060842770963311,1,0,0,0,1,0,0,1,0,0,0,0,0,0,0,0,0,0,1,0,0,0,0,1,0,0,0,0,0,1
2529,1,0.5142514200025698,-0.0685222869257764,0.2257822836002646,1,1,0,0,1,0,0,0,0,0,1,0,0,0,1,0,0,0,0,0,1,1,0,0,1,0,0,1,0,1
2530,0,-1.0331224013585834,1.1844726511994803,-0.6903340469018096,0,0,0,0,1,0,0,1,0,0,0,0,0,0,1,0,1,0,1,0,1,0,0,1,0,1,0,0,0,1
2531,0,1.5729808767233588,-1.3397969920528607,-0.2638866377694691,0,0,1,0,1,0,1,0,1,1,0,1,0,1,0,1,0,1,0,1,0,0,1,1,1,0,0,0,1,2
2532,1,0.3513699651224484,1.2077378092018058,0.7660990040268911,0,0,0,0,1,0,0,1,0,0,0,0,0,0,1,0,1,0,1,0,1,1,0,1,0,0,0,1,0,0
2533,0,1.4100994218432374,-0.4607063789649817,0.4420280911589411,0,1,1,1,0,1,0,0,0,0,1,0,0,0,0,0,0,0,1,0,1,0,1,0,1,0,0,0,1,0
2534,0,1.4915401492832985,1.4104770432220732,2.222399700080008,0,1,1,0,1,0,1,1,0,0,1,0,1,0,1,0,1,0,0,0,1,1,0,1,1,0,0,0,1,0
2535,1,1.5322605130033284,0.9119379431722362,1.8506369137098788,0,0,1,0,1,0,1,0,0,0,1,0,1,0,1,0,1,0,1,0,1,0,1,1,0,0,0,0,1,0
2536,0,-0.3001558543980371,-1.3115464430500368,-0.7073857667062425,1,1,0,0,1,0,1,0,1,1,0,1,0,1,0,1,0,1,0,1,0,1,0,0,0,0,0,1,0,2
2537,0,1.6137012404433893,1.6165398712426726,2.596081632146108,0,1,0,0,1,0,1,1,0,0,1,0,1,0,1,0,1,0,1,0,1,0,1,0,0,0,0,0,1,0
2538,0,0.0663274190822359,-0.8046983579993692,-0.4208374610664173,0,1,1,1,0,1,0,0,0,0,0,0,0,0,0,0,1,0,1,0,0,0,1,1,0,1,0,1,0,1
2539,0,1.3286586944031769,-1.288281285047711,-0.275688280842395,0,0,1,1,1,0,1,0,1,1,0,1,0,1,0,1,0,1,0,1,0,0,1,0,1,0,0,0,1,2
2540,0,1.5322605130033284,1.5683477582378549,2.4336601406583456,0,0,0,0,1,0,1,1,0,0,1,0,1,0,1,0,1,0,1,0,1,0,1,1,1,0,0,0,1,0
2541,0,1.6137012404433893,-0.3643221529553466,0.7379735929652455,0,0,1,1,0,1,0,0,0,0,1,0,0,0,1,0,0,0,1,0,1,0,1,1,1,0,0,0,1,0
2542,0,0.1070477828022663,0.2438955491054544,0.095037725668991,0,1,0,1,1,0,0,0,0,0,0,0,0,0,0,0,1,0,1,0,1,1,0,1,0,0,1,1,0,1
2543,0,-0.7888002190384014,1.109691786192005,-0.4630145480859204,1,1,0,0,1,0,1,1,0,0,1,0,0,0,0,0,0,0,1,0,1,0,0,0,0,0,1,1,0,1
2544,0,-0.8295205827584317,0.468238144127881,-0.618972709815987,0,0,1,0,1,0,1,0,0,0,1,0,0,0,1,0,0,0,1,0,1,1,0,0,0,1,0,0,0,1
2545,0,1.2064976032430856,0.1990270301009692,0.875181480654215,0,0,1,1,1,0,0,0,0,0,1,0,0,0,1,0,1,0,1,0,0,1,0,1,0,0,0,0,1,0
2546,0,-0.3001558543980371,0.3785011061189107,-0.1265243360589847,0,0,0,0,1,0,0,0,0,0,1,0,0,0,0,0,1,0,1,0,1,0,0,1,1,0,0,1,0,1
2547,0,0.7992939660427822,-0.8528904710041867,-0.1313111707259472,0,0,0,0,0,1,0,0,0,0,1,0,1,0,0,0,1,0,0,0,0,0,1,0,0,0,1,0,1,1
2548,1,-0.9924020376385532,0.1724382780983114,-0.7575262054067292,0,1,0,0,1,0,0,1,0,0,0,0,0,0,0,0,0,0,0,0,0,0,0,1,1,0,0,0,0,1
2549,0,-1.2367242199587352,-1.4860351280674795,-0.9909119693535616,0,1,0,0,1,0,0,0,1,1,0,1,0,1,0,1,0,1,0,1,0,0,0,0,0,0,1,0,0,2
2550,0,0.9621754209229036,-1.4860351280674795,-0.5248463341296795,0,0,1,1,1,0,0,0,1,1,0,1,0,1,0,1,0,1,0,1,0,0,1,0,0,0,1,0,1,2
2551,0,-0.8295205827584317,-1.505976692069473,-0.9054327788720896,0,0,0,0,1,0,0,0,1,1,0,1,0,1,0,1,0,1,0,1,0,0,0,0,0,0,0,0,0,2
2552,0,0.5956921474426305,-1.2583689390447208,-0.453926179962471,0,0,1,0,1,0,1,0,1,1,0,1,0,1,0,1,0,1,0,1,0,1,0,0,0,1,0,1,0,2
2553,1,-1.2367242199587352,-1.5142856770703037,-0.9893678291384124,0,1,0,0,1,0,0,0,1,1,0,1,0,1,0,1,0,1,0,1,0,0,0,0,0,1,0,0,0,2
2554,0,-0.5851984004382496,-0.4906187249679718,-0.6119358422640928,0,0,0,0,1,0,0,0,0,0,0,0,0,0,1,0,0,0,0,0,0,0,0,1,0,0,1,1,0,1
2555,0,-0.9924020376385532,-0.1582593249347472,-0.7905928651568523,0,0,0,0,1,0,0,0,0,0,1,0,0,0,0,0,0,0,1,0,0,0,0,1,0,1,0,0,0,1
2556,0,0.5142514200025698,0.6576830021468192,0.6327514668757946,0,1,1,0,1,0,1,1,0,0,1,0,0,0,1,0,0,0,0,0,0,0,0,1,0,0,1,1,0,0
2557,0,-1.1960038562387048,-0.641842251983089,-0.9432642141432442,0,1,0,0,1,0,0,0,0,0,0,0,0,0,0,0,0,0,0,0,0,0,0,0,0,0,1,0,0,1
2558,0,0.2292088739623573,-1.4860351280674795,-0.7065695783068066,0,0,0,0,1,0,0,0,1,1,0,1,0,1,0,1,0,1,0,1,0,1,0,0,0,0,1,1,0,2
2559,0,1.6137012404433893,1.6879971422498157,2.7113186104880973,0,1,1,0,1,0,1,1,0,0,1,0,1,0,1,0,1,0,1,0,1,0,1,1,0,1,0,0,1,0
2560,0,0.5549717837226001,0.96179185317722,0.8272469565467986,1,1,0,0,1,0,1,1,0,0,1,0,1,0,0,0,0,0,0,0,1,0,0,1,0,1,0,1,0,0
2561,0,1.5729808767233588,1.1379423351948288,2.1096995235200486,0,0,1,1,1,0,1,1,0,0,1,0,1,0,1,0,0,0,1,0,0,0,1,1,1,0,0,0,1,0
2562,0,1.369379058123207,-0.4723389579661445,0.4786021551120458,0,1,1,1,0,1,0,0,0,0,0,0,0,0,0,0,1,0,1,0,1,0,1,0,0,0,0,0,1,0
2563,1,-0.3001558543980371,1.3689321182179202,0.1656711109391003,1,1,0,0,1,0,1,1,0,0,0,0,1,0,1,0,0,0,1,0,1,0,0,0,0,0,1,1,0,1
2564,0,-0.5851984004382496,0.572931355138347,-0.3768956423724579,1,1,0,0,1,0,1,0,0,0,0,0,0,0,1,0,1,0,1,0,1,1,0,1,1,0,0,1,0,1
2565,0,-0.7888002190384014,-1.3215172250510334,-0.8590865132716835,0,0,1,1,1,0,1,0,1,1,0,1,0,1,0,1,0,1,0,1,0,0,1,1,0,0,0,1,0,2
2566,0,1.3286586944031769,0.8903345821700764,1.6254130337574064,0,0,1,1,1,0,1,0,0,0,1,0,1,0,1,0,1,0,1,0,1,0,1,0,0,0,0,0,1,0
2567,0,1.125056875803025,1.0299255301840309,1.527889549597771,1,1,1,0,1,0,1,1,0,0,0,0,1,0,1,0,0,0,1,0,0,0,0,1,0,1,0,0,1,0
2568,0,-0.7073594915983407,-1.5093002860698053,-0.8827559768553274,0,1,1,1,1,0,0,0,1,1,0,1,0,1,0,1,0,1,0,1,0,0,1,0,0,0,1,1,0,2
2569,0,1.6137012404433893,-1.326502616051532,-0.1799515875031462,0,0,1,0,1,0,1,0,1,1,0,1,0,1,0,1,0,1,0,1,0,0,1,0,1,0,0,0,1,2
2570,0,-0.0965540357978854,0.9734244321783826,0.2588489433503875,1,1,1,0,1,0,1,1,0,0,0,0,0,0,0,0,0,0,1,0,1,0,0,1,1,0,0,1,0,1
2571,0,0.3920903288424788,1.1844726511994803,0.8929170339824997,0,0,1,1,1,0,0,1,0,0,0,0,0,0,1,0,1,0,1,0,1,0,1,1,0,1,0,1,0,0
2572,0,1.5729808767233588,-1.3215172250510334,-0.2323861773804259,0,0,1,0,1,0,1,0,1,1,0,1,0,1,0,1,0,1,0,1,0,0,1,0,0,0,0,0,1,2
2573,0,-1.2774445836787656,-0.3327480099521901,-0.9816250689167358,1,0,0,0,1,0,0,0,0,0,0,0,0,0,0,0,0,0,0,0,1,0,0,1,0,0,1,0,0,1
2574,1,0.2699292376823877,1.0266019361836989,0.6526488165052885,1,1,0,0,1,0,1,1,0,0,0,0,0,0,0,0,0,0,1,0,1,0,0,1,0,0,0,1,0,1
2575,0,0.1070477828022663,-1.5126238800701377,-0.7332832040288872,0,0,0,0,1,0,0,0,1,1,0,1,0,1,0,1,0,1,0,1,0,0,0,0,0,0,0,1,0,2
2576,0,0.8400143297628127,1.4453747802255617,1.6126849065553914,0,0,1,1,1,0,0,1,0,0,0,0,1,0,1,0,1,0,1,0,1,0,0,1,0,0,0,0,1,0
2577,0,-1.2774445836787656,0.9917041991802098,-0.964043929609966,1,0,0,0,1,0,1,1,0,0,0,0,0,0,0,0,0,0,1,0,1,0,0,1,0,1,0,0,0,1
2578,1,-0.055833672077855,1.1346187411944968,0.2786359972502278,1,0,1,1,1,0,0,1,0,0,0,0,0,0,1,0,1,0,1,0,1,0,0,1,0,1,0,1,0,1
2579,0,0.6364125111626608,-1.4827115340671475,-0.5721190838591749,0,1,0,0,1,0,0,0,1,1,0,1,0,1,0,1,0,1,0,1,0,0,1,0,1,0,0,1,0,2
2580,1,-0.0965540357978854,1.2143849972024705,0.3065187577066357,0,0,0,1,1,0,1,1,0,0,0,0,0,0,0,0,1,0,1,0,1,0,0,1,0,1,0,1,0,1
2581,0,-0.9109613101984924,-1.4876969250676455,-0.9181167877822436,0,1,0,0,1,0,0,0,1,1,0,1,0,1,0,1,0,1,0,1,0,0,0,0,1,0,0,0,0,2
2582,0,-0.8295205827584317,1.3473287572157604,-0.4429848435808425,0,0,0,1,1,0,1,1,0,0,0,0,1,0,1,0,0,0,1,0,1,0,0,1,0,1,0,0,0,1
2583,1,1.002895784642934,0.1691146840979788,0.7602753895011858,0,0,0,0,1,0,0,0,0,0,1,0,0,0,1,0,1,0,1,0,0,0,1,0,0,0,0,0,1,0
2584,0,1.0436161483629645,0.0162293600826957,0.6670093205061757,0,0,1,0,1,0,0,0,0,0,1,0,1,0,0,0,0,0,1,0,0,0,0,1,1,0,0,0,1,0
2585,0,0.188488510242327,-1.4943441130683104,-0.6469657660020485,0,0,0,0,1,0,0,0,1,1,0,1,0,1,0,1,0,1,0,1,0,0,1,0,0,0,1,1,0,2
2586,0,0.4735310562825394,-1.5009913010689746,-0.6615468614622427,0,0,1,1,1,0,0,0,1,1,0,1,0,1,0,1,0,1,0,1,0,0,0,0,0,0,1,1,0,2
2587,0,-0.2187151269579764,-1.4860351280674795,-0.7618497980091469,0,1,0,1,1,0,0,0,1,1,0,1,0,1,0,1,0,1,0,1,0,1,0,0,1,0,0,1,0,2
2588,0,-0.9924020376385532,-0.5105602889699654,-0.8256669071866692,0,0,0,0,1,0,0,0,0,0,0,0,0,0,0,0,1,0,0,0,0,0,0,0,0,1,0,0,0,1
2589,1,-1.1960038562387048,0.3751775121185782,-0.9035136331761184,1,1,0,0,1,0,1,1,0,0,0,0,0,0,0,0,0,0,0,0,0,0,0,1,0,1,0,0,0,1
2590,1,-0.3001558543980371,0.785641371159611,-0.03908188158968,0,0,1,0,1,0,0,1,0,0,0,0,1,0,1,0,0,0,0,0,1,0,0,0,0,0,0,1,0,1
2591,0,1.002895784642934,1.1911198392001443,1.4700063506756074,0,0,1,1,1,0,1,1,0,0,0,0,1,0,0,0,0,0,1,0,1,0,0,1,0,1,0,0,1,0
2592,0,-0.8295205827584317,-1.505976692069473,-0.8971385400021453,0,0,0,0,1,0,0,0,1,1,0,1,0,1,0,1,0,1,0,1,0,0,0,0,0,0,1,0,0,2
2593,0,1.2064976032430856,-1.477726143066649,-0.4339405937492545,0,0,1,1,1,0,0,0,1,1,0,1,0,1,0,1,0,1,0,1,0,0,1,0,0,0,0,0,1,2
2594,0,1.3286586944031769,1.4254332162235683,2.119052601394667,0,0,1,0,1,0,1,1,0,0,0,0,1,0,1,0,1,0,1,0,1,0,1,1,0,0,0,0,1,0
2595,0,1.5729808767233588,0.5214156481331973,1.4923081472115478,0,0,1,0,1,0,1,0,0,0,0,0,0,0,1,0,1,0,1,0,1,0,1,1,0,0,0,0,1,0
2596,0,-0.4630373092781585,-0.196480655938568,-0.4695440552814083,0,0,1,1,1,0,0,0,0,0,0,0,1,0,0,0,0,0,1,0,0,1,0,1,1,0,0,1,0,1
2597,0,1.5729808767233588,1.4902432992300467,2.459336986521683,0,1,1,0,1,0,1,1,0,0,1,0,1,0,1,0,0,0,1,0,1,1,0,1,0,1,0,0,1,0
2598,0,-1.0331224013585834,0.3452651661155883,-0.7741588014384789,0,0,0,0,1,0,0,1,0,0,0,0,0,0,1,0,0,0,0,0,0,0,0,1,0,1,0,0,0,1
2599,0,1.6137012404433893,0.2738078951084448,1.3171364693758392,0,0,0,0,1,0,0,0,0,0,1,0,1,0,1,0,1,0,0,0,1,0,1,1,1,0,0,0,1,0
2600,0,-1.2774445836787656,0.1774236690988095,-0.97485291111601,0,0,0,0,1,0,0,1,0,0,0,0,0,0,0,0,0,0,0,0,0,0,0,0,0,1,0,0,0,1
2601,0,1.6137012404433893,1.126309756193666,2.139611725402081,0,0,1,1,1,0,1,1,0,0,0,0,1,0,1,0,1,0,0,0,1,0,1,1,0,0,0,0,1,0
2602,0,1.2879383306831464,1.5517297882361936,2.200274376711513,0,0,1,1,1,0,1,1,0,0,0,0,1,0,1,0,1,0,1,0,1,1,0,1,0,1,0,0,1,0
2603,0,1.6137012404433893,1.666393781247656,2.742819070877141,0,0,0,0,1,0,1,1,0,0,1,0,1,0,1,0,1,0,1,0,1,0,1,1,0,1,0,0,1,0
2604,0,-0.1372743995179157,1.1894580421999783,0.2642754932493404,0,0,0,0,1,0,1,1,0,0,0,0,0,0,1,0,0,0,1,0,1,0,0,0,0,0,0,1,0,1
2605,0,-0.7888002190384014,-1.4744025490663168,-0.8904987370770039,0,0,0,0,1,0,0,0,1,1,0,1,0,1,0,1,0,1,0,1,0,0,1,1,0,0,1,1,0,2
2606,0,-0.055833672077855,1.3157546142126038,0.4084761301983425,0,0,0,0,1,0,1,1,0,0,1,0,1,0,0,0,0,0,1,0,1,0,0,0,0,1,0,1,0,1
2607,1,-1.2774445836787656,0.1657910900976468,-0.9750073251375252,1,1,0,0,1,0,0,1,0,0,0,0,0,0,0,0,0,0,0,0,0,0,0,1,0,1,0,0,0,1
2608,0,-1.0331224013585834,-1.00577579501947,-0.8825795036878816,1,1,1,1,0,1,0,0,0,0,1,0,0,0,0,0,1,0,0,0,0,0,0,1,0,1,0,0,0,1
2609,0,1.1657772395230557,1.3556377422165908,1.7654886104173673,1,1,1,0,1,0,1,1,0,0,0,0,1,0,1,0,0,0,1,0,1,0,0,1,0,1,0,0,1,0
2610,0,0.2699292376823877,-1.152013931034089,-0.5066695978827807,1,0,0,1,0,1,0,0,0,0,0,0,0,0,1,0,0,0,0,0,0,0,0,0,1,0,0,1,0,1
2611,0,-0.9109613101984924,0.184070857099474,-0.6800986031899635,1,1,1,0,1,0,0,1,0,0,0,0,0,0,0,0,0,0,0,0,0,0,0,1,0,1,0,0,0,1
2612,0,-0.748079855318371,0.5214156481331973,-0.5041327961007499,0,0,1,1,1,0,1,0,0,0,0,0,1,0,0,0,1,0,1,0,1,0,0,0,1,0,0,1,0,1
2613,0,-1.2774445836787656,0.5131066631323666,-0.9703969636380084,1,0,0,0,1,0,1,1,0,0,0,0,1,0,0,0,0,0,0,0,0,0,0,1,0,0,1,0,0,1
2614,0,1.4100994218432374,0.9833952141793793,1.79195958553421,1,0,1,1,1,0,1,1,0,0,1,0,0,0,0,0,1,0,0,0,1,1,0,1,1,0,0,0,1,0
2615,0,1.6137012404433893,0.8836873941694119,1.9489104088311584,0,0,0,0,1,0,1,0,0,0,1,0,1,0,1,0,1,0,1,0,1,0,1,1,0,0,0,0,1,0
2616,0,-1.0738427650786138,-0.6700928009859131,-0.8907193285363109,1,1,1,1,1,0,0,0,0,0,0,0,0,0,0,0,0,0,0,0,0,0,0,1,0,0,0,0,0,1
2617,0,-1.2774445836787656,-1.5009913010689746,-0.9971326485060196,1,0,0,0,1,0,0,0,1,1,0,1,0,1,0,1,0,1,0,1,0,0,0,1,0,0,1,0,0,2
2618,0,-0.3001558543980371,-1.491020519067978,-0.7827839274973836,0,1,1,1,1,0,0,0,1,1,0,1,0,1,0,1,0,1,0,1,0,1,0,0,0,1,0,1,0,2
2619,1,0.0256070553622056,1.5184938482328711,0.6069422661368727,1,0,0,0,1,0,1,1,0,0,0,0,1,0,1,0,1,0,1,0,1,0,0,1,0,1,0,1,0,0
2620,0,-0.5851984004382496,0.1192607740929951,-0.4323302760963133,0,1,0,0,1,0,0,0,0,0,1,0,0,0,1,0,1,0,1,0,0,0,0,1,0,1,0,1,0,1
2621,0,1.5729808767233588,0.4765471291287116,1.449336930938539,0,1,1,0,1,0,0,0,0,0,0,0,1,0,1,0,1,0,1,0,1,0,1,1,1,0,0,0,1,0
2622,1,-0.1779947632379461,-0.4573827849646494,-0.3961532767699612,0,1,1,1,1,0,1,0,0,0,0,0,0,0,0,0,0,0,0,0,0,1,0,1,0,1,0,1,0,1
2623,0,-1.2367242199587352,0.5247392421335293,-0.9227933267195524,0,0,0,1,1,0,1,1,0,0,1,0,0,0,0,0,0,0,0,0,0,0,0,0,1,0,0,0,0,1
2624,0,-0.62591876415828,0.0644214730875133,-0.5306037712175928,0,1,1,1,1,0,1,0,0,0,0,0,1,0,1,0,1,0,0,0,0,0,0,1,0,0,1,1,0,1
2625,0,0.9621754209229036,0.719169491152966,1.165898964874943,0,1,0,0,1,0,1,1,0,0,1,0,1,0,0,0,0,0,0,0,0,0,0,1,0,1,0,0,1,0
2626,0,1.125056875803025,-0.4889569279678058,0.2787242338339505,0,0,1,0,0,1,0,0,0,0,1,0,1,0,1,0,0,0,0,0,1,1,0,0,0,1,0,0,1,0
2627,0,0.0256070553622056,-1.2982520670487077,-0.6413186246437886,0,0,0,0,1,0,1,0,1,1,0,1,0,1,0,1,0,1,0,1,0,0,1,0,1,0,0,1,0,2
2628,0,-1.2774445836787656,0.6194616711429987,-0.9689851782984432,0,0,0,0,1,0,0,1,0,0,1,0,1,0,0,0,1,0,0,0,0,0,0,1,0,0,1,0,0,1
2629,0,-1.2367242199587352,0.1973652331008032,-0.9437053970618584,1,1,0,0,1,0,0,1,0,0,0,0,0,0,0,0,0,0,0,0,0,0,0,0,1,0,0,0,0,1
2630,0,1.247217966963116,0.6610065961471517,1.3668136660117811,0,1,1,0,1,0,1,1,0,0,1,0,0,0,0,0,1,0,0,0,0,0,1,1,1,0,0,0,1,0
2631,1,-1.0331224013585834,1.1462513201956597,-0.7121946605191356,1,1,1,0,1,0,1,1,0,0,0,0,0,0,1,0,0,0,1,0,1,0,0,1,0,1,0,0,0,1
2632,0,0.9214550572028734,-0.0003886099189655,0.590022901208024,0,0,0,0,1,0,0,0,0,0,0,0,1,0,1,0,0,0,0,0,1,0,1,1,0,0,1,0,1,0
2633,0,1.3286586944031769,1.17616366619865,1.925218886101584,0,0,1,0,1,0,1,1,0,0,1,0,1,0,0,0,1,0,1,0,0,1,0,1,0,0,0,0,1,0
2634,0,-1.2774445836787656,0.6659919871476498,-0.9683675222123836,1,1,1,0,1,0,0,1,0,0,0,0,0,0,0,0,1,0,1,0,0,0,0,1,0,1,0,0,0,1
2635,0,1.247217966963116,-1.3132082400502028,-0.3178433087159674,0,1,0,0,1,0,1,0,1,1,0,1,0,1,0,1,0,1,0,1,0,0,1,0,0,0,1,0,1,2
2636,1,1.5322605130033284,1.6032454952413433,2.5182128470107283,0,0,1,0,1,0,1,1,0,0,1,0,1,0,1,0,1,0,1,0,1,0,1,1,1,0,0,0,1,0
2637,0,0.1477681465222966,-0.801374763999037,-0.3231154445934053,0,0,1,1,0,1,0,0,0,0,1,0,0,0,1,0,1,0,0,0,0,0,1,0,1,0,0,1,0,1
2638,0,0.7992939660427822,1.3373579752147635,1.3884536881698006,1,1,0,0,1,0,0,1,0,0,0,0,1,0,1,0,1,0,1,0,1,1,0,1,0,0,0,0,1,0
2639,0,-0.4223169455581282,-0.3427187919531868,-0.5084122704113062,1,1,0,0,1,0,1,0,0,0,1,0,0,0,0,0,0,0,0,0,0,0,0,1,0,1,0,1,0,1
2640,0,-0.4223169455581282,1.003336778181373,-0.0604130757046693,0,1,0,0,1,0,0,1,0,0,0,0,1,0,1,0,1,0,0,0,1,0,0,1,0,0,0,1,0,1
2641,1,-1.1145631287986442,-0.1615829189350795,-0.8787853305878008,0,0,0,0,1,0,0,0,0,0,1,0,1,0,0,0,1,0,0,0,0,0,0,0,1,0,0,0,0,1
2642,0,0.5956921474426305,0.682609957149311,0.779091840980075,1,0,1,0,1,0,0,1,0,0,0,0,0,0,1,0,0,0,0,0,1,0,0,1,0,1,0,1,0,0
2643,0,0.0256070553622056,0.6177998741428321,0.2109364783889018,1,0,0,0,1,0,1,1,0,0,0,0,0,0,0,0,0,0,0,0,1,0,0,1,0,1,0,1,0,1
2644,0,-0.5851984004382496,-1.0390117350227923,-0.7410700825424252,1,1,0,0,0,1,0,0,0,0,0,0,1,0,1,0,0,0,0,0,0,0,0,1,1,0,0,1,0,1
2645,0,-1.2774445836787656,-1.4943441130683104,-0.9970444119222968,0,0,0,0,1,0,0,0,1,1,0,1,0,1,0,1,0,1,0,1,0,0,0,0,1,0,0,0,0,2
2646,0,0.9621754209229036,0.5662841671376824,0.9947420515986224,0,1,0,0,1,0,0,0,0,0,0,0,1,0,1,0,1,0,1,0,1,0,1,1,1,0,0,0,1,0
2647,0,-1.2367242199587352,-1.4876969250676455,-0.9877354523395404,0,0,0,0,1,0,0,0,1,1,0,1,0,1,0,1,0,1,0,1,0,0,0,1,0,0,1,0,0,2
2648,0,0.1070477828022663,-0.1715537009360761,-0.0815457375062823,0,1,0,0,1,0,1,0,0,0,1,0,0,0,1,0,0,0,0,0,0,0,0,1,0,1,0,1,0,1
2649,0,1.2879383306831464,-1.3215172250510334,-0.3065931442913091,0,0,1,0,1,0,1,0,1,1,0,1,0,1,0,1,0,1,0,1,0,0,1,0,1,0,0,0,1,2
2650,0,-0.7073594915983407,0.6510358141461546,-0.4310729047782632,0,0,0,0,1,0,1,1,0,0,1,0,0,0,1,0,0,0,0,0,0,0,0,1,1,0,0,1,0,1
2651,0,-0.3408762181180675,0.8504514541660894,-0.0181918703933048,1,1,0,0,1,0,0,1,0,0,0,0,0,0,0,0,0,0,1,0,1,0,0,1,0,1,0,1,0,1
2652,0,-1.2774445836787656,-0.3061592579495322,-0.9812721225818444,0,1,0,0,1,0,0,0,0,0,0,0,0,0,0,0,0,0,0,0,1,0,0,0,0,0,1,0,0,1
2653,0,1.5322605130033284,0.3519123541162524,1.3932625819826936,0,0,1,1,1,0,0,0,0,0,1,0,0,0,0,0,1,0,1,0,1,0,1,0,1,0,0,0,1,0
2654,0,-1.2774445836787656,0.8637458301674186,-0.96574248384663,1,1,1,0,1,0,0,1,0,0,0,0,0,0,0,0,0,0,1,0,1,0,0,1,0,1,0,0,0,1
2655,0,-1.1552834925186746,0.8255244991635975,-0.8444612995196277,1,0,0,1,1,0,1,1,0,0,0,0,1,0,0,0,0,0,1,0,0,0,0,0,0,0,1,0,0,1
2656,0,0.2699292376823877,-0.181524482937073,-0.0311405890546271,0,0,0,0,1,0,0,0,0,0,0,0,0,0,0,0,1,0,0,0,1,1,0,0,0,1,0,1,0,1
2657,0,-0.1372743995179157,0.0444799090855196,-0.1621719158829999,0,0,0,0,1,0,1,0,0,0,1,0,0,0,0,0,0,0,0,0,1,0,0,1,0,1,0,1,0,1
2658,0,-0.748079855318371,-1.5275800530716328,-0.8930355388590346,0,0,1,1,1,0,0,0,1,1,0,1,0,1,0,1,0,1,0,1,0,0,1,0,0,0,1,1,0,2
2659,0,1.1657772395230557,0.720831288153132,1.2774741249924364,0,0,0,0,1,0,1,0,0,0,1,0,0,0,1,0,1,0,1,0,1,0,1,0,1,0,0,0,1,0
2660,0,-0.7888002190384014,-0.4208232509609946,-0.7099005093423426,0,1,0,1,1,0,0,0,0,0,1,0,0,0,0,0,0,0,0,0,0,0,0,1,1,0,0,1,0,1
2661,0,1.369379058123207,-0.5770321689766102,0.3959685944556342,0,0,0,0,0,1,0,0,0,0,1,0,1,0,1,0,1,0,0,0,0,0,1,1,0,0,1,0,1,0
2662,0,-1.2367242199587352,-0.5155456799704636,-0.9659189570140756,1,1,0,0,0,1,0,0,0,0,0,0,0,0,1,0,0,0,1,0,1,0,0,1,0,1,0,0,0,1
2663,0,1.0843365120829946,1.475287126228552,1.8873874508304287,0,0,1,0,1,0,1,1,0,0,1,0,1,0,1,0,0,0,1,0,1,1,0,1,1,0,0,0,1,0
2664,0,1.2064976032430856,1.003336778181373,1.5494854534639286,0,1,1,1,1,0,1,1,0,0,1,0,1,0,0,0,0,0,1,0,0,1,0,1,1,0,0,0,1,0
2665,1,0.0256070553622056,0.9568064621767214,0.3422545741143737,0,1,1,0,1,0,0,1,0,0,1,0,1,0,0,0,1,0,0,0,1,1,0,1,0,1,0,1,0,1
2666,0,1.369379058123207,0.4898415051300408,1.2866507296996086,0,1,0,1,1,0,0,0,0,0,0,0,1,0,1,0,1,0,1,0,1,0,1,1,1,0,0,0,1,0
2667,0,1.6137012404433893,1.6713791722481544,2.7023625972402323,0,0,0,0,1,0,1,1,0,0,1,0,1,0,1,0,1,0,1,0,1,0,1,0,1,0,0,0,1,0
2668,0,-1.2774445836787656,-1.4960059100684764,-0.9970664710682277,1,1,0,1,1,0,0,0,1,1,0,1,0,1,0,1,0,1,0,1,0,0,0,0,0,0,1,0,0,2
2669,0,-0.5444780367182193,1.0099839661820376,-0.2163932965806666,1,0,0,0,1,0,1,1,0,0,1,0,1,0,0,0,0,0,0,0,1,0,0,1,0,1,0,1,0,1
2670,0,0.758573602322752,1.0099839661820376,1.2001568185053242,0,0,1,1,1,0,1,1,0,0,1,0,0,0,0,0,1,0,1,0,0,1,0,1,0,0,1,0,1,0
2671,0,1.247217966963116,1.3506523512160928,1.955969335528983,0,1,0,0,1,0,1,1,0,0,0,0,1,0,0,0,1,0,1,0,1,0,0,0,0,1,0,0,1,0
2672,0,-0.2187151269579764,-1.4843733310673135,-0.7575703236985907,0,1,0,0,1,0,0,0,1,1,0,1,0,1,0,1,0,1,0,1,0,1,0,0,0,0,0,1,0,2
2673,0,-0.4223169455581282,1.2160467942026365,0.0164851070097594,1,1,0,0,1,0,1,1,0,0,1,0,0,0,0,0,0,0,1,0,1,0,0,1,0,0,0,1,0,1
2674,1,-1.1552834925186746,-1.4860351280674795,-0.9654336558036004,0,0,0,0,1,0,0,0,1,1,0,1,0,1,0,1,0,1,0,1,0,0,0,0,0,0,1,0,0,2
2675,0,0.3920903288424788,-1.46443176706532,-0.6401053716176,0,1,1,1,1,0,0,0,1,1,0,1,0,1,0,1,0,1,0,1,0,0,1,0,0,0,1,1,0,2
2676,0,-0.1372743995179157,-1.4760643460664828,-0.7334155589044715,0,0,0,0,1,0,0,0,1,1,0,1,0,1,0,1,0,1,0,1,0,1,0,0,0,0,1,1,0,2
2677,0,-1.1552834925186746,0.1757618720986434,-0.8880281127327652,1,0,0,0,1,0,0,1,0,0,0,0,0,0,0,0,0,0,0,0,0,0,0,1,1,0,0,0,0,1
2678,0,-0.0965540357978854,-1.4976677070686424,-0.7300184504311433,0,1,0,0,1,0,0,0,1,1,0,1,0,1,0,1,0,1,0,1,0,1,0,0,0,0,1,1,0,2
2679,0,-1.1552834925186746,0.328647196113927,-0.8728073020405804,1,1,1,0,1,0,1,1,0,0,0,0,0,0,0,0,0,0,0,0,0,0,0,1,0,1,0,0,0,1
2680,0,1.5729808767233588,0.6875953481498096,1.6545090472400028,0,1,1,1,1,0,0,0,0,0,1,0,1,0,1,0,1,0,1,0,1,0,1,0,0,0,0,0,1,0
2681,0,0.5549717837226001,-0.8096837489998675,-0.1928120695807456,0,1,1,0,0,1,0,0,0,0,1,0,0,0,1,0,1,0,0,0,0,0,1,0,1,0,0,1,0,1
2682,0,-1.1552834925186746,-0.4773243489666429,-0.9146314427251924,1,1,0,0,1,0,1,0,0,0,0,0,0,0,0,0,0,0,0,0,0,0,0,0,0,0,1,0,0,1
2683,0,-1.0331224013585834,0.4948268961305394,-0.7389965228249392,1,0,0,0,1,0,1,1,0,0,1,0,0,0,0,0,0,0,0,0,0,0,0,1,0,0,1,0,0,1
2684,0,1.4915401492832985,1.3440051632154282,2.252819262318446,0,1,0,0,1,0,1,1,0,0,0,0,1,0,0,0,1,0,1,0,1,1,0,1,0,0,0,0,1,0
2685,0,1.6137012404433893,1.1927816362003112,2.229877750550516,0,0,1,0,1,0,1,1,0,0,1,0,1,0,1,0,0,0,1,0,0,0,1,0,0,0,0,0,1,0
2686,1,-0.5444780367182193,0.5014740841312035,-0.3564688732406274,1,1,0,0,1,0,1,1,0,0,0,0,0,0,1,0,0,0,0,0,0,0,0,1,0,1,0,1,0,1
2687,0,-0.1779947632379461,0.8720548151682491,0.1528326880074315,0,1,0,0,1,0,0,1,0,0,0,0,0,0,1,0,1,0,0,0,1,0,0,0,0,1,0,1,0,1
2688,0,-1.1145631287986442,0.464914550127549,-0.8239683529500051,1,1,1,0,1,0,1,1,0,0,0,0,1,0,0,0,0,0,0,0,0,0,0,1,0,1,0,0,0,1
2689,1,1.6137012404433893,1.7278802702538023,2.6459132428035645,0,0,1,0,1,0,1,1,0,0,1,0,1,0,1,0,1,0,1,0,1,0,1,1,1,0,0,0,1,0
2690,1,-0.9924020376385532,0.5214156481331973,-0.7483716598454877,1,1,1,1,1,0,0,1,0,0,0,0,0,0,0,0,0,0,1,0,0,0,0,1,1,0,0,0,0,1
2691,0,-1.0331224013585834,-0.1881716709377373,-0.8428730410126172,0,0,0,0,1,0,0,0,0,0,1,0,0,0,0,0,0,0,0,0,1,1,0,1,0,1,0,0,0,1
2692,0,-0.4223169455581282,-0.4972659129686364,-0.5429568929387862,0,0,0,0,1,0,0,0,0,0,1,0,0,0,0,0,0,0,0,0,0,0,0,1,0,1,0,1,0,1
2693,0,1.6137012404433893,-1.5109620830699717,-0.3815942404556975,0,1,0,0,1,0,0,0,1,1,0,1,0,1,0,1,0,1,0,1,0,0,1,0,0,0,0,0,1,2
2694,0,-0.9924020376385532,-1.4993295040688086,-0.93088903327612,0,1,1,1,1,0,0,0,1,1,0,1,0,1,0,1,0,1,0,1,0,0,0,0,1,0,0,0,0,2
2695,0,0.7992939660427822,0.5529897911363537,0.9153291262480936,0,1,1,0,1,0,1,0,0,0,1,0,1,0,1,0,1,0,0,0,1,1,0,1,1,0,0,0,1,0
2696,0,1.4508197855632678,-0.8595376590048512,0.1938847585844687,0,0,0,0,0,1,0,0,0,0,1,0,0,0,1,0,1,0,0,0,0,0,1,0,0,0,1,0,1,0
2697,0,1.5729808767233588,0.7706851981581158,1.802503857289086,0,0,1,0,1,0,1,0,0,0,1,0,1,0,1,0,1,0,1,0,1,0,1,0,0,0,0,0,1,0
2698,0,-1.2367242199587352,-1.4926823160681442,-0.9830147951103702,0,1,0,0,1,0,0,0,1,1,0,1,0,1,0,1,0,1,0,1,0,0,0,0,0,0,1,0,0,2
2699,1,0.0663274190822359,1.0498670941860242,0.4017039723976169,0,0,0,0,1,0,1,1,0,0,0,0,1,0,0,0,1,0,1,0,0,0,0,1,0,1,0,1,0,1
2700,0,0.1070477828022663,-1.3497677740538576,-0.6473187123369397,0,0,0,0,0,1,0,0,0,0,0,0,0,0,0,0,0,0,0,0,0,0,0,0,0,1,0,1,0,1
2701,0,1.1657772395230557,-1.517609271070636,-0.501154811400105,0,0,1,1,1,0,0,0,1,1,0,1,0,1,0,1,0,1,0,1,0,1,0,0,1,0,0,0,1,2
2702,0,-1.2774445836787656,-0.6900343649879066,-0.9863677852918368,0,1,0,0,1,0,0,0,0,0,0,0,0,0,0,0,0,0,0,0,0,0,0,0,0,1,0,0,0,1
2703,0,-1.2774445836787656,-0.4872951309676395,-0.9836765694882912,1,0,0,0,1,0,1,0,0,0,0,0,0,0,0,0,0,0,0,0,0,0,0,1,0,0,1,0,0,1
2704,0,0.8400143297628127,-0.1383177609327537,0.4488002489596667,0,0,1,1,1,0,0,0,0,0,0,0,0,0,1,0,0,0,0,0,1,1,0,0,1,0,0,0,1,0
2705,0,1.6137012404433893,-1.299913864048874,-0.1732676662861433,0,0,1,0,1,0,1,0,1,1,0,1,0,1,0,1,0,1,0,1,0,0,1,0,0,0,0,0,1,2
2706,0,-1.2367242199587352,0.3868100911197414,-0.9388082666652422,1,1,1,0,1,0,0,1,0,0,0,0,0,0,1,0,0,0,0,0,0,0,0,0,0,1,0,0,0,1
2707,0,-1.1960038562387048,1.127971553193832,-0.8762264696598393,1,1,0,0,1,0,0,1,0,0,0,0,0,0,1,0,1,0,1,0,1,0,0,1,0,1,0,0,0,1
2708,1,-0.7888002190384014,1.1977670272008092,-0.4286684578718167,1,0,0,0,1,0,1,1,0,0,1,0,0,0,0,0,0,0,1,0,1,0,0,1,0,1,0,1,0,1
2709,1,0.3513699651224484,-0.359336761954848,-0.0283831958132893,0,1,1,0,0,1,0,0,0,0,0,0,1,0,1,0,0,0,1,0,1,0,0,1,0,1,0,1,0,1
2710,0,-0.3408762181180675,-1.4744025490663168,-0.7927767206039918,0,0,1,0,1,0,0,0,1,1,0,1,0,1,0,1,0,1,0,1,0,1,0,0,1,0,0,1,0,2
2711,0,-0.1779947632379461,0.8421424691652587,0.1408325126211292,1,0,1,1,1,0,0,1,0,0,0,0,0,0,0,0,0,0,1,0,1,1,0,1,0,0,0,1,0,1
2712,0,-0.9924020376385532,-1.1769408860365806,-0.910285790976844,0,1,0,0,0,1,0,0,0,0,1,0,0,0,0,0,0,0,0,0,0,0,0,0,0,0,1,0,0,1
2713,0,-1.2774445836787656,-1.4727407520661506,-0.9967576430251978,0,1,0,0,1,0,0,0,1,1,0,1,0,1,0,1,0,1,0,1,0,0,0,1,0,0,1,0,0,2
2714,0,0.880734693482843,1.0083221691818711,1.2287454716315145,0,0,0,0,1,0,1,1,0,0,0,0,0,0,1,0,1,0,0,0,1,0,1,1,0,0,0,0,1,0
2715,0,0.3513699651224484,-1.3132082400502028,-0.5661631144578853,0,1,0,0,1,0,1,0,1,1,0,1,0,1,0,1,0,1,0,1,0,0,0,1,0,0,0,1,0,2
2716,0,-0.5444780367182193,-0.6601220189849164,-0.6353405960965682,0,0,1,0,1,0,0,0,0,0,0,0,0,0,0,0,0,0,0,0,0,0,0,0,0,0,1,1,0,1
2717,0,1.6137012404433893,0.9268941161737314,1.9647047573175411,0,0,1,1,1,0,1,0,0,0,1,0,1,0,1,0,1,0,1,0,1,0,1,0,0,0,0,0,1,0
2718,0,1.2064976032430856,-0.7000051469889033,0.1493694020963113,0,1,0,0,0,1,0,0,0,0,1,0,1,0,1,0,1,0,0,0,0,0,1,1,0,0,0,0,1,0
2719,1,0.9621754209229036,0.2605135191071156,0.7961656199304387,0,0,1,1,1,0,0,0,0,0,1,0,0,0,0,0,1,0,1,0,1,0,1,1,1,0,0,0,1,0
2720,0,-0.7073594915983407,-0.4391030179628221,-0.6680543095118,1,1,0,0,1,0,1,0,0,0,0,0,0,0,0,0,0,0,0,0,0,0,0,0,0,1,0,1,0,1
2721,1,-0.9109613101984924,0.4815325201292102,-0.6556791286446759,1,1,0,0,1,0,0,1,0,0,0,0,0,0,0,0,0,0,0,0,1,0,0,1,0,1,0,0,0,1
2722,0,-0.0151133083578247,-1.522594662071134,-0.7349155808277592,0,1,1,1,1,0,0,0,1,1,0,1,0,1,0,1,0,1,0,1,0,0,1,0,0,0,1,1,0,2
2723,0,-0.4630373092781585,-1.4710789550659844,-0.8280492949471852,0,1,0,0,1,0,0,0,1,1,0,1,0,1,0,1,0,1,0,1,0,0,0,0,1,0,0,1,0,2
2724,0,1.2064976032430856,-1.4893587220678115,-0.456595336620086,0,1,1,1,1,0,0,0,1,1,0,1,0,1,0,1,0,1,0,1,0,1,0,0,0,0,0,0,1,2
2725,0,-1.2367242199587352,-1.3381351950526947,-0.985308946287163,0,0,0,0,0,1,0,0,0,0,0,0,0,0,0,0,0,0,0,0,0,0,0,0,0,1,0,0,0,1
2726,0,-0.2187151269579764,-1.4677553610656522,-0.7490775525152703,0,1,0,1,1,0,0,0,1,1,0,1,0,1,0,1,0,1,0,1,0,0,1,0,0,0,1,1,0,2
2727,0,-1.1145631287986442,1.0000131841810405,-0.8016003789762729,1,1,0,0,1,0,1,1,0,0,0,0,0,0,0,0,0,0,1,0,1,0,0,1,0,0,0,0,0,1
2728,0,-0.3001558543980371,-0.1233615879312587,-0.3262699024614957,0,0,0,0,0,1,0,0,0,0,1,0,1,0,1,0,0,0,1,0,1,1,0,0,0,1,0,1,0,1
2729,0,-1.2367242199587352,0.6959043331506402,-0.9308669741301892,1,0,0,0,1,0,1,1,0,0,0,0,0,0,0,0,0,0,0,0,1,0,0,1,0,1,0,0,0,1
2730,0,0.6771328748826912,1.392197276220246,1.2742976079784152,0,1,0,0,1,0,1,1,0,0,0,0,1,0,0,0,1,0,1,0,1,1,0,1,0,0,0,0,1,0
2731,0,1.247217966963116,1.4453747802255617,1.9854844727842635,0,0,0,0,1,0,1,1,0,0,1,0,1,0,1,0,0,0,1,0,1,0,0,0,1,0,0,0,1,0
2732,0,-1.1552834925186746,-1.4744025490663168,-0.9640880479018272,0,0,0,1,1,0,0,0,1,1,0,1,0,1,0,1,0,1,0,1,0,0,0,0,1,0,0,0,0,2
2733,0,-1.2774445836787656,-0.3144682429503628,-0.981382418311498,0,0,1,0,1,0,0,0,0,0,0,0,0,0,0,0,0,0,1,0,0,0,0,1,0,0,1,0,0,1
2734,0,-0.8702409464784621,-1.479387940066815,-0.9140137866391328,0,1,0,0,1,0,0,0,1,1,0,1,0,1,0,1,0,1,0,1,0,0,0,0,0,0,1,0,0,2
2735,1,0.7992939660427822,0.2721460981082788,0.6838404488513017,0,1,0,0,1,0,1,1,0,0,0,0,0,0,0,0,0,0,0,0,0,0,0,1,0,0,0,0,1,0
2736,1,1.125056875803025,0.8205391081630994,1.3301072471830926,0,0,1,0,1,0,1,1,0,0,0,0,1,0,0,0,0,0,0,0,1,0,0,0,0,1,0,0,1,0
2737,0,1.2879383306831464,1.325725396213601,2.0338822389562243,0,1,0,0,1,0,1,1,0,0,0,0,0,0,1,0,1,0,1,0,1,1,0,1,1,0,0,0,1,0
2738,0,0.4328106925625091,0.3469269631157543,0.4299837974807775,0,0,1,1,1,0,0,0,0,0,1,0,0,0,1,0,0,0,1,0,1,0,1,0,0,0,0,1,0,0
2739,0,1.1657772395230557,1.2093996062019725,1.8106878004293765,0,0,1,0,1,0,1,1,0,0,0,0,0,0,0,0,1,0,1,0,1,1,0,0,0,0,0,0,1,0
2740,0,-1.2774445836787656,-0.6767399889865777,-0.9861913121243912,1,0,0,0,1,0,0,0,0,0,0,0,0,0,0,0,0,0,0,0,0,0,0,0,0,0,1,0,0,1
2741,1,-1.1145631287986442,0.8222009051632655,-0.7950267534889235,1,1,0,0,1,0,0,1,0,0,0,0,0,0,0,0,0,0,1,0,1,0,0,1,0,1,0,0,0,1
2742,0,1.369379058123207,0.1325551500943243,0.9564032559710616,0,1,0,0,1,0,1,0,0,0,1,0,1,0,1,0,1,0,0,0,0,0,1,0,0,0,0,0,1,0
2743,0,1.4100994218432374,1.5384354122348645,2.224142372608533,0,1,1,0,1,0,0,1,0,0,1,0,1,0,1,0,1,0,1,0,1,0,1,1,0,1,0,0,1,0
2744,0,0.3920903288424788,1.1379423351948288,0.8185115347582403,0,0,1,0,1,0,0,1,0,0,0,0,0,0,1,0,1,0,1,0,1,0,1,1,1,0,0,1,0,0
2745,1,-1.2774445836787656,0.7075369121518029,-0.967816043564116,1,1,1,0,1,0,1,1,0,0,0,0,0,0,0,0,0,0,1,0,0,0,0,1,0,1,0,0,0,1
2746,0,-0.055833672077855,-1.4544609850643233,-0.6979665113938326,0,0,1,1,1,0,0,0,1,1,0,1,0,1,0,1,0,1,0,1,0,0,1,0,0,0,1,1,0,2
2747,0,-1.0331224013585834,-1.5076384890696393,-0.9313743344865956,0,1,0,0,1,0,0,0,1,1,0,1,0,1,0,1,0,1,0,1,0,0,0,1,0,0,1,0,0,2
2748,0,-1.1552834925186746,-0.6717545979860794,-0.928881650996426,1,1,0,0,0,1,0,0,0,0,0,0,0,0,0,0,0,0,1,0,1,0,0,1,0,1,0,0,0,1
2749,0,0.0663274190822359,0.4133988431223993,0.209149687568515,0,1,1,1,1,0,1,0,0,0,0,0,0,0,1,0,0,0,1,0,1,1,0,0,0,0,0,1,0,1
2750,0,-1.1960038562387048,-1.505976692069473,-0.975227916596832,0,1,0,0,1,0,0,0,1,1,0,1,0,1,0,1,0,1,0,1,0,1,0,1,0,0,1,0,0,2
2751,0,-0.5444780367182193,-1.326502616051532,-0.8139535006974662,0,0,1,1,0,1,0,0,0,0,0,0,0,0,0,0,0,0,0,0,0,0,0,1,0,0,1,1,0,1
2752,0,-0.055833672077855,-0.9758634490164798,-0.5304052389042165,1,1,1,1,0,1,0,0,0,0,1,0,0,0,0,0,1,0,0,0,0,0,0,0,0,0,0,1,0,1
2753,0,-1.2774445836787656,1.0266019361836989,-0.9635806875454213,1,0,0,0,1,0,1,1,0,0,0,0,0,0,0,0,0,0,1,0,1,0,0,0,0,0,1,0,0,1
2754,0,-1.1960038562387048,-0.7781096059967111,-0.9584629656894982,0,1,0,0,0,1,0,0,0,0,1,0,0,0,1,0,1,0,0,0,0,0,0,0,0,0,1,0,0,1
2755,0,0.5549717837226001,-1.5009913010689746,-0.630244933386576,0,1,1,0,1,0,0,0,1,1,0,1,0,1,0,1,0,1,0,1,0,0,0,0,0,1,0,1,0,2
2756,0,-1.2774445836787656,-1.4561227820644893,-0.9965370515658908,1,0,0,0,1,0,0,0,1,1,0,1,0,1,0,1,0,1,0,1,0,0,0,0,0,0,1,0,0,2
2757,0,1.4915401492832985,0.6543594081464871,1.574522584095276,0,0,1,1,1,0,1,1,0,0,1,0,0,0,1,0,0,0,0,0,0,1,0,0,0,0,0,0,1,0
2758,0,-1.1145631287986442,-1.479387940066815,-0.9573379492470324,0,1,0,0,1,0,0,0,1,1,0,1,0,1,0,1,0,1,0,1,0,0,0,0,0,0,1,0,0,2
2759,0,-1.2774445836787656,-1.4993295040688086,-0.9971105893600888,0,1,0,0,1,0,0,0,1,1,0,1,0,1,0,1,0,1,0,1,0,0,0,0,0,0,0,0,0,2
2760,0,-0.2594354906780068,-1.4660935640654862,-0.7430554056761884,0,1,0,0,1,0,0,0,1,1,0,1,0,1,0,1,0,1,0,1,0,1,0,1,1,0,0,1,0,2
2761,1,-0.9109613101984924,-0.9991286070188056,-0.8602777071519415,1,0,0,0,0,1,0,0,0,0,0,0,0,0,0,0,0,0,0,0,1,0,0,1,0,1,0,0,0,1
2762,0,-0.3001558543980371,1.1479131171958254,0.1031334322255588,0,1,0,0,1,0,0,1,0,0,0,0,0,0,1,0,1,0,1,0,1,0,1,0,0,0,0,1,0,1
2763,0,1.2879383306831464,0.5413572121351905,1.259848867393805,0,1,1,1,1,0,0,1,0,0,1,0,1,0,0,0,0,0,0,0,0,0,0,0,0,1,0,0,1,0
2764,0,-0.0965540357978854,0.0943338190905033,-0.1233257598990328,0,1,1,1,1,0,1,0,0,0,1,0,1,0,1,0,1,0,0,0,0,0,0,0,0,1,0,1,0,1
2765,0,-0.7888002190384014,0.179085466098976,-0.5947076492922142,0,1,0,0,1,0,0,1,0,0,0,0,0,0,0,0,0,0,0,0,0,0,0,1,0,1,0,1,0,1
2766,0,1.2879383306831464,1.6697173752479884,2.257275209796448,0,0,1,0,1,0,1,1,0,0,1,0,1,0,1,0,1,0,1,0,1,1,0,1,0,1,0,0,1,0
2767,0,0.5549717837226001,0.6659919871476498,0.7407971636443754,0,0,0,1,1,0,1,1,0,0,0,0,0,0,1,0,1,0,0,0,0,0,0,1,0,0,0,1,0,0
2768,0,-0.8295205827584317,-1.4976677070686424,-0.8906752102444494,0,0,0,0,1,0,0,0,1,1,0,1,0,1,0,1,0,1,0,1,0,1,0,0,0,0,1,0,0,2
2769,0,-0.7073594915983407,-1.4960059100684764,-0.8746161520068981,1,0,0,0,1,0,0,0,1,1,0,1,0,1,0,1,0,1,0,1,0,0,0,0,0,0,0,1,0,2
2770,0,-0.62591876415828,0.9235705221733987,-0.3373435937187084,1,1,1,1,1,0,1,1,0,0,0,0,0,0,0,0,0,0,1,0,1,0,0,1,0,1,0,1,0,1
2771,0,-0.7888002190384014,-0.0535661139242814,-0.6454216257868993,0,0,1,1,1,0,0,0,0,0,1,0,0,0,1,0,0,0,0,0,1,0,0,1,0,0,1,1,0,1
2772,0,1.4100994218432374,0.3070438351117673,1.1420750872697842,0,0,1,1,1,0,1,0,0,0,1,0,1,0,0,0,1,0,1,0,0,0,1,0,1,0,0,0,1,0
2773,0,-0.3408762181180675,-1.1852498710374113,-0.7022459857043889,0,1,1,0,0,1,0,0,0,0,0,0,0,0,1,0,0,0,0,0,0,0,0,0,0,1,0,1,0,1
2774,0,-1.0738427650786138,-0.4889569279678058,-0.8785647391284939,0,1,0,0,1,0,0,0,0,0,0,0,0,0,0,0,1,0,0,0,0,0,0,0,0,0,1,0,0,1
2775,1,0.8400143297628127,-0.1565975279345811,0.4190865793910105,1,1,1,0,1,0,1,0,0,0,1,0,0,0,0,0,1,0,0,0,0,1,0,1,0,1,0,0,1,0
2776,1,-0.6666391278783103,0.3170146171127639,-0.485956059853851,1,1,1,0,1,0,0,1,0,0,0,0,1,0,0,0,0,0,0,0,0,0,0,1,1,0,0,1,0,1
2777,0,-0.9109613101984924,-1.4876969250676455,-0.9239845205998102,0,1,0,0,1,0,0,0,1,1,0,1,0,1,0,1,0,1,0,1,0,0,0,0,0,1,0,0,0,2
2778,0,-0.7888002190384014,0.328647196113927,-0.5794868386000296,0,0,0,0,1,0,0,1,0,0,0,0,1,0,0,0,0,0,0,0,0,1,0,1,0,0,1,1,0,1
2779,0,-0.9516816739185228,0.684271754149477,-0.671098471650237,1,1,0,0,1,0,1,1,0,0,0,0,0,0,0,0,0,0,1,0,0,0,0,1,0,1,0,0,0,1
2780,0,-0.3001558543980371,0.3170146171127639,-0.1835031099979892,1,0,0,0,1,0,0,0,0,0,1,0,1,0,1,0,1,0,1,0,0,1,0,0,0,0,1,1,0,1
2781,1,-1.0331224013585834,-0.6767399889865777,-0.8885134139432407,0,1,0,0,0,1,0,0,0,0,0,0,1,0,0,0,1,0,0,0,1,0,0,1,0,1,0,0,0,1
2782,0,0.2292088739623573,0.6859335511496436,0.4488002489596667,0,1,1,1,1,0,1,0,0,0,1,0,0,0,1,0,1,0,1,0,1,0,1,1,0,0,0,1,0,0
2783,0,0.4328106925625091,0.9750862291785486,0.8062907679126312,0,0,1,0,1,0,1,1,0,0,1,0,1,0,0,0,0,0,0,0,1,0,0,1,0,1,0,1,0,0
2784,0,-1.1552834925186746,1.1080299891918384,-0.8309390430641072,1,0,0,1,1,0,0,1,0,0,0,0,0,0,1,0,1,0,1,0,1,0,0,1,0,0,0,0,0,1
2785,0,-0.3001558543980371,1.4669781412277214,0.2335250438219412,0,0,0,0,1,0,1,1,0,0,0,0,1,0,1,0,1,0,1,0,1,0,1,0,0,1,0,1,0,1
2786,0,-0.2187151269579764,-0.2845558969473725,-0.3142035496374015,0,1,0,1,1,0,0,0,0,0,1,0,1,0,0,0,0,0,0,0,0,1,0,0,0,0,1,1,0,1
2787,0,1.6137012404433893,-1.2849576910473786,-0.1889517190428727,0,1,1,1,1,0,1,0,1,1,0,1,0,1,0,1,0,1,0,1,0,0,1,0,0,0,1,0,1,2
2788,0,1.5729808767233588,0.6875953481498096,1.6540899234673196,0,1,0,1,1,0,1,1,0,0,1,0,1,0,0,0,0,0,0,0,0,1,0,1,1,0,0,0,1,0
2789,0,-0.3408762181180675,0.8039211381614382,-0.0913179391535835,0,0,0,0,1,0,1,1,0,0,0,0,0,0,1,0,0,0,1,0,0,0,0,1,1,0,0,1,0,1
2790,0,0.7178532386027215,1.4919050962302134,1.4432927249535266,1,0,0,0,1,0,1,1,0,0,1,0,1,0,0,0,1,0,1,0,1,0,1,1,0,1,0,0,1,0
2791,0,1.002895784642934,0.3186764141129299,0.8989612399675124,0,1,0,0,1,0,0,0,0,0,1,0,0,0,1,0,0,0,1,0,1,0,1,1,0,0,0,0,1,0
2792,0,-0.7073594915983407,-0.5288400559717926,-0.6807162592760232,0,0,0,0,1,0,0,0,0,0,0,0,1,0,0,0,0,0,0,0,0,0,0,0,0,1,0,1,0,1
2793,0,-1.1552834925186746,0.5097830691320341,-0.8574761956187422,0,1,0,0,1,0,1,1,0,0,1,0,0,0,0,0,0,0,0,0,0,0,0,1,0,1,0,0,0,1
2794,0,-0.1779947632379461,-0.289541287947871,-0.3340126626831722,0,0,0,0,1,0,0,0,0,0,1,0,1,0,0,0,0,0,0,0,0,0,0,0,0,1,0,1,0,1
2795,1,-0.9516816739185228,0.3253236021135945,-0.7309669937061635,1,0,0,0,1,0,1,1,0,0,0,0,0,0,0,0,0,0,0,0,0,0,0,1,0,1,0,0,0,1
2796,0,0.9214550572028734,0.8321716871642622,1.182310969447386,0,0,1,0,1,0,1,1,0,0,1,0,0,0,0,0,0,0,1,0,0,0,0,1,0,0,0,0,1,0
2797,0,-1.1960038562387048,1.2027524182013078,-0.8602115297141493,1,1,0,0,1,0,1,1,0,0,0,0,0,0,1,0,0,0,1,0,1,0,0,1,0,1,0,0,0,1
2798,0,-0.9109613101984924,1.001674981181207,-0.543045129522509,1,1,0,0,1,0,0,1,0,0,0,0,0,0,1,0,0,0,1,0,1,0,0,1,0,1,0,0,0,1
2799,0,0.9214550572028734,-1.517609271070636,-0.5639351407188843,0,1,0,1,1,0,0,0,1,1,0,1,0,1,0,1,0,1,0,1,0,1,0,0,0,0,0,0,1,2
2800,0,-0.5037576729981889,-1.4760643460664828,-0.8105122739322767,0,0,1,1,1,0,0,0,1,1,0,1,0,1,0,1,0,1,0,1,0,0,0,0,0,0,1,1,0,2
2801,0,1.2064976032430856,1.3722557122182522,1.951689861218427,0,0,1,1,1,0,1,1,0,0,0,0,1,0,0,0,1,0,1,0,1,1,0,1,1,0,0,0,1,0
2802,1,-0.0151133083578247,1.3340343812144315,0.4728667771700632,1,1,1,0,1,0,1,1,0,0,0,0,0,0,1,0,1,0,1,0,1,0,0,1,0,1,0,1,0,0
2803,0,0.4328106925625091,-1.4993295040688086,-0.6619880443808568,0,0,0,0,1,0,0,0,1,1,0,1,0,1,0,1,0,1,0,1,0,0,1,1,0,0,0,1,0,2
2804,0,-0.9516816739185228,-1.3514295710540236,-0.8911605114549249,1,1,1,0,0,1,0,0,0,0,0,0,0,0,0,0,0,0,0,0,0,1,0,0,0,0,0,0,0,1
2805,0,1.125056875803025,-0.1632447159352455,0.5310588041352562,0,0,1,0,1,0,0,0,0,0,1,0,1,0,0,0,1,0,0,0,0,0,1,0,0,0,0,0,1,0
2806,0,1.0436161483629645,0.7091987091519689,1.1518252297711549,0,1,1,0,1,0,1,0,0,0,1,0,1,0,1,0,0,0,1,0,1,0,1,1,0,1,0,0,1,0
2807,0,-1.0331224013585834,-1.505976692069473,-0.9454480695903836,0,1,0,1,1,0,0,0,1,1,0,1,0,1,0,1,0,1,0,1,0,1,0,0,0,0,1,0,0,2
2808,0,-1.2367242199587352,1.074794049188516,-0.9245359992480776,0,1,1,1,1,0,0,1,0,0,1,0,0,0,0,0,0,0,1,0,1,0,0,0,0,1,0,0,0,1
2809,1,0.188488510242327,-0.9343185240123268,-0.4256242957333797,0,1,0,0,0,1,0,0,0,0,0,0,1,0,1,0,0,0,0,0,0,0,0,0,0,1,0,1,0,1
2810,1,1.3286586944031769,1.300798441211109,1.979749094842281,0,0,1,1,1,0,1,1,0,0,0,0,0,0,1,0,1,0,1,0,1,1,0,1,0,0,0,0,1,0
2811,0,0.2699292376823877,-1.4960059100684764,-0.6713852405473361,0,0,1,1,1,0,0,0,1,1,0,1,0,1,0,1,0,1,0,1,0,0,1,0,0,0,1,1,0,2
2812,0,1.369379058123207,1.305783832211607,2.033970475539947,1,1,1,0,1,0,1,1,0,0,0,0,1,0,0,0,1,0,1,0,1,1,0,1,0,1,0,0,1,0
2813,0,1.4508197855632678,-1.3364733980525287,-0.274563264399929,0,1,0,0,1,0,1,0,1,1,0,1,0,1,0,1,0,1,0,1,0,0,1,0,0,0,1,0,1,2
2814,0,1.2064976032430856,-0.533825446972291,0.3215410360854442,0,0,1,1,0,1,0,0,0,0,1,0,1,0,0,0,1,0,1,0,0,0,1,0,0,0,0,0,1,0
2815,0,-1.1960038562387048,0.7839795741594444,-0.8901678498880433,1,1,0,0,1,0,0,1,0,0,0,0,0,0,1,0,1,0,1,0,0,0,0,1,0,0,1,0,0,1
2816,0,1.6137012404433893,1.4885815022298807,2.596522815064722,0,0,1,0,1,0,1,1,0,0,1,0,1,0,1,0,0,0,1,0,1,0,1,1,0,1,0,0,1,0
2817,0,0.3513699651224484,-1.4660935640654862,-0.6195021293183238,0,0,1,0,1,0,0,0,1,1,0,1,0,1,0,1,0,1,0,1,0,0,1,0,1,0,0,1,0,2
2818,0,-0.1372743995179157,0.9933659961803764,0.1629798951355547,1,1,1,1,1,0,0,1,0,0,1,0,0,0,0,0,0,0,1,0,1,0,0,0,1,0,0,1,0,1
2819,0,-1.1552834925186746,-0.3177918369506949,-0.9084328227186648,0,0,0,0,1,0,0,0,0,0,1,0,1,0,0,0,0,0,0,0,0,0,0,0,0,1,0,0,0,1
2820,0,0.8400143297628127,-1.3530913680541898,-0.4314037919672237,0,1,0,0,1,0,1,0,1,1,0,1,0,1,0,1,0,1,0,1,0,1,0,0,0,0,0,0,1,2
2821,1,-1.2774445836787656,0.3203382111130964,-0.9729558245659696,1,1,1,0,1,0,1,1,0,0,0,0,0,0,0,0,0,0,0,0,0,0,0,1,0,1,0,0,0,1
2822,0,0.3513699651224484,0.50313588113137,0.4616827901831969,1,0,1,1,1,0,1,0,0,0,1,0,1,0,1,0,1,0,0,0,1,0,0,0,1,0,0,1,0,0
2823,0,0.2699292376823877,-1.4727407520661506,-0.6572453280057557,0,1,1,0,1,0,0,0,1,1,0,1,0,1,0,1,0,1,0,1,0,0,1,1,0,0,0,1,0,2
2824,0,1.247217966963116,-1.5126238800701377,-0.4597497944881764,0,1,1,0,1,0,0,0,1,1,0,1,0,1,0,1,0,1,0,1,0,0,1,0,0,0,1,0,1,2
2825,0,-0.7073594915983407,-1.276648706046548,-0.8387479807235758,0,1,0,0,1,0,1,0,1,1,0,1,0,1,0,1,0,1,0,1,0,0,0,1,0,1,0,1,0,2
2826,0,-0.7888002190384014,-0.6966815529885713,-0.7443127769942385,0,0,1,0,1,0,0,0,0,0,0,0,0,0,0,0,0,0,0,0,0,1,0,0,0,1,0,1,0,1
2827,0,-1.2774445836787656,-0.4856333339674735,-0.9836545103423604,0,1,0,0,1,0,0,0,0,0,0,0,1,0,0,0,0,0,0,0,0,0,0,1,0,0,1,0,0,1
2828,0,-1.2774445836787656,-1.4727407520661506,-0.9967576430251978,0,1,0,0,1,0,0,0,1,1,0,1,0,1,0,1,0,1,0,1,0,0,1,0,0,0,1,0,0,2
2829,1,-0.9924020376385532,0.1641292930974807,-0.7583423938061653,1,1,0,0,1,0,0,1,0,0,0,0,0,0,0,0,0,0,0,0,0,0,0,1,0,1,0,0,0,1
2830,0,1.125056875803025,-0.1117290089300958,0.5993539199367112,0,1,0,0,1,0,0,0,0,0,1,0,1,0,1,0,0,0,0,0,0,0,1,0,0,1,0,0,1,0
2831,1,-0.8295205827584317,1.1080299891918384,-0.5380377033962396,1,0,1,0,1,0,1,1,0,0,0,0,1,0,1,0,0,0,1,0,0,0,0,1,0,1,0,0,0,1
2832,0,0.3106496014024181,0.1990270301009692,0.2832463587497446,0,1,1,0,1,0,1,0,0,0,0,0,1,0,0,0,1,0,1,0,0,1,0,0,1,0,0,1,0,1
2833,0,1.369379058123207,-0.1200379939309264,0.7666504826751588,0,0,0,0,1,0,0,0,0,0,1,0,1,0,1,0,0,0,0,0,0,0,1,1,0,0,0,0,1,0
2834,0,0.3920903288424788,-1.479387940066815,-0.6286125565877039,0,1,1,1,1,0,0,0,1,1,0,1,0,1,0,1,0,1,0,1,0,1,0,0,0,0,1,1,0,2
2835,1,1.369379058123207,-0.0303009559219556,0.8358720826057033,0,0,0,0,1,0,1,0,0,0,1,0,1,0,0,0,1,0,0,0,0,1,0,1,1,0,0,0,1,0
2836,0,0.6771328748826912,1.127971553193832,1.1650827764755072,0,1,0,0,1,0,1,1,0,0,0,0,1,0,0,0,0,0,1,0,1,0,0,0,0,1,0,0,1,0
2837,0,-1.2774445836787656,-1.4710789550659844,-0.996735583879267,1,0,0,0,1,0,0,0,1,1,0,1,0,1,0,1,0,1,0,1,0,0,0,0,0,0,1,0,0,2
2838,0,0.3513699651224484,-1.4876969250676455,-0.6482893147578906,0,0,0,0,1,0,0,0,1,1,0,1,0,1,0,1,0,1,0,1,0,0,1,0,0,0,1,1,0,2
2839,0,0.3513699651224484,-1.5109620830699717,-0.6650101473733631,0,0,1,1,1,0,0,0,1,1,0,1,0,1,0,1,0,1,0,1,0,0,1,0,0,0,0,1,0,2
2840,0,-0.3815965818380978,0.6526976111463211,-0.1512746977932329,0,0,1,1,1,0,0,1,0,0,1,0,1,0,0,0,1,0,0,0,0,0,0,0,0,0,1,1,0,1
2841,0,-1.1960038562387048,-1.3181936310507012,-0.9705734368054538,0,1,0,0,0,1,0,0,0,0,0,0,0,0,0,0,0,0,0,0,0,0,0,0,0,1,0,0,0,1
2842,0,-1.1552834925186746,-0.5487816199737862,-0.9165505884211634,0,0,0,0,0,1,0,0,0,0,1,0,0,0,1,0,1,0,0,0,1,0,0,0,0,0,1,0,0,1
2843,0,0.7992939660427822,-1.4926823160681442,-0.5334935193345148,0,0,1,1,1,0,0,0,1,1,0,1,0,1,0,1,0,1,0,1,0,0,1,0,0,0,1,0,1,2
2844,1,-1.1552834925186746,1.157883899196822,-0.8524025920546806,1,0,1,0,1,0,1,1,0,0,1,0,0,0,0,0,0,0,1,0,1,0,0,1,0,1,0,0,0,1
2845,0,-0.8702409464784621,0.9784098231788813,-0.5646410333886667,0,0,0,0,1,0,0,1,0,0,0,0,1,0,1,0,1,0,0,0,1,0,0,1,0,1,0,0,0,1
2846,0,-1.2367242199587352,-0.0868020539276039,-0.955882045615606,0,0,1,0,1,0,0,0,0,0,1,0,0,0,0,0,0,0,0,0,1,0,0,1,0,0,1,0,0,1
2847,0,-0.2594354906780068,0.4831943171293762,-0.1164433063686537,0,0,1,0,1,0,1,1,0,0,0,0,1,0,0,0,0,0,0,0,0,0,0,0,0,0,0,1,0,1
2848,0,-0.3408762181180675,-0.2828940999472064,-0.3641895743163733,0,1,1,1,1,0,0,0,0,0,1,0,0,0,1,0,0,0,0,0,0,1,0,1,1,0,0,1,0,1
2849,0,-0.8295205827584317,-1.477726143066649,-0.8969400076887689,0,0,0,0,1,0,0,0,1,1,0,1,0,1,0,1,0,1,0,1,0,0,0,0,0,0,1,0,0,2
2850,1,1.125056875803025,1.1379423351948288,1.6492148522166343,0,1,1,0,1,0,1,1,0,0,0,0,0,0,0,0,1,0,1,0,1,0,0,1,0,1,0,0,1,0
2851,0,1.2879383306831464,0.85876043916692,1.560779736180448,0,0,1,1,1,0,1,0,0,0,1,0,1,0,1,0,1,0,1,0,1,0,1,1,0,0,1,0,1,0
2852,0,1.369379058123207,0.7025515211513048,1.4627709508103373,0,1,1,0,1,0,0,0,0,0,1,0,1,0,1,0,1,0,1,0,1,0,1,1,0,0,0,0,1,0
2853,0,1.125056875803025,0.4798707231290441,1.0964567734850916,0,0,0,0,1,0,1,1,0,0,0,0,0,0,1,0,0,0,0,0,0,1,0,1,0,0,0,0,1,0
2854,0,-0.62591876415828,0.1857326540996401,-0.4756323795582822,0,1,1,1,1,0,1,0,0,0,1,0,0,0,1,0,0,0,1,0,0,1,0,1,0,0,0,1,0,1
2855,0,0.3920903288424788,-1.5093002860698053,-0.6231418883968898,0,1,1,1,1,0,0,0,1,1,0,1,0,1,0,1,0,1,0,1,0,0,1,0,0,0,1,1,0,2
2856,0,-1.2774445836787656,-0.4856333339674735,-0.9836545103423604,0,1,0,0,1,0,1,0,0,0,0,0,0,0,0,0,0,0,0,0,0,0,0,1,0,1,0,0,0,1
2857,0,0.5956921474426305,-0.0319627529221219,0.3209674982912458,0,0,1,1,1,0,0,0,0,0,0,0,1,0,0,0,1,0,0,0,1,0,1,0,0,0,0,1,0,1
2858,0,-0.9109613101984924,-1.4694171580658184,-0.894270851031154,0,0,1,0,1,0,0,0,1,1,0,1,0,1,0,1,0,1,0,1,0,0,0,1,0,0,1,0,0,2
2859,1,1.5322605130033284,0.7906267621601091,1.7765402425286492,0,1,1,0,1,0,1,0,0,0,1,0,1,0,1,0,1,0,1,0,1,0,1,1,1,0,0,0,1,0
2860,1,1.4100994218432374,1.217708591202803,2.012374571673789,0,1,0,0,1,0,1,1,0,0,0,0,0,0,1,0,0,0,1,0,1,0,0,1,1,0,0,0,1,0
2861,0,-1.2774445836787656,0.5712695581381809,-0.9696248935304336,1,0,0,0,1,0,0,1,0,0,0,0,0,0,0,0,0,0,0,0,1,0,0,1,0,1,0,0,0,1
2862,0,-1.0331224013585834,0.1524967140963176,-0.8067622191240572,1,1,1,0,1,0,0,1,0,0,0,0,0,0,0,0,0,0,0,0,0,0,0,1,0,1,0,0,0,1
2863,0,-1.2774445836787656,-0.6700928009859131,-0.9861030755406685,0,1,0,0,1,0,0,0,0,0,0,0,0,0,0,0,0,0,0,0,0,0,0,0,0,0,1,0,0,1
2864,0,-1.1552834925186746,-0.0336245499222879,-0.905984257520357,0,1,0,0,1,0,0,0,0,0,0,0,1,0,0,0,1,0,1,0,0,0,0,1,0,0,0,0,0,1
2865,0,1.369379058123207,1.478610720228884,2.118898187373152,0,0,1,1,1,0,1,1,0,0,1,0,1,0,1,0,0,0,1,0,1,0,1,0,0,0,0,0,1,0
2866,0,-0.8295205827584317,0.6593447991469852,-0.5569423914588516,0,0,0,0,1,0,0,1,0,0,0,0,1,0,0,0,0,0,0,0,1,0,0,1,0,1,0,0,0,1
2867,0,-0.3408762181180675,-1.4727407520661506,-0.773122021579736,0,0,0,0,1,0,0,0,1,1,0,1,0,1,0,1,0,1,0,1,0,1,0,0,1,0,0,1,0,2
2868,0,-0.2594354906780068,0.6975661301508063,-0.0587806989057974,0,1,0,0,1,0,0,1,0,0,0,0,1,0,0,0,0,0,1,0,0,0,0,1,0,1,0,1,0,1
2869,0,-1.0738427650786138,0.8753784091685812,-0.8049092508658783,1,0,0,0,1,0,0,1,0,0,0,0,0,0,0,0,0,0,1,0,1,0,0,1,0,1,0,0,0,1
2870,0,1.002895784642934,1.435403998224565,1.6280160129772296,0,1,1,0,1,0,1,1,0,0,0,0,0,0,1,0,1,0,1,0,1,0,1,0,0,1,0,0,1,0
2871,0,-0.748079855318371,0.7091987091519689,-0.4606762786172659,1,1,1,0,1,0,1,1,0,0,0,0,0,0,0,0,0,0,1,0,0,0,0,1,0,1,0,1,0,1
2872,0,0.3920903288424788,-1.3896509020578445,-0.5583100585065551,0,0,1,1,1,0,1,0,1,1,0,1,0,1,0,1,0,1,0,1,0,0,1,0,0,1,0,1,0,2
2873,0,-0.3001558543980371,0.9950277931805424,0.0363383383473916,1,1,0,0,1,0,1,1,0,0,0,0,0,0,0,0,0,0,1,0,1,0,0,1,0,0,0,1,0,1
2874,0,1.2879383306831464,-1.505976692069473,-0.465043989511545,0,0,1,0,1,0,0,0,1,1,0,1,0,1,0,1,0,1,0,1,0,0,1,0,1,0,0,0,1,2
2875,0,-0.4223169455581282,0.6759627691486464,-0.1791353991037101,1,1,1,0,1,0,1,1,0,0,0,0,0,0,0,0,0,0,0,0,1,0,0,1,0,1,0,1,0,1
2876,0,-0.5444780367182193,-1.4976677070686424,-0.8352626356665248,0,1,0,0,1,0,0,0,1,1,0,1,0,1,0,1,0,1,0,1,0,1,0,1,1,0,0,1,0,2
2877,0,1.1657772395230557,1.1429277261953277,1.6457515663055142,1,0,1,1,1,0,1,1,0,0,0,0,1,0,0,0,0,0,1,0,1,0,0,1,0,1,0,0,1,0
2878,0,-0.4223169455581282,0.7391110551549593,-0.1893046653777639,0,1,1,0,1,0,0,1,0,0,0,0,0,0,1,0,0,0,1,0,0,0,0,1,0,0,0,1,0,1
2879,1,1.5322605130033284,1.269224298207953,2.1272806628268186,1,1,1,0,1,0,1,1,0,0,0,0,1,0,1,0,0,0,1,0,1,0,0,1,0,1,0,0,1,0
2880,0,-0.8295205827584317,0.5047976781315361,-0.5454495764289555,0,1,0,0,1,0,0,1,0,0,0,0,0,0,0,0,0,0,0,0,1,0,0,1,0,0,0,0,0,1
2881,0,-0.055833672077855,-0.0253155649214573,-0.1627895719690596,0,0,1,0,1,0,0,0,0,0,1,0,0,0,0,0,1,0,0,0,1,1,0,1,0,1,0,1,0,1
2882,0,-0.8702409464784621,0.004596781081533,-0.6898487456913341,0,0,0,0,1,0,0,0,0,0,0,0,0,0,0,0,0,0,1,0,1,0,0,1,0,1,0,0,0,1
2883,0,1.4508197855632678,-1.2965902700485417,-0.2618792554897751,0,1,1,1,1,0,1,0,1,1,0,1,0,1,0,1,0,1,0,1,0,0,1,0,0,0,1,0,1,2
2884,1,1.6137012404433893,0.8438042661654253,1.9574031800144789,0,0,1,1,1,0,1,0,0,0,1,0,1,0,1,0,1,0,1,0,1,0,1,1,0,0,0,0,1,0
2885,1,1.4100994218432374,1.7062769092516428,2.4530280707855026,0,1,0,0,1,0,1,1,0,0,1,0,1,0,1,0,1,0,1,0,1,0,1,1,1,0,0,0,1,0
2886,0,1.125056875803025,1.3356961782145975,1.7457677339553193,0,0,0,0,1,0,0,1,0,0,1,0,0,0,1,0,1,0,1,0,1,0,0,1,0,0,0,0,1,0
2887,0,-1.2774445836787656,-0.6551366279844181,-0.985904543227292,1,1,0,0,1,0,0,0,0,0,0,0,0,0,0,0,0,0,0,0,0,0,0,1,0,0,1,0,0,1
2888,1,-1.2774445836787656,0.2073360151017999,-0.9744558464892576,1,0,0,1,1,0,0,1,0,0,0,0,0,0,0,0,0,0,0,0,0,0,0,1,0,1,0,0,0,1
2889,0,1.0436161483629645,-0.4906187249679718,0.2824081112043778,0,1,1,1,0,1,0,0,0,0,1,0,1,0,1,0,0,0,1,0,0,1,0,0,0,0,1,0,1,0
2890,1,0.5956921474426305,0.1923798421003046,0.4542047397126888,1,0,1,1,1,0,0,1,0,0,0,0,0,0,0,0,0,0,0,0,0,0,0,0,0,0,0,1,0,1
2891,0,-1.2774445836787656,0.4964886931307054,-0.9706175550973154,1,0,0,0,1,0,0,1,0,0,0,0,0,0,0,0,0,0,0,0,1,0,0,1,0,1,0,0,0,1
2892,0,-1.2774445836787656,-1.4727407520661506,-0.9967576430251978,0,1,0,0,1,0,0,0,1,1,0,1,0,1,0,1,0,1,0,1,0,0,0,0,0,0,1,0,0,2
2893,0,-0.4223169455581282,-0.1914952649380696,-0.4522276257258069,1,1,0,0,1,0,1,0,0,0,1,0,1,0,0,0,0,0,0,0,0,0,0,0,0,1,0,1,0,1
2894,0,0.6364125111626608,-0.1466267459335843,0.2720623717628784,1,0,0,0,1,0,0,0,0,0,1,0,0,0,1,0,1,0,0,0,0,1,0,1,1,0,0,1,0,1
2895,0,0.188488510242327,-1.4926823160681442,-0.6892310896052743,0,0,1,0,1,0,0,0,1,1,0,1,0,1,0,1,0,1,0,1,0,1,0,1,0,0,0,1,0,2
2896,0,-0.7888002190384014,-1.4893587220678115,-0.8938076089666093,0,1,0,0,1,0,0,0,1,1,0,1,0,1,0,1,0,1,0,1,0,1,0,1,0,1,0,1,0,2
2897,0,0.4328106925625091,-1.2733251120462157,-0.5160447349033292,0,1,0,0,1,0,1,0,1,1,0,1,0,1,0,1,0,1,0,1,0,0,1,0,0,0,0,1,0,2
2898,0,-1.0738427650786138,-0.0452571289234508,-0.8518952316982745,0,0,0,0,0,1,0,0,0,0,1,0,1,0,1,0,1,0,1,0,1,0,1,1,0,0,1,0,0,1
2899,0,1.5729808767233588,-0.359336761954848,0.7098261227576692,0,1,0,0,0,1,0,0,0,0,1,0,1,0,1,0,1,0,1,0,0,0,1,0,0,0,0,0,1,0
2900,1,-1.2774445836787656,0.1491731200959855,-0.975227916596832,1,0,1,1,1,0,0,1,0,0,0,0,0,0,0,0,0,0,0,0,0,0,0,1,0,1,0,0,0,1
2901,0,1.6137012404433893,1.0083221691818711,2.013301055802879,0,0,1,1,1,0,1,1,0,0,1,0,1,0,0,0,0,0,1,0,0,0,1,1,0,1,0,0,1,0
2902,1,-1.0738427650786138,0.3103674291120993,-0.80685045570778,0,0,0,0,1,0,0,1,0,0,1,0,0,0,0,0,0,0,0,0,0,0,0,1,0,1,0,0,0,1
2903,0,-0.8295205827584317,-0.9725398550161476,-0.8150785171399321,0,1,1,1,0,1,0,0,0,0,0,0,1,0,0,0,1,0,0,0,0,0,0,0,0,0,1,0,0,1
2904,0,-0.3001558543980371,0.2056742181016338,-0.2260552024983143,1,1,0,0,1,0,0,1,0,0,0,0,0,0,0,0,0,0,0,0,0,0,0,0,0,0,1,1,0,1
2905,0,-0.4630373092781585,0.4798707231290441,-0.2370406571718041,0,0,1,0,1,0,0,1,0,0,0,0,0,0,1,0,1,0,0,0,0,1,0,0,0,1,0,1,0,1
2906,0,-1.0738427650786138,-0.5305018529719588,-0.8745940928609673,0,0,1,1,1,0,0,0,0,0,0,0,0,0,0,0,1,0,0,0,0,0,0,1,0,0,1,0,0,1
2907,0,-0.5037576729981889,0.8055829351616043,-0.2026283895199082,1,1,1,0,1,0,0,1,0,0,0,0,0,0,0,0,0,0,1,0,1,0,0,1,0,0,1,1,0,1
2908,0,-0.5851984004382496,1.151236711196158,-0.2368200657124971,1,1,1,0,1,0,1,1,0,0,1,0,0,0,0,0,0,0,1,0,1,0,0,1,0,1,0,1,0,1
2909,0,0.4328106925625091,-0.3094828519498643,0.0725815151115358,0,0,0,0,1,0,0,0,0,0,0,0,1,0,0,0,1,0,0,0,0,1,0,0,0,1,0,1,0,1
2910,0,0.1070477828022663,-1.3082228490497043,-0.5867442976112307,0,0,1,1,1,0,1,0,1,1,0,1,0,1,0,1,0,1,0,1,0,0,1,1,1,0,0,1,0,2
2911,0,-1.2774445836787656,0.290425865110106,-0.9733528891927224,1,0,0,0,1,0,0,1,0,0,0,0,0,0,1,0,0,0,0,0,0,0,0,0,0,0,0,0,0,1
2912,1,-0.0151133083578247,0.9551446651765552,0.3048863809077638,0,1,1,0,1,0,1,1,0,0,0,0,1,0,1,0,0,0,0,0,1,0,0,1,0,1,0,1,0,1
2913,0,0.7992939660427822,-0.0286391589217896,0.4655431407210698,0,1,0,0,0,1,0,0,0,0,1,0,1,0,1,0,1,0,1,0,1,0,1,0,1,0,0,0,1,0
2914,0,-0.0151133083578247,0.0029349840813665,-0.1185830435239318,0,1,0,0,1,0,0,0,0,0,0,0,0,0,0,0,0,0,1,0,1,1,0,1,0,0,0,1,0,1
2915,0,1.6137012404433893,-0.0319627529221219,1.060853311952938,0,0,1,1,0,1,0,0,0,0,1,0,1,0,1,0,1,0,1,0,1,0,1,1,0,0,0,0,1,0
2916,0,0.758573602322752,-0.6750781919864114,-0.0433172376083748,0,1,0,0,0,1,0,0,0,0,1,0,0,0,0,0,1,0,0,0,1,0,0,1,1,0,0,0,1,1
2917,0,1.4508197855632678,-1.4893587220678115,-0.4308081950270948,0,1,1,1,1,0,0,0,1,1,0,1,0,1,0,1,0,1,0,1,0,0,1,1,0,0,0,0,1,2
2918,1,-0.9924020376385532,-0.7116377259900661,-0.8419244977375969,0,1,1,0,0,1,0,0,0,0,0,0,1,0,1,0,0,0,0,0,1,0,0,1,0,0,1,0,0,1
2919,0,0.6771328748826912,-0.5022513039691348,0.0574268818571433,0,1,1,0,0,1,0,0,0,0,0,0,1,0,0,0,0,0,1,0,1,0,1,0,1,0,0,0,1,0
2920,0,1.6137012404433893,0.6759627691486464,1.709877503526066,0,0,1,0,1,0,0,0,0,0,1,0,1,0,1,0,1,0,1,0,1,0,1,0,0,0,1,0,1,0
2921,0,-0.9516816739185228,1.0216165451832002,-0.6399950758879465,1,1,0,0,1,0,1,1,0,0,0,0,0,0,0,0,0,0,1,0,1,0,0,1,0,1,0,0,0,1
2922,0,-0.1779947632379461,0.9169233341727344,0.1425751851496549,1,0,1,0,1,0,0,1,0,0,1,0,0,0,0,0,0,0,1,0,1,0,0,1,0,0,1,1,0,1
2923,0,0.880734693482843,0.8321716871642622,1.0532208474609148,0,1,0,0,1,0,0,1,0,0,1,0,0,0,1,0,0,0,1,0,0,0,0,0,0,0,1,0,1,0
2924,0,-0.8702409464784621,0.3253236021135945,-0.6419142215839175,1,1,0,0,1,0,0,1,0,0,0,0,1,0,0,0,0,0,0,0,0,0,0,1,0,1,0,0,0,1
2925,0,0.7178532386027215,1.272547892208285,1.26785633736665,0,0,1,1,1,0,0,1,0,0,0,0,0,0,1,0,1,0,1,0,1,1,0,0,0,0,1,0,1,0
2926,0,1.4915401492832985,1.7029533152513108,2.604353811870121,0,0,1,0,1,0,1,1,0,0,1,0,1,0,1,0,1,0,1,0,1,0,1,1,0,1,0,0,1,0
2927,0,-1.2774445836787656,0.1707764810981453,-0.974941147699733,0,1,0,0,1,0,0,1,0,0,0,0,0,0,0,0,0,0,0,0,0,0,0,1,0,1,0,0,0,1
2928,0,1.4508197855632678,1.0083221691818711,1.9428220845542843,0,1,1,1,1,0,0,1,0,0,1,0,1,0,0,0,1,0,0,0,1,0,1,0,0,0,0,0,1,0
2929,0,0.3106496014024181,-0.8146691400003658,-0.3157476898525506,0,1,0,1,0,1,0,0,0,0,1,0,1,0,0,0,1,0,0,0,0,1,0,0,0,0,1,1,0,1
2930,0,-0.055833672077855,-1.2965902700485417,-0.6724220204060791,0,1,1,1,1,0,1,0,1,1,0,1,0,1,0,1,0,1,0,1,0,0,1,0,0,0,1,1,0,2
2931,1,0.0256070553622056,1.3489905542159264,0.5229410384327579,0,0,0,1,1,0,1,1,0,0,0,0,1,0,1,0,0,0,1,0,1,0,0,1,0,0,0,1,0,0
2932,1,0.9214550572028734,1.6231870592433366,1.7704519182517753,0,1,1,0,1,0,1,1,0,0,0,0,1,0,1,0,1,0,1,0,1,0,1,1,0,1,0,0,1,0
2933,0,1.4508197855632678,-1.3547531650543558,-0.2715191022614922,0,1,1,1,1,0,1,0,1,1,0,1,0,1,0,1,0,1,0,1,0,0,1,1,0,0,0,0,1,2
2934,0,-0.8295205827584317,-1.5076384890696393,-0.9183814975334118,0,0,1,1,1,0,0,0,1,1,0,1,0,1,0,1,0,1,0,1,0,0,0,0,0,0,0,0,0,2
2935,0,1.5729808767233588,0.7091987091519689,1.6615679739378275,0,1,1,0,1,0,0,0,0,0,1,0,1,0,1,0,1,0,1,0,1,0,1,1,0,0,0,0,1,0
2936,0,0.3106496014024181,1.259253516206956,0.8066657733934529,0,1,0,0,1,0,1,1,0,0,0,0,1,0,1,0,0,0,1,0,1,0,0,1,0,0,1,1,0,0
2937,0,1.2879383306831464,0.9335413041743956,1.6328249067901226,0,0,1,1,1,0,1,1,0,0,0,0,1,0,1,0,0,0,0,0,1,1,0,1,0,1,0,0,1,0
2938,0,0.8400143297628127,1.0963974101906755,1.2191938614435205,0,1,1,0,1,0,1,1,0,0,0,0,1,0,0,0,1,0,0,0,1,1,0,0,0,0,0,0,1,0
2939,1,-0.8295205827584317,0.6327560471443273,-0.5514717232680374,1,1,0,0,1,0,0,1,0,0,0,0,1,0,1,0,1,0,0,0,0,0,0,1,0,0,1,0,0,1
2940,1,0.8400143297628127,-0.3427187919531868,0.2535988666188805,1,1,0,0,0,1,0,0,0,0,0,0,1,0,1,0,0,0,1,0,1,0,0,1,0,1,0,0,1,0
2941,0,1.6137012404433893,1.1030445981913404,2.132905745039148,0,1,1,0,1,0,1,1,0,0,1,0,1,0,1,0,0,0,1,0,0,0,1,1,1,0,0,0,1,0
2942,0,0.5549717837226001,-1.4893587220678115,-0.6056048673819813,0,1,0,0,1,0,0,0,1,1,0,1,0,1,0,1,0,1,0,1,0,0,1,0,0,1,0,1,0,2
2943,0,0.3106496014024181,-1.3348116010523623,-0.5760897301267013,0,1,0,0,1,0,1,0,1,1,0,1,0,1,0,1,0,1,0,1,0,0,1,1,0,0,1,1,0,2
2944,0,-0.8295205827584317,-0.4590445819648154,-0.7385332807603945,0,1,0,0,0,1,0,0,0,0,1,0,1,0,0,0,1,0,1,0,0,0,0,1,0,0,0,0,0,1
2945,0,-0.9516816739185228,0.360221339117083,-0.7139152739017305,0,1,0,0,1,0,0,1,0,0,1,0,0,0,0,0,0,0,0,0,0,0,0,0,0,1,0,0,0,1
2946,0,0.758573602322752,0.531386430134194,0.810526123931326,0,0,1,1,1,0,1,1,0,0,0,0,0,0,0,0,1,0,0,0,0,0,0,1,0,1,0,0,1,0
2947,0,0.6771328748826912,0.8521132511662559,0.9771829714377832,0,1,1,1,1,0,0,1,0,0,0,0,1,0,1,0,0,0,1,0,0,0,0,1,1,0,0,0,1,0
2948,1,0.3513699651224484,1.1645310871974868,0.8733505715419668,1,1,1,0,1,0,1,1,0,0,0,0,0,0,1,0,0,0,1,0,1,0,0,1,0,1,0,1,0,0
2949,0,0.9621754209229036,-0.1499503399339166,0.4425133923694165,0,0,0,0,1,0,0,0,0,0,1,0,0,0,1,0,1,0,0,0,0,1,0,1,1,0,0,0,1,0
2950,0,-1.1552834925186746,-1.481049737066981,-0.9812059451440526,0,1,0,0,1,0,0,0,1,1,0,1,0,1,0,1,0,1,0,1,0,0,0,1,0,1,0,0,0,2
2951,0,-0.5037576729981889,-0.0203301739209587,-0.4435142630831794,0,1,1,0,1,0,0,0,0,0,1,0,0,0,0,0,1,0,0,0,1,1,0,1,0,0,1,1,0,1
2952,0,-0.2594354906780068,-1.479387940066815,-0.7878575310614452,0,0,1,1,1,0,0,0,1,1,0,1,0,1,0,1,0,1,0,1,0,0,0,1,1,0,0,1,0,2
2953,0,-0.5037576729981889,1.3656085242175875,-0.0176845100368986,1,0,1,1,1,0,1,1,0,0,0,0,1,0,1,0,0,0,1,0,1,0,0,1,0,0,0,1,0,1
2954,0,-1.0331224013585834,0.3552359481165849,-0.7936811455871506,1,0,0,0,1,0,1,1,0,0,0,0,0,0,0,0,0,0,0,0,0,0,0,0,0,0,1,0,0,1
2955,0,-1.0331224013585834,0.966777244177718,-0.7253639706397651,1,1,0,0,1,0,1,1,0,0,0,0,0,0,0,0,0,0,1,0,1,0,0,1,0,1,0,0,0,1
2956,0,0.758573602322752,1.1379423351948288,1.216965887704519,0,1,0,0,1,0,0,1,0,0,0,0,1,0,1,0,0,0,1,0,1,0,0,1,0,1,0,0,1,0
2957,0,-1.1552834925186746,0.5164302571326987,-0.8627483314961801,0,0,0,0,1,0,1,1,0,0,0,0,1,0,0,0,0,0,0,0,0,0,0,1,0,0,1,0,0,1
2958,0,-1.2774445836787656,-1.502653098069141,-0.9971547076519502,0,0,0,0,1,0,0,0,1,1,0,1,0,1,0,1,0,1,0,1,0,0,0,0,1,0,0,0,0,2
2959,0,-0.2187151269579764,1.1961052302006432,0.2266867085834235,0,1,1,1,1,0,1,1,0,0,1,0,1,0,0,0,1,0,1,0,0,0,0,0,0,1,0,1,0,1
2960,0,-0.4223169455581282,1.1961052302006432,-0.0815016192144209,1,1,0,0,1,0,1,1,0,0,1,0,0,0,0,0,0,0,1,0,1,0,0,1,0,1,0,1,0,1
2961,0,-0.8295205827584317,-0.3659839499555126,-0.7196065335518517,0,1,0,0,1,0,0,0,0,0,0,0,1,0,0,0,1,0,0,0,0,0,0,1,0,0,1,0,0,1
2962,0,-1.1960038562387048,-1.1221015850310987,-0.9638453972965896,1,0,1,1,0,1,0,0,0,0,0,0,0,0,0,0,1,0,0,0,0,0,0,1,0,0,1,0,0,1
2963,0,0.0663274190822359,-1.30157566104904,-0.6011489199039793,0,0,1,1,1,0,1,0,1,1,0,1,0,1,0,1,0,1,0,1,0,1,0,1,1,0,0,1,0,2
2964,0,-0.3408762181180675,-0.2130986259402292,-0.4115505606295915,0,1,1,0,1,0,1,0,0,0,1,0,0,0,0,0,1,0,0,0,0,1,0,1,0,1,0,1,0,1
2965,0,0.758573602322752,0.5064594751317021,0.8658725210714587,1,1,0,0,1,0,1,1,0,0,0,0,0,0,1,0,0,0,0,0,0,0,0,0,1,0,0,0,1,0
2966,1,-0.748079855318371,-0.6119299059800988,-0.7089960843591838,0,0,0,0,0,1,0,0,0,0,0,0,0,0,0,0,0,0,1,0,1,0,0,1,0,1,0,1,0,1
2967,0,1.0843365120829946,1.6281724502438353,1.8889315910455784,0,1,1,0,1,0,1,1,0,0,1,0,1,0,1,0,1,0,1,0,1,0,1,0,0,1,0,0,1,0
2968,0,-1.1960038562387048,0.8521132511662559,-0.8873442792089133,0,1,0,0,1,0,0,1,0,0,0,0,1,0,1,0,0,0,0,0,1,0,0,0,0,1,0,0,0,1
2969,0,1.3286586944031769,1.48027251722905,2.2314218907656653,0,0,1,1,1,0,1,1,0,0,1,0,0,0,1,0,1,0,1,0,1,0,1,0,0,1,0,0,1,0
2970,1,-1.1145631287986442,0.182409060099308,-0.8593512230228519,1,1,0,0,1,0,0,1,0,0,0,0,0,0,0,0,0,0,0,0,0,0,0,1,0,0,1,0,0,1
2971,0,1.0843365120829946,0.8487896571659234,1.2857463047164497,0,0,1,1,1,0,1,0,0,0,1,0,1,0,1,0,1,0,1,0,1,0,1,0,1,0,0,0,1,0
2972,0,1.6137012404433893,0.0162293600826957,0.9702122813236816,0,1,1,1,0,1,0,0,0,0,1,0,1,0,1,0,1,0,1,0,1,0,1,1,1,0,0,0,1,0
2973,0,1.2064976032430856,1.17616366619865,1.7663047988168032,1,0,1,1,1,0,0,1,0,0,0,0,1,0,1,0,0,0,1,0,1,0,0,1,0,1,0,0,1,0
2974,0,-0.1779947632379461,0.9883806051798778,0.1675020200513487,1,1,0,0,1,0,1,1,0,0,1,0,1,0,0,0,0,0,0,0,1,0,0,1,1,0,0,1,0,1
2975,0,-1.1960038562387048,-0.1366559639325876,-0.9189109170357486,0,1,0,0,1,0,0,0,0,0,0,0,0,0,0,0,1,0,0,0,1,0,0,0,0,0,1,0,0,1
2976,0,-0.5444780367182193,-1.3514295710540236,-0.8120122958555643,0,1,0,1,1,0,1,0,1,1,0,1,0,1,0,1,0,1,0,1,0,0,0,1,1,0,0,1,0,2
2977,0,-1.2774445836787656,-1.504314895069307,-0.997176766797881,0,1,0,0,1,0,0,0,1,1,0,1,0,1,0,1,0,1,0,1,0,0,0,1,0,0,1,0,0,2
2978,0,-0.3408762181180675,0.7042133181514708,-0.0761412467532602,0,1,0,0,1,0,0,1,0,0,0,0,1,0,1,0,1,0,0,0,0,0,0,1,0,1,0,1,0,1
2979,1,1.002895784642934,-0.3742929349563432,0.333563270617677,0,1,0,0,1,0,0,0,0,0,0,0,0,0,1,0,1,0,0,0,0,1,0,1,0,1,0,0,1,0
2980,0,1.6137012404433893,-1.3065610520495383,-0.182333975263662,0,0,0,0,1,0,1,0,1,1,0,1,0,1,0,1,0,1,0,1,0,0,1,0,1,0,0,0,1,2
2981,0,1.4100994218432374,-1.4710789550659844,-0.3744691363200806,0,1,0,0,1,0,0,0,1,1,0,1,0,1,0,1,0,1,0,1,0,0,1,0,0,0,0,0,1,2
2982,0,0.7992939660427822,-1.4594463760648215,-0.5330082181240394,0,1,1,1,1,0,0,0,1,1,0,1,0,1,0,1,0,1,0,1,0,1,0,1,1,0,0,0,1,2
2983,0,1.5729808767233588,0.8354952811645946,1.843004449217856,0,1,1,1,1,0,1,0,0,0,1,0,1,0,1,0,1,0,1,0,1,0,1,0,1,0,0,0,1,0
2984,0,-0.2594354906780068,-1.288281285047711,-0.7039886582329143,0,0,1,0,1,0,1,0,1,1,0,1,0,1,0,1,0,1,0,1,0,1,0,0,0,0,1,1,0,2
2985,0,0.1070477828022663,1.609892683242008,0.7210321688904662,0,0,0,0,1,0,1,1,0,0,1,0,1,0,1,0,1,0,1,0,1,0,1,1,0,0,1,1,0,0
2986,0,0.9214550572028734,0.142525932095321,0.6895096493554922,0,0,1,1,1,0,0,1,0,0,0,0,0,0,0,0,0,0,0,0,0,0,1,1,1,0,0,0,1,0
2987,0,0.0256070553622056,-1.4843733310673135,-0.7100328642179269,0,0,1,1,1,0,0,0,1,1,0,1,0,1,0,1,0,1,0,1,0,0,1,0,0,0,1,1,0,2
2988,0,1.6137012404433893,1.4919050962302134,2.47085186069751,0,1,1,0,1,0,1,1,0,0,1,0,1,0,1,0,0,0,1,0,1,0,1,1,0,1,0,0,1,0
2989,0,-1.2774445836787656,-1.5142856770703037,-0.9973091216734652,0,1,0,1,1,0,0,0,1,1,0,1,0,1,0,1,0,1,0,1,0,0,0,1,0,0,1,0,0,2
2990,0,-0.9109613101984924,-1.0257173590214634,-0.8741087916504919,1,1,0,0,0,1,0,0,0,0,0,0,0,0,0,0,0,0,0,0,1,0,0,1,0,0,1,0,0,1
2991,1,0.188488510242327,0.8388188751649267,0.4817786721260669,0,0,1,0,1,0,0,1,0,0,0,0,0,0,1,0,1,0,1,0,0,0,0,0,0,1,0,1,0,1
2992,0,-0.8295205827584317,-1.0223937650211312,-0.8105784513700687,0,1,0,0,0,1,0,0,0,0,0,0,1,0,0,0,1,0,0,0,0,0,0,0,0,0,1,0,0,1
2993,0,-1.2774445836787656,-1.4744025490663168,-0.9967797021711284,0,1,1,1,1,0,0,0,1,1,0,1,0,1,0,1,0,1,0,1,0,1,0,0,0,0,1,0,0,2
2994,0,1.2064976032430856,-0.8695084410058479,0.0290367610443292,0,1,1,0,0,1,0,0,0,0,1,0,1,0,0,0,1,0,0,0,0,0,1,1,1,0,0,0,1,0
2995,0,-1.2774445836787656,-1.3132082400502028,-0.9946399650158504,0,0,0,0,0,1,0,0,0,0,0,0,0,0,0,0,0,0,0,0,0,0,0,0,0,0,0,0,0,1
2996,0,-0.5851984004382496,-0.1383177609327537,-0.4956179657714987,0,0,0,0,1,0,1,0,0,0,1,0,0,0,1,0,0,0,0,0,0,0,0,1,0,0,1,1,0,1
2997,1,1.4915401492832985,0.8371570781647607,1.704473012773044,1,1,1,0,1,0,1,1,0,0,0,0,1,0,0,0,0,0,1,0,0,0,0,1,0,1,0,0,1,0
2998,0,-1.2367242199587352,0.3319707901142591,-0.9418965470955406,0,1,0,0,1,0,0,1,0,0,0,0,1,0,0,0,0,0,0,0,0,0,0,1,0,1,0,0,0,1
2999,0,-0.5444780367182193,-1.4677553610656522,-0.8227109816319551,0,1,1,1,1,0,0,0,1,1,0,1,0,1,0,1,0,1,0,1,0,0,0,0,0,0,1,1,0,2
3000,0,-0.8295205827584317,0.6543594081464871,-0.5383244722933387,1,1,0,0,1,0,1,1,0,0,0,0,0,0,0,0,0,0,1,0,0,0,0,1,0,1,0,0,0,1
3001,0,-0.9516816739185228,-1.4744025490663168,-0.9255727791068208,0,1,0,0,1,0,0,0,1,1,0,1,0,1,0,1,0,1,0,1,0,0,0,0,0,0,1,0,0,2
3002,0,-0.2187151269579764,0.5629605731373504,-0.0296405671313393,0,1,0,0,1,0,0,0,0,0,1,0,0,0,1,0,1,0,1,0,1,1,0,0,0,1,0,1,0,1
3003,0,-0.2187151269579764,0.4898415051300408,-0.0437584205269889,1,1,0,1,1,0,1,1,0,0,0,0,0,0,0,0,1,0,0,0,0,0,0,1,0,1,0,1,0,1
3004,0,-1.2774445836787656,0.8105683261621028,-0.9664483765164124,1,1,1,1,1,0,0,1,0,0,0,0,0,0,0,0,0,0,1,0,1,0,0,0,0,0,1,0,0,1
3005,1,-0.3408762181180675,-1.477726143066649,-0.8028577502943228,0,0,0,0,1,0,0,0,1,1,0,1,0,1,0,1,0,1,0,1,0,0,0,1,0,0,1,1,0,2
3006,1,-0.748079855318371,0.3386179781149237,-0.548383442837739,1,1,0,0,1,0,1,1,0,0,0,0,0,0,0,0,0,0,0,0,0,0,0,1,0,1,0,1,0,1
3007,1,-0.0151133083578247,0.3203382111130964,-0.0012283871725947,1,0,0,0,1,0,0,1,0,0,0,0,1,0,0,0,0,0,0,0,0,0,0,1,0,1,0,1,0,1
3008,0,-0.8702409464784621,-1.4876969250676455,-0.9122711141106072,0,0,0,0,1,0,0,0,1,1,0,1,0,1,0,1,0,1,0,1,0,1,0,0,0,0,1,0,0,2
3009,0,-1.2774445836787656,-1.3215172250510334,-0.9947502607455038,0,1,0,0,1,0,1,0,1,1,0,1,0,1,0,1,0,1,0,1,0,0,0,1,0,0,1,0,0,2
3010,1,0.2292088739623573,0.5214156481331973,0.3895273238438692,0,1,0,1,1,0,1,1,0,0,1,0,0,0,0,0,0,0,0,0,0,0,0,1,0,0,1,1,0,1
3011,0,-0.9516816739185228,-1.4960059100684764,-0.9128446519048056,0,0,1,1,1,0,0,0,1,1,0,1,0,1,0,1,0,1,0,1,0,0,1,0,0,0,1,0,0,2
3012,0,0.880734693482843,0.0295237360840249,0.5677872821098758,0,1,1,1,1,0,1,0,0,0,1,0,1,0,0,0,1,0,0,0,0,0,1,1,1,0,0,0,1,0
3013,0,-0.1372743995179157,0.2073360151017999,-0.0880752447017703,0,0,0,0,1,0,1,0,0,0,0,0,0,0,0,0,0,0,1,0,1,1,0,1,1,0,0,1,0,1
3014,1,0.4735310562825394,0.8122301231622688,0.7766873940736284,0,1,1,0,1,0,1,1,0,0,0,0,0,0,1,0,0,0,1,0,0,0,0,1,0,1,0,1,0,0
3015,0,1.0843365120829946,0.7308020701541287,1.2821947822216069,0,1,1,1,1,0,0,0,0,0,1,0,1,0,1,0,1,0,1,0,1,0,1,1,0,1,0,0,1,0
3016,0,-1.1960038562387048,-0.3144682429503628,-0.9192418042247092,1,0,0,0,1,0,0,0,0,0,0,0,0,0,0,0,0,0,0,0,1,0,0,1,0,1,0,0,0,1
3017,0,-0.5851984004382496,-0.1084054149297635,-0.5260154688640067,0,0,1,1,1,0,0,0,0,0,1,0,1,0,0,0,1,0,0,0,0,1,0,1,0,0,1,1,0,1
3018,1,1.4100994218432374,-1.3181936310507012,-0.2680558163503718,0,1,0,0,1,0,1,0,1,1,0,1,0,1,0,1,0,1,0,1,0,0,1,0,1,0,0,0,1,2
3019,0,-0.4223169455581282,-0.3194536339508612,-0.4736911747163804,1,0,1,1,1,0,0,0,0,0,0,0,1,0,0,0,1,0,0,0,0,0,0,0,0,1,0,1,0,1
3020,0,0.0256070553622056,-1.0207319680209652,-0.5143241215207344,0,1,0,1,0,1,0,0,0,0,1,0,0,0,0,0,1,0,0,0,0,1,0,0,1,0,0,1,0,1
3021,0,-1.1145631287986442,-1.4893587220678115,-0.9585512022732208,0,1,0,0,1,0,0,0,1,1,0,1,0,1,0,1,0,1,0,1,0,0,0,0,0,0,1,0,0,2
3022,0,-1.2367242199587352,-1.4893587220678115,-0.988948705365729,0,0,0,0,1,0,0,0,1,1,0,1,0,1,0,1,0,1,0,1,0,0,0,0,0,0,1,0,0,2
3023,0,1.6137012404433893,0.82884809316393,1.79101104225919,0,1,1,1,1,0,1,0,0,0,1,0,1,0,1,0,1,0,1,0,1,0,1,0,1,0,0,0,1,0
3024,0,-0.9516816739185228,-1.4744025490663168,-0.9245580583940084,0,1,0,1,1,0,0,0,1,1,0,1,0,1,0,1,0,1,0,1,0,0,0,0,0,0,1,0,0,2
3025,0,1.4100994218432374,-1.2783105030467143,-0.2606660024635865,0,1,1,1,1,0,1,0,1,1,0,1,0,1,0,1,0,1,0,1,0,0,1,0,0,0,1,0,1,2
3026,0,-0.6666391278783103,0.6709773781481484,-0.3977194761310411,1,0,1,0,1,0,1,1,0,0,0,0,0,0,0,0,0,0,1,0,0,0,0,1,0,1,0,1,0,1
3027,0,-0.9924020376385532,-1.46443176706532,-0.9450730641095618,0,0,0,0,1,0,0,0,1,1,0,1,0,1,0,1,0,1,0,1,0,0,0,1,0,0,1,0,0,2
3028,0,-1.1145631287986442,-0.7149613199903985,-0.9091607745343782,1,1,0,0,0,1,0,0,0,0,1,0,1,0,1,0,1,0,0,0,0,0,0,1,0,0,1,0,0,1
3029,0,-0.3815965818380978,-0.5454580259734538,-0.5349714821118718,1,1,1,1,1,0,1,0,0,0,0,0,0,0,0,0,0,0,0,0,0,1,0,1,1,0,0,1,0,1
3030,0,-1.2774445836787656,0.4915033021302069,-0.9706837325351072,1,1,0,0,1,0,0,1,0,0,0,0,0,0,0,0,0,0,1,0,0,0,0,1,0,1,0,0,0,1
3031,1,0.7178532386027215,0.2089978121019659,0.5140291434767539,1,0,1,0,1,0,0,1,0,0,0,0,0,0,0,0,0,0,0,0,0,0,0,1,0,1,0,0,1,0
3032,0,-0.62591876415828,-1.505976692069473,-0.84296127759634,0,1,0,0,1,0,0,0,1,1,0,1,0,1,0,1,0,1,0,1,0,0,1,0,1,0,0,1,0,2
3033,0,1.4508197855632678,1.5301264272340338,2.326739460332231,0,0,1,0,1,0,1,1,0,0,1,0,1,0,1,0,0,0,1,0,1,0,1,1,0,0,0,0,1,0
3034,0,-1.2774445836787656,0.6560212051466532,-0.9684998770879678,1,1,0,0,1,0,1,1,0,0,0,0,0,0,0,0,0,0,1,0,0,0,0,0,0,1,0,0,0,1
3035,1,-0.3001558543980371,0.1508349170961516,-0.2058710839717216,0,0,1,0,1,0,0,1,0,0,0,0,0,0,0,0,0,0,0,0,0,0,0,1,0,1,0,1,0,1
3036,0,1.4100994218432374,-0.5122220859701314,0.4595430530279188,0,1,0,0,0,1,0,0,0,0,1,0,0,0,1,0,1,0,1,0,0,1,0,1,0,0,0,0,1,0
3037,0,-0.0151133083578247,-1.4760643460664828,-0.6936429187914149,0,1,0,0,1,0,0,0,1,1,0,1,0,1,0,1,0,1,0,1,0,1,0,0,1,0,0,1,0,2
3038,1,1.4100994218432374,1.3572995392167568,2.1319792609100583,0,0,1,0,1,0,1,1,0,0,1,0,1,0,0,0,0,0,1,0,1,1,0,1,0,1,0,0,1,0
3039,1,1.6137012404433893,-0.0103593919199621,1.041794209868811,0,1,1,0,0,1,0,0,0,0,1,0,1,0,1,0,1,0,1,0,1,0,1,1,1,0,0,0,1,0
3040,0,1.5729808767233588,1.4570073592267243,2.3873138750579392,1,1,1,0,1,0,1,1,0,0,0,0,1,0,1,0,1,0,1,0,1,0,1,1,1,0,0,0,1,0
3041,0,-1.2774445836787656,-0.4939423189683041,-0.983764806072014,0,1,0,1,1,0,0,0,0,0,0,0,1,0,0,0,0,0,0,0,0,0,0,1,0,1,0,0,0,1
3042,0,0.5549717837226001,-1.1453667430334245,-0.3969032877316051,1,1,0,0,0,1,0,0,0,0,0,0,1,0,0,0,0,0,0,0,0,0,0,0,0,0,0,1,0,1
3043,1,-1.2367242199587352,-1.1420431490330922,-0.97108079716186,1,0,0,0,0,1,0,0,0,0,0,0,0,0,1,0,0,0,0,0,0,0,0,1,0,1,0,0,0,1
3044,0,-1.2774445836787656,-0.6435040489832552,-0.9857501292057772,1,0,0,0,1,0,0,0,0,0,0,0,0,0,0,0,0,0,0,0,0,0,0,1,0,0,1,0,0,1
3045,0,0.6364125111626608,0.0295237360840249,0.3595268853781138,0,0,1,0,1,0,0,0,0,0,0,0,1,0,1,0,0,0,0,0,1,1,0,1,0,1,0,1,0,1
3046,0,1.1657772395230557,1.2808568772091151,1.870004843837036,0,0,1,0,1,0,1,1,0,0,0,0,0,0,1,0,1,0,1,0,1,1,0,1,0,0,0,0,1,0
3047,0,-0.0151133083578247,0.6443886261454905,0.1350971346791466,1,0,1,0,1,0,0,1,0,0,0,0,1,0,0,0,0,0,0,0,1,0,0,0,0,0,0,1,0,1
3048,0,-1.2367242199587352,-0.6750781919864114,-0.9692940063414732,0,0,0,0,1,0,0,0,0,0,0,0,0,0,0,0,0,0,0,0,0,0,0,0,0,1,0,0,0,1
3049,0,-1.1960038562387048,-1.4960059100684764,-0.9798162189504184,1,0,0,0,1,0,0,0,1,1,0,1,0,1,0,1,0,1,0,1,0,0,0,0,0,1,0,0,0,2
3050,0,-1.1145631287986442,0.6859335511496436,-0.8178800286731313,1,0,0,0,1,0,0,1,0,0,0,0,0,0,0,0,1,0,0,0,1,0,0,1,1,0,0,0,0,1
3051,0,1.5729808767233588,0.8354952811645946,1.7925110641824775,0,0,1,1,1,0,1,0,0,0,1,0,1,0,1,0,1,0,1,0,1,0,1,0,0,0,0,0,1,0
3052,0,0.188488510242327,-0.3227772279511935,-0.1098476217353736,0,1,1,0,1,0,1,0,0,0,1,0,0,0,0,0,0,0,0,0,0,0,0,1,0,0,1,1,0,1
3053,0,1.3286586944031769,1.307445629211773,1.9501677801492088,0,1,1,1,1,0,1,1,0,0,0,0,0,0,1,0,1,0,1,0,1,0,1,1,0,0,0,0,1,0
3054,0,1.4100994218432374,1.3905354792200797,2.1904580567723504,0,0,0,1,1,0,1,1,0,0,0,0,1,0,0,0,1,0,1,0,1,1,0,1,0,0,0,0,1,0
3055,0,0.6771328748826912,0.3469269631157543,0.6170232958272039,1,1,0,1,1,0,1,1,0,0,0,0,0,0,0,0,0,0,0,0,0,0,0,0,1,0,0,0,1,0
3056,0,0.7178532386027215,0.1907180451001386,0.5324705894748213,0,1,1,1,1,0,1,0,0,0,1,0,0,0,0,0,1,0,1,0,0,0,1,1,1,0,0,0,1,0
3057,0,-0.3001558543980371,-1.5009913010689746,-0.8243874767226884,0,1,1,1,1,0,0,0,1,1,0,1,0,1,0,1,0,1,0,1,0,1,0,0,0,1,0,1,0,2
3058,0,-0.62591876415828,-0.2961884759485353,-0.5921708475101835,1,0,0,1,1,0,1,0,0,0,0,0,0,0,1,0,0,0,0,0,0,1,0,1,0,0,1,1,0,1
3059,0,1.2879383306831464,-1.3530913680541898,-0.3179094861537594,0,0,1,1,1,0,1,0,1,1,0,1,0,1,0,1,0,1,0,1,0,0,1,1,0,0,1,0,1,2
3060,0,-0.3001558543980371,-0.8861264110075091,-0.5776559294877812,0,1,1,0,0,1,0,0,0,0,0,0,0,0,1,0,0,0,1,0,0,1,0,1,1,0,0,1,0,1
3061,1,-0.3815965818380978,1.3838882912194153,0.0898979446671373,1,1,0,0,1,0,1,1,0,0,0,0,1,0,1,0,0,0,1,0,1,0,0,1,0,1,0,1,0,1
3062,1,-0.3408762181180675,-1.0140847800203006,-0.6403921405146991,0,1,1,0,0,1,0,0,0,0,0,0,0,0,1,0,1,0,0,0,0,0,0,0,0,0,1,1,0,1
3063,0,0.188488510242327,1.1728400721983174,0.675369736813912,0,0,0,0,1,0,1,1,0,0,0,0,0,0,1,0,0,0,1,0,1,0,0,1,0,1,0,1,0,0
3064,0,-0.4630373092781585,0.1292315560939922,-0.347005499636356,0,0,0,0,1,0,0,1,0,0,0,0,0,0,0,0,0,0,0,0,0,0,0,1,0,1,0,1,0,1
3065,0,-1.2774445836787656,-0.6302096729819263,-0.9855736560383316,0,1,0,0,1,0,0,0,0,0,0,0,0,0,0,0,0,0,0,0,0,0,0,1,0,0,1,0,0,1
3066,0,-0.9109613101984924,0.3652067301175816,-0.6628483510721542,0,0,0,0,1,0,1,1,0,0,0,0,0,0,0,0,0,0,0,0,0,0,0,1,0,0,1,0,0,1
3067,0,-1.0738427650786138,0.6526976111463211,-0.7603277169399285,1,1,0,0,1,0,0,1,0,0,0,0,1,0,0,0,0,0,0,0,1,0,0,1,0,1,0,0,0,1
3068,0,0.758573602322752,1.0515288911861906,1.1608915387486736,0,1,1,0,1,0,1,1,0,0,1,0,1,0,0,0,0,0,0,0,1,1,0,1,1,0,0,0,1,0
3069,0,-0.9109613101984924,-1.4694171580658184,-0.9231242139085128,0,0,0,0,1,0,0,0,1,1,0,1,0,1,0,1,0,1,0,1,0,0,0,1,0,0,1,0,0,2
3070,0,-1.0738427650786138,-0.4590445819648154,-0.8700719679451734,0,0,0,0,0,1,0,0,0,0,1,0,1,0,0,0,1,0,0,0,1,0,0,0,1,0,0,0,0,1
3071,0,0.5956921474426305,0.8554368451665879,0.8994024228861265,0,1,1,1,1,0,1,0,0,0,1,0,1,0,1,0,1,0,1,0,1,0,1,1,0,0,1,1,0,0
3072,0,1.1657772395230557,0.4865179111297087,1.1209644846141025,0,0,1,1,1,0,1,0,0,0,1,0,1,0,1,0,1,0,0,0,1,1,0,1,0,1,0,0,1,0
3073,0,0.7992939660427822,-0.1998042499389002,0.3347765236438657,0,0,0,0,0,1,0,0,0,0,1,0,1,0,1,0,0,0,1,0,1,0,1,1,0,0,0,0,1,0
3074,0,0.1070477828022663,-0.1765390919365744,-0.0630160549244922,0,0,1,1,1,0,1,0,0,0,1,0,1,0,0,0,0,0,0,0,0,0,0,1,1,0,0,1,0,1
3075,0,1.5729808767233588,1.3606231332170895,2.290805111611116,0,1,1,0,1,0,1,1,0,0,0,0,1,0,1,0,0,0,1,0,1,1,0,1,0,0,0,0,1,0
3076,0,-1.0738427650786138,-0.2828940999472064,-0.8341155600781284,1,0,0,0,1,0,0,0,0,0,1,0,1,0,0,0,0,0,0,0,0,0,0,0,0,1,0,0,0,1
3077,0,0.5142514200025698,-0.3809401229570078,0.0072864431566565,0,1,1,0,1,0,0,0,0,0,1,0,0,0,1,0,0,0,0,0,0,0,1,0,1,0,0,1,0,1
3078,1,-1.2367242199587352,0.6909189421501416,-0.9230800956166516,1,0,0,0,1,0,1,1,0,0,0,0,0,0,0,0,0,0,1,0,0,0,0,1,0,1,0,0,0,1
3079,0,-1.1552834925186746,0.1292315560939922,-0.8905207962229346,1,0,0,0,1,0,0,0,0,0,0,0,1,0,0,0,0,0,1,0,1,0,0,1,0,0,0,0,0,1
3080,0,-1.2367242199587352,-1.3447823830533592,-0.9888163504901448,0,1,0,0,0,1,0,0,0,0,0,0,0,0,0,0,0,0,0,0,0,0,0,0,0,0,1,0,0,1
3081,0,-1.1552834925186746,0.4350022041245586,-0.8737779044615314,1,1,0,0,1,0,0,1,0,0,0,0,0,0,0,0,0,0,1,0,0,0,0,0,0,1,0,0,0,1
3082,0,0.758573602322752,-0.1615829189350795,0.3370044973828665,0,1,0,0,1,0,1,0,0,0,1,0,0,0,0,0,1,0,0,0,0,1,0,0,1,0,0,0,1,0
3083,0,1.125056875803025,-1.3564149620545218,-0.3411818851106505,0,1,1,1,1,0,1,0,1,1,0,1,0,1,0,1,0,1,0,1,0,1,0,0,1,0,0,0,1,2
3084,0,-0.9516816739185228,-1.4827115340671475,-0.9335581899337352,0,1,0,0,1,0,0,0,1,1,0,1,0,1,0,1,0,1,0,1,0,1,0,1,0,0,1,0,0,2
3085,0,-1.1960038562387048,1.3489905542159264,-0.8631674552688635,1,1,0,0,1,0,1,1,0,0,0,0,1,0,1,0,0,0,1,0,1,0,0,1,0,0,0,0,0,1
3086,0,-0.62591876415828,1.0266019361836989,-0.2822398471838135,0,1,0,0,1,0,1,1,0,0,0,0,0,0,1,0,1,0,0,0,1,0,0,1,0,0,0,1,0,1
3087,0,-0.9924020376385532,0.7407728521551253,-0.6695543314350878,1,0,0,0,1,0,1,1,0,0,0,0,0,0,0,0,0,0,1,0,0,0,0,1,0,1,0,0,0,1
3088,0,0.5549717837226001,0.5396954151350245,0.6911640853002948,0,1,1,1,1,0,0,0,0,0,1,0,0,0,1,0,1,0,1,0,1,0,1,0,0,0,1,1,0,0
3089,0,1.4508197855632678,0.5878875281398422,1.485403634535238,0,0,0,0,1,0,0,0,0,0,1,0,1,0,1,0,1,0,1,0,1,0,1,1,1,0,0,0,1,0
3090,0,-1.2774445836787656,-0.3742929349563432,-0.9821765475650034,1,1,0,0,1,0,0,0,0,0,0,0,0,0,0,0,0,0,1,0,0,0,0,1,0,0,1,0,0,1
3091,0,-1.1552834925186746,-1.4710789550659844,-0.9709043239944144,0,0,1,0,1,0,0,0,1,1,0,1,0,1,0,1,0,1,0,1,0,1,0,0,0,0,0,0,0,2
3092,0,-1.2774445836787656,-1.3181936310507012,-0.9947061424536424,1,0,0,0,0,1,0,0,0,0,0,0,0,0,0,0,0,0,0,0,0,0,0,1,0,0,1,0,0,1
3093,0,-0.1779947632379461,-0.344380588953353,-0.3366818193407873,0,1,0,1,1,0,0,0,0,0,0,0,1,0,0,0,1,0,0,0,0,1,0,1,1,0,0,1,0,1
3094,0,0.2699292376823877,-0.2047896409393986,-0.0243684312539015,0,0,0,0,1,0,0,0,0,0,0,0,1,0,0,0,0,0,1,0,0,1,0,1,1,0,0,1,0,1
3095,0,-0.8702409464784621,0.6659919871476498,-0.6136785147926184,0,1,0,0,1,0,0,1,0,0,0,0,0,0,1,0,0,0,0,0,1,0,0,0,0,1,0,0,0,1
3096,0,1.5729808767233588,-0.1117290089300958,0.8958729595372141,0,0,1,0,0,1,0,0,0,0,0,0,1,0,1,0,1,0,1,0,1,0,1,1,1,0,0,0,1,0
3097,0,-1.2367242199587352,-1.4744025490663168,-0.9868530865023124,0,1,0,1,1,0,0,0,1,1,0,1,0,1,0,1,0,1,0,1,0,0,0,0,0,0,1,0,0,2
3098,1,-0.0965540357978854,0.4948268961305394,0.0376839462491645,1,1,1,0,1,0,0,1,0,0,0,0,1,0,1,0,0,0,0,0,0,0,0,1,0,0,1,1,0,1
3099,0,-0.62591876415828,-1.4827115340671475,-0.8497554945429964,0,0,0,0,1,0,0,0,1,1,0,1,0,1,0,1,0,1,0,1,0,1,0,0,0,0,1,1,0,2
3100,0,0.9214550572028734,0.9867188081797118,1.2323852307100804,0,0,1,0,1,0,1,1,0,0,0,0,1,0,1,0,0,0,1,0,0,0,0,1,1,0,0,0,1,0
3101,0,1.0436161483629645,0.4998122871310375,0.991389061417156,0,0,0,0,1,0,1,1,0,0,1,0,0,0,0,0,0,0,0,0,0,0,0,1,0,0,0,0,1,0
3102,0,-1.1145631287986442,-0.3510277769540174,-0.8697851990480742,1,0,0,0,1,0,0,0,0,0,1,0,0,0,0,0,1,0,0,0,0,0,0,0,0,1,0,0,0,1
3103,1,-1.2774445836787656,-1.505976692069473,-0.9971988259438118,1,0,0,0,1,0,0,0,1,1,0,1,0,1,0,1,0,1,0,1,0,0,0,1,0,1,0,0,0,2
3104,1,-0.9516816739185228,0.3087056321119333,-0.706459282577153,0,1,0,0,1,0,1,1,0,0,0,0,0,0,0,0,0,0,0,0,0,0,0,1,0,1,0,0,0,1
3105,0,-0.2594354906780068,-0.518869273970796,-0.4599042085096914,0,1,0,0,1,0,0,0,0,0,0,0,0,0,0,0,1,0,0,0,0,0,0,0,0,0,0,1,0,1
3106,0,0.7178532386027215,-1.5076384890696393,-0.5540305841959988,0,0,0,0,1,0,0,0,1,1,0,1,0,1,0,1,0,1,0,1,0,0,1,0,1,0,0,0,1,2
3107,0,1.6137012404433893,1.624848856243503,2.60430969357826,0,0,1,0,1,0,1,1,0,0,1,0,1,0,1,0,1,0,1,0,1,0,1,1,0,0,0,0,1,0
3108,0,0.4328106925625091,1.3705939152180862,0.9937935083236024,0,0,0,1,1,0,0,1,0,0,1,0,1,0,0,0,1,0,1,0,1,1,0,1,1,0,0,1,0,0
3109,0,0.9621754209229036,-1.289943082047877,-0.3686896400862366,0,1,0,0,1,0,1,0,1,1,0,1,0,1,0,1,0,1,0,1,0,0,1,1,0,0,0,0,1,2
3110,0,-1.2774445836787656,-1.517609271070636,-0.9973532399653268,0,0,0,0,1,0,0,0,1,1,0,1,0,1,0,1,0,1,0,1,0,0,0,0,0,0,1,0,0,2
3111,0,1.6137012404433893,1.284180471209448,2.246907411209018,1,1,1,1,1,0,1,1,0,0,0,0,1,0,1,0,0,0,1,0,1,0,1,1,0,1,0,0,1,0
3112,0,1.6137012404433893,1.1894580421999783,2.2259291634289204,0,1,1,0,1,0,1,1,0,0,1,0,1,0,0,0,1,0,0,0,1,0,1,1,0,0,0,0,1,0
3113,0,0.1477681465222966,1.0182929511828682,0.5269778621380763,0,1,1,0,1,0,1,1,0,0,0,0,0,0,0,0,0,0,1,0,1,0,0,1,0,1,0,1,0,1
3114,0,-1.1145631287986442,0.3452651661155883,-0.8325493607170483,0,1,0,0,1,0,0,0,0,0,0,0,0,0,1,0,1,0,1,0,1,0,0,0,0,0,0,0,0,1
3115,0,-0.7888002190384014,0.6543594081464871,-0.5387435960660221,1,0,0,0,1,0,1,1,0,0,0,0,1,0,1,0,0,0,0,0,0,0,0,1,0,1,0,1,0,1
3116,1,0.4735310562825394,0.8105683261621028,0.7548708987481637,0,0,0,0,1,0,0,1,0,0,0,0,1,0,1,0,0,0,0,0,1,1,0,0,1,0,0,1,0,0
3117,1,1.5322605130033284,1.433742201224399,2.2924374884099885,0,0,1,1,1,0,1,1,0,0,0,0,1,0,1,0,1,0,1,0,1,1,0,1,0,1,0,0,1,0
3118,0,0.4735310562825394,-1.504314895069307,-0.6371715052088165,0,1,0,0,1,0,0,0,1,1,0,1,0,1,0,1,0,1,0,1,0,1,0,0,1,0,0,1,0,2
3119,1,-0.0151133083578247,0.7042133181514708,0.1539135861580358,1,0,1,0,1,0,1,1,0,0,0,0,0,0,0,0,0,0,1,0,0,0,0,1,1,0,0,1,0,1
3120,0,1.4915401492832985,-1.3231790220511994,-0.2476731655104028,0,0,1,0,1,0,1,0,1,1,0,1,0,1,0,1,0,1,0,1,0,0,1,1,1,0,0,0,1,2
3121,1,-0.6666391278783103,-0.1782008889367407,-0.5540526433419295,1,0,0,0,1,0,0,0,0,0,0,0,0,0,0,0,1,0,1,0,0,0,0,0,0,1,0,1,0,1
3122,1,1.4508197855632678,-1.504314895069307,-0.479205961199056,0,1,1,1,1,0,0,0,1,1,0,1,0,1,0,1,0,1,0,1,0,1,0,0,0,0,0,0,1,2
3123,0,-0.6666391278783103,0.1724382780983114,-0.4739338253216181,0,1,0,0,1,0,0,1,0,0,0,0,0,0,0,0,0,0,0,0,0,0,0,1,1,0,0,1,0,1
3124,0,1.4508197855632678,0.6011819041411709,1.542691236517272,0,1,1,1,1,0,0,0,0,0,1,0,1,0,0,0,1,0,1,0,1,0,1,0,0,0,0,0,1,0
3125,0,-1.1552834925186746,-1.520932865070968,-0.9709705014322064,0,1,0,0,1,0,0,0,1,1,0,1,0,1,0,1,0,1,0,1,0,0,0,0,0,0,1,0,0,2
3126,0,-0.2594354906780068,-0.8611994560050172,-0.553501164693662,0,0,1,1,0,1,0,0,0,0,1,0,1,0,0,0,1,0,0,0,0,0,0,0,1,0,0,1,0,1
3127,0,-0.1372743995179157,-1.1353959610324276,-0.6279728413557136,1,0,0,0,0,1,0,0,0,0,0,0,1,0,0,0,0,0,0,0,0,0,0,1,0,1,0,1,0,1
3128,0,-1.1145631287986442,-1.4760643460664828,-0.951955517639941,0,1,0,1,1,0,0,0,1,1,0,1,0,1,0,1,0,1,0,1,0,0,0,0,1,0,0,0,0,2
3129,0,1.5322605130033284,1.0049985751815391,1.907306859605853,0,1,1,0,1,0,1,1,0,0,0,0,1,0,1,0,0,0,1,0,0,1,0,1,0,0,0,0,1,0
3130,0,-0.3408762181180675,0.3203382111130964,-0.2500776124168493,0,1,1,0,1,0,0,0,0,0,1,0,0,0,0,0,1,0,1,0,1,1,0,0,0,0,0,1,0,1
3131,1,1.6137012404433893,0.4549437681265523,1.5011318055838287,0,0,1,0,1,0,1,0,0,0,1,0,1,0,1,0,1,0,0,0,1,0,1,0,0,0,0,0,1,0
3132,0,-1.2774445836787656,0.3170146171127639,-0.9729999428578312,0,1,0,0,1,0,0,1,0,0,0,0,0,0,0,0,1,0,0,0,0,0,0,1,0,0,1,0,0,1
3133,0,1.5322605130033284,-0.4557209879644833,0.5979862528890076,0,1,1,0,0,1,0,0,0,0,0,0,1,0,1,0,1,0,0,0,1,1,0,1,0,0,0,0,1,0
3134,0,0.1477681465222966,-1.5142856770703037,-0.6956723602170395,0,0,1,1,1,0,0,0,1,1,0,1,0,1,0,1,0,1,0,1,0,0,0,0,0,0,0,1,0,2
3135,1,0.2292088739623573,1.156222102196656,0.64170748012366,1,0,0,0,1,0,1,1,0,0,0,0,0,0,0,0,1,0,1,0,1,0,0,1,0,1,0,1,0,0
3136,0,-0.62591876415828,0.1741000750984774,-0.5008459833570752,1,0,0,0,1,0,0,1,0,0,0,0,0,0,0,0,0,0,0,0,0,0,0,1,0,1,0,1,0,1
3137,0,0.3513699651224484,1.4736253292283856,0.9593591815257756,0,0,1,1,1,0,1,1,0,0,0,0,1,0,1,0,1,0,1,0,1,1,0,1,0,0,0,1,0,0
3138,0,-1.2774445836787656,-0.6468276429835875,-0.9857942474976384,1,0,0,0,1,0,0,0,0,0,0,0,0,0,0,0,0,0,0,0,0,0,0,1,0,1,0,0,0,1
3139,0,-1.2367242199587352,-1.160322916034919,-0.9724264050636328,1,1,0,0,0,1,0,0,0,0,0,0,0,0,0,0,1,0,0,0,0,0,0,0,0,0,0,0,0,1
3140,0,-0.748079855318371,0.3884718881199074,-0.5127358630137239,0,1,0,0,1,0,0,1,0,0,0,0,0,0,1,0,0,0,0,0,0,0,0,0,0,1,0,1,0,1
3141,1,-1.2367242199587352,1.0083221691818711,-0.9262566126306726,1,1,0,0,1,0,0,1,0,0,0,0,1,0,1,0,1,0,0,0,1,0,0,1,1,0,0,0,0,1
3142,0,-1.2774445836787656,-1.4943441130683104,-0.9970444119222968,1,1,0,0,1,0,0,0,1,1,0,1,0,1,0,1,0,1,0,1,0,0,0,0,0,0,1,0,0,2
3143,0,-0.7888002190384014,0.2671607071077802,-0.5954576602538582,0,1,1,1,1,0,1,0,0,0,0,0,1,0,1,0,1,0,1,0,0,0,0,1,0,1,0,1,0,1
3144,0,-1.0738427650786138,-1.522594662071134,-0.9571835352255174,0,1,0,0,1,0,0,0,1,1,0,1,0,1,0,1,0,1,0,1,0,0,0,0,0,0,1,0,0,2
3145,0,-1.1552834925186746,0.395119076120572,-0.8586012120612081,1,0,0,0,1,0,0,1,0,0,0,0,1,0,0,0,0,0,0,0,0,0,0,1,0,0,0,0,0,1
3146,0,-1.1145631287986442,1.1429277261953277,-0.8006077174093913,1,0,1,1,1,0,0,1,0,0,0,0,1,0,0,0,1,0,1,0,1,0,0,1,0,0,1,0,0,1
3147,0,-0.7073594915983407,1.2293411702039656,-0.2692690693765605,0,0,1,0,1,0,0,1,0,0,1,0,0,0,1,0,0,0,1,0,1,0,0,0,0,1,0,1,0,1
3148,0,0.5956921474426305,0.3552359481165849,0.5582577310678124,0,0,0,0,1,0,0,1,0,0,1,0,0,0,0,0,0,0,0,0,0,0,0,0,1,0,0,1,0,1
3149,0,-0.9924020376385532,-0.0219919709211252,-0.7834015835834434,0,0,0,0,1,0,0,0,0,0,0,0,0,0,1,0,1,0,0,0,1,0,0,0,0,0,1,0,0,1
3150,0,-0.62591876415828,-1.299913864048874,-0.8115711129369504,0,1,0,0,0,1,0,0,0,0,0,0,0,0,0,0,0,0,0,0,0,0,0,1,0,0,1,1,0,1
3151,0,-0.7073594915983407,0.3436033691154218,-0.4977356437808461,0,1,1,1,1,0,0,1,0,0,1,0,0,0,0,0,0,0,0,0,0,0,0,0,0,0,1,1,0,1
3152,0,-0.2594354906780068,1.0332491241843629,0.0863023038804327,0,0,0,0,1,0,0,1,0,0,1,0,0,0,1,0,1,0,0,0,1,1,0,1,0,0,0,1,0,1
3153,0,-0.3815965818380978,-0.344380588953353,-0.4546320726322534,0,0,0,0,1,0,1,0,0,0,1,0,0,0,0,0,0,0,0,0,0,0,0,0,0,1,0,1,0,1
3154,1,-1.1552834925186746,0.2654989101076142,-0.8655939613212408,0,0,0,0,1,0,0,1,0,0,0,0,1,0,0,0,0,0,0,0,0,0,0,0,0,1,0,0,0,1
3155,0,-0.1372743995179157,-1.4926823160681442,-0.7697249131064078,0,1,0,1,1,0,0,0,1,1,0,1,0,1,0,1,0,1,0,1,0,1,0,0,0,0,1,1,0,2
3156,0,-0.3001558543980371,-1.519271068070802,-0.8022621533541939,0,0,0,0,1,0,0,0,1,1,0,1,0,1,0,1,0,1,0,1,0,0,0,0,0,0,1,1,0,2
3157,0,-0.9516816739185228,-0.6584602219847502,-0.8156299957881996,1,1,0,0,1,0,0,0,0,0,0,0,0,0,0,0,0,0,0,0,0,0,0,0,0,0,1,0,0,1
3158,0,-0.5851984004382496,-0.5055748979694671,-0.6182668171462046,1,1,1,0,1,0,0,0,0,0,0,0,0,0,1,0,0,0,0,0,0,0,0,1,0,0,1,1,0,1
3159,1,-1.1960038562387048,1.0000131841810405,-0.8576526687861878,0,1,0,0,1,0,1,1,0,0,0,0,0,0,0,0,0,0,1,0,1,0,0,1,0,1,0,0,0,1
3160,0,1.4915401492832985,-0.6152534999804311,0.3713285284510396,0,0,1,1,0,1,0,0,0,0,1,0,1,0,1,0,1,0,0,0,0,0,1,0,0,0,0,0,1,0
3161,0,-0.748079855318371,-1.5093002860698053,-0.8624836217450117,0,1,0,0,1,0,0,0,1,1,0,1,0,1,0,1,0,1,0,1,0,1,0,0,0,0,1,1,0,2
3162,0,-0.5444780367182193,0.1608056990971482,-0.3905281945576321,0,1,0,0,1,0,1,0,0,0,0,0,0,0,0,0,0,0,1,0,1,0,0,0,0,0,1,1,0,1
3163,1,0.2699292376823877,0.8620840331672525,0.50008776324855,0,1,0,0,1,0,1,1,0,0,0,0,1,0,0,0,0,0,0,0,1,0,0,0,0,1,0,1,0,1
3164,0,-0.055833672077855,1.217708591202803,0.3811448483902022,0,1,0,0,1,0,0,1,0,0,0,0,1,0,1,0,0,0,1,0,1,0,0,1,0,1,0,1,0,1
3165,0,-0.3408762181180675,-1.479387940066815,-0.8117696452503267,0,1,1,1,1,0,0,0,1,1,0,1,0,1,0,1,0,1,0,1,0,1,0,0,0,0,1,1,0,2
3166,0,-0.748079855318371,-0.5305018529719588,-0.7126579025836803,0,1,1,0,1,0,0,0,0,0,0,0,0,0,0,0,1,0,0,0,0,0,0,0,0,0,0,1,0,1
3167,0,1.2879383306831464,0.3186764141129299,1.0940523265786453,0,0,1,0,1,0,0,0,0,0,1,0,1,0,1,0,1,0,0,0,1,0,1,1,0,0,1,0,1,0
3168,0,0.7178532386027215,-1.5093002860698053,-0.5500378787825417,0,0,0,0,1,0,0,0,1,1,0,1,0,1,0,1,0,1,0,1,0,1,0,1,0,0,1,0,1,2
3169,0,0.7992939660427822,0.1325551500943243,0.5307940943840879,0,1,1,1,1,0,0,0,0,0,0,0,1,0,1,0,1,0,1,0,0,1,0,1,0,1,0,0,1,0
3170,0,-0.1779947632379461,1.177825463198816,0.1803183838370867,0,1,0,0,1,0,1,1,0,0,0,0,1,0,0,0,0,0,1,0,1,1,0,0,0,1,0,1,0,1
3171,0,-0.4630373092781585,-1.4594463760648215,-0.8137549683840899,0,0,0,0,1,0,0,0,1,1,0,1,0,1,0,1,0,1,0,1,0,0,1,1,1,0,0,1,0,2
3172,0,-0.3001558543980371,1.034910921184529,0.0745668382452991,1,1,0,1,1,0,0,1,0,0,0,0,1,0,0,0,0,0,1,0,1,0,0,1,0,1,0,1,0,1
3173,0,-0.62591876415828,-1.5093002860698053,-0.8703366776963418,0,0,1,0,1,0,0,0,1,1,0,1,0,1,0,1,0,1,0,1,0,1,0,0,0,0,1,1,0,2
3174,0,1.0436161483629645,-0.6567984249845842,0.1807154484638394,0,1,1,0,0,1,0,0,0,0,0,0,0,0,0,0,0,0,1,0,1,1,0,1,1,0,0,0,1,0
3175,1,-0.62591876415828,0.5563133851366857,-0.4193594982890601,1,1,1,0,1,0,0,1,0,0,0,0,0,0,0,0,0,0,0,0,1,0,0,0,0,0,0,1,0,1
3176,0,0.758573602322752,-1.304899255049372,-0.4405142192366039,0,0,1,0,1,0,1,0,1,1,0,1,0,1,0,1,0,1,0,1,0,0,1,0,0,0,1,0,1,2
3177,0,1.6137012404433893,-0.5271782589716266,0.5502723202408981,0,1,1,1,0,1,0,0,0,0,1,0,0,0,1,0,1,0,1,0,0,0,1,0,0,0,1,0,1,0
3178,0,0.7992939660427822,0.642726829145324,0.912770265320132,1,1,1,0,1,0,0,1,0,0,1,0,0,0,0,0,0,0,1,0,0,0,0,0,0,1,0,0,1,0
3179,0,-0.2187151269579764,-1.5009913010689746,-0.758210038930581,0,0,0,0,1,0,0,0,1,1,0,1,0,1,0,1,0,1,0,1,0,0,1,1,0,0,1,1,0,2
3180,0,-1.1960038562387048,-1.4876969250676455,-0.9777206000870016,0,0,0,0,1,0,0,0,1,1,0,1,0,1,0,1,0,1,0,1,0,0,0,0,0,0,1,0,0,2
3181,0,1.2879383306831464,0.5496661971360212,1.25717971073619,0,0,1,0,1,0,1,0,0,0,1,0,1,0,1,0,1,0,0,0,1,0,1,1,0,0,1,0,1,0
3182,0,0.5142514200025698,1.0116457631822036,0.8850419188852391,0,0,1,0,1,0,0,1,0,0,0,0,0,0,0,0,1,0,1,0,1,0,1,1,1,0,0,1,0,0
3183,1,-1.1960038562387048,-0.9409657120129912,-0.9644409942367188,1,1,1,0,0,1,0,0,0,0,0,0,0,0,0,0,0,0,1,0,0,0,0,1,0,0,1,0,0,1
3184,0,1.5729808767233588,0.6161380771426661,1.5947728800596608,0,0,1,0,1,0,1,0,0,0,0,0,1,0,1,0,1,0,1,0,1,0,1,1,1,0,0,0,1,0
3185,1,-1.2774445836787656,-1.3198554280508674,-0.994728201599573,1,0,0,0,0,1,0,0,0,0,0,0,0,0,0,0,0,0,0,0,0,0,0,0,0,0,1,0,0,1
3186,0,1.0436161483629645,-1.477726143066649,-0.4936767609295969,0,0,1,1,1,0,0,0,1,1,0,1,0,1,0,1,0,1,0,1,0,0,1,0,1,0,0,0,1,2
3187,0,0.0663274190822359,0.8338334841644282,0.358247454914133,0,1,1,1,1,0,0,1,0,0,0,0,1,0,1,0,0,0,1,0,0,0,0,1,0,1,0,1,0,1
3188,0,-0.9924020376385532,-0.4956041159684701,-0.8445054178114891,1,0,0,0,1,0,0,0,0,0,1,0,0,0,0,0,0,0,0,0,0,0,0,1,0,1,0,0,0,1
3189,0,-0.7073594915983407,-1.4943441130683104,-0.8853589560751501,0,0,1,1,1,0,0,0,1,1,0,1,0,1,0,1,0,1,0,1,0,0,0,0,0,0,1,1,0,2
3190,0,1.369379058123207,-0.3360716039525224,0.5965965266953733,0,1,1,1,0,1,0,0,0,0,0,0,0,0,1,0,1,0,1,0,1,0,1,0,0,0,0,0,1,0
3191,1,-0.8295205827584317,-1.1769408860365806,-0.8376009051351793,0,1,0,0,0,1,0,0,0,0,0,0,1,0,0,0,0,0,0,0,0,0,0,1,1,0,0,0,0,1
3192,0,1.0436161483629645,-1.51594747407047,-0.5489349214860066,0,1,0,0,1,0,0,0,1,1,0,1,0,1,0,1,0,1,0,1,0,0,1,1,0,0,0,0,1,2
3193,0,-1.1960038562387048,-1.517609271070636,-0.9828383219429244,0,0,1,1,1,0,0,0,1,1,0,1,0,1,0,1,0,1,0,1,0,0,1,0,0,0,1,0,0,2
3194,1,0.4328106925625091,-0.3061592579495322,0.027558798266972,1,0,1,0,0,1,0,0,0,0,0,0,1,0,1,0,0,0,1,0,1,0,0,0,1,0,0,1,0,1
3195,0,-0.9516816739185228,0.5247392421335293,-0.7172903232291279,0,0,0,0,1,0,0,1,0,0,0,0,1,0,1,0,0,0,0,0,0,0,0,0,0,1,0,0,0,1
3196,0,-1.1960038562387048,-1.479387940066815,-0.9743676099055348,0,0,0,0,1,0,0,0,1,1,0,1,0,1,0,1,0,1,0,1,0,1,0,0,0,0,1,0,0,2
3197,0,-0.4223169455581282,0.1574821050968162,-0.3447995850432858,1,0,1,1,1,0,0,0,0,0,0,0,1,0,0,0,0,0,1,0,1,1,0,1,0,0,0,1,0,1
3198,0,0.3106496014024181,1.3705939152180862,0.8377691691557435,0,1,1,0,1,0,1,1,0,0,0,0,1,0,1,0,0,0,1,0,1,1,0,1,0,0,0,1,0,0
3199,0,1.4508197855632678,-1.304899255049372,-0.2020327925797793,0,0,0,0,1,0,1,0,1,1,0,1,0,1,0,1,0,1,0,1,0,0,1,0,0,0,0,0,1,2
3200,0,0.880734693482843,1.3140928172124378,1.322849788171891,1,1,1,0,1,0,1,1,0,0,0,0,1,0,1,0,0,0,1,0,1,0,0,1,0,1,0,0,1,0
3201,0,0.7178532386027215,0.4931650991303729,0.7696284673758036,0,0,0,0,1,0,1,0,0,0,0,0,1,0,0,0,1,0,1,0,1,0,1,1,0,0,1,0,1,0
3202,0,-1.2774445836787656,-0.3161300399505289,-0.9814044774574288,0,1,0,0,1,0,0,0,0,0,0,0,0,0,0,0,0,0,0,0,1,0,0,1,0,1,0,0,0,1
3203,0,1.6137012404433893,0.7740087921584478,1.87108574198764,0,0,1,0,1,0,1,0,0,0,1,0,1,0,1,0,1,0,1,0,1,0,1,0,0,0,0,0,1,0
3204,0,0.3106496014024181,-1.4744025490663168,-0.6286125565877039,0,1,0,1,1,0,0,0,1,1,0,1,0,1,0,1,0,1,0,1,0,1,0,1,0,0,0,1,0,2
3205,0,1.6137012404433893,1.7561308192566265,2.659964918761422,0,0,1,1,1,0,1,1,0,0,1,0,1,0,1,0,1,0,1,0,1,0,1,1,0,0,0,0,1,0
3206,0,-1.0738427650786138,-1.4876969250676455,-0.9576026589982009,0,0,0,0,1,0,0,0,1,1,0,1,0,1,0,1,0,1,0,1,0,0,0,0,0,0,1,0,0,2
3207,0,-1.1145631287986442,-1.4993295040688086,-0.9651689460524316,0,0,0,0,1,0,0,0,1,1,0,1,0,1,0,1,0,1,0,1,0,0,0,1,1,0,0,0,0,2
3208,0,0.6364125111626608,0.1923798421003046,0.5032863394085019,0,1,1,0,1,0,1,0,0,0,0,0,1,0,1,0,0,0,0,0,1,1,0,1,1,0,0,1,0,0
3209,0,-1.2774445836787656,0.966777244177718,-0.9643748167989264,1,0,0,0,1,0,1,1,0,0,0,0,0,0,0,0,0,0,1,0,1,0,0,1,0,1,0,0,0,1
3210,0,1.2879383306831464,0.0345091270845229,0.788952279211099,0,0,1,1,1,0,0,0,0,0,1,0,0,0,0,0,1,0,1,0,0,1,0,0,0,0,1,0,1,0
3211,0,-0.62591876415828,-1.4860351280674795,-0.8567041255111676,0,0,0,0,1,0,0,0,1,1,0,1,0,1,0,1,0,1,0,1,0,1,0,0,1,0,0,1,0,2
3212,0,0.3106496014024181,0.5064594751317021,0.3922185396474149,0,1,1,0,1,0,0,1,0,0,0,0,1,0,1,0,0,0,0,0,0,0,0,1,0,1,0,1,0,1
3213,0,0.3513699651224484,-0.9758634490164798,-0.3826530794603712,0,0,1,1,0,1,0,0,0,0,1,0,0,0,1,0,0,0,0,0,0,1,0,0,1,0,0,1,0,1
3214,1,0.758573602322752,0.4931650991303729,0.7477899129044081,0,1,0,0,1,0,1,1,0,0,0,0,1,0,0,0,0,0,0,0,0,1,0,1,0,0,0,0,1,0
3215,0,0.3513699651224484,0.5147684601325326,0.5114482234028618,0,1,1,0,1,0,1,1,0,0,0,0,1,0,0,0,0,0,0,0,0,0,0,1,0,1,0,1,0,1
3216,0,-1.2774445836787656,-0.4756625519664766,-0.9835221554667763,1,0,1,1,1,0,0,0,0,0,0,0,0,0,1,0,0,0,0,0,0,0,0,0,0,0,1,0,0,1
3217,0,-1.2367242199587352,-1.4727407520661506,-0.9870516188156888,0,0,0,0,1,0,0,0,1,1,0,1,0,1,0,1,0,1,0,1,0,0,0,1,0,0,1,0,0,2
3218,0,1.4508197855632678,0.4931650991303729,1.4037186171538465,0,1,0,0,1,0,0,1,0,0,0,0,1,0,1,0,0,0,0,0,0,1,0,0,1,0,0,0,1,0
3219,0,-0.3408762181180675,-1.33148800705203,-0.7535334999932721,0,0,1,1,1,0,1,0,1,1,0,1,0,1,0,1,0,1,0,1,0,0,1,0,0,0,1,1,0,2
3220,0,1.5322605130033284,0.4167224371227313,1.4199320894129128,0,1,1,0,1,0,1,0,0,0,1,0,0,0,1,0,1,0,0,0,1,0,1,0,1,0,0,0,1,0
3221,0,-1.1960038562387048,-1.1636465100352518,-0.9630512680430844,0,1,0,0,0,1,0,0,0,0,0,0,0,0,0,0,1,0,0,0,0,0,0,1,0,1,0,0,0,1
3222,0,-1.2367242199587352,-0.6601220189849164,-0.9567864705987648,0,1,0,0,1,0,0,0,0,0,0,0,0,0,0,0,0,0,0,0,0,0,0,0,0,0,0,0,0,1
3223,0,-1.1960038562387048,-1.1619847130350858,-0.9641321661936888,0,1,1,0,0,1,0,0,0,0,0,0,1,0,0,0,0,0,0,0,0,0,0,0,1,0,0,0,0,1
3224,0,-1.0331224013585834,0.328647196113927,-0.7758794148210738,1,0,0,0,1,0,1,0,0,0,0,0,0,0,0,0,1,0,1,0,1,0,0,1,0,1,0,0,0,1
3225,0,-0.7888002190384014,0.2389101581049563,-0.5981929943492653,0,0,0,0,1,0,0,0,0,0,1,0,0,0,0,0,0,0,1,0,1,0,0,1,0,1,0,1,0,1
3226,0,-1.0331224013585834,-1.462769970065154,-0.9435289238944128,0,1,0,0,1,0,0,0,1,1,0,1,0,1,0,1,0,1,0,1,0,0,0,0,0,0,1,0,0,2
3227,0,-0.8295205827584317,-0.2812323029470404,-0.7284301919241326,0,1,1,1,1,0,0,0,0,0,0,0,0,0,0,0,0,0,1,0,0,0,0,1,0,0,1,0,0,1
3228,0,0.8400143297628127,1.3456669602155942,1.4543884753566705,0,1,1,1,1,0,1,1,0,0,0,0,1,0,1,0,0,0,1,0,1,1,0,1,0,1,0,0,1,0
3229,0,-0.8295205827584317,0.9784098231788813,-0.5442583825486977,1,0,0,0,1,0,1,1,0,0,0,0,0,0,0,0,0,0,1,0,1,0,0,1,0,1,0,0,0,1
3230,0,1.247217966963116,-1.502653098069141,-0.4562423902851948,0,1,1,1,1,0,0,0,1,1,0,1,0,1,0,1,0,1,0,1,0,0,1,0,0,0,1,0,1,2
3231,0,-0.7073594915983407,0.6543594081464871,-0.4376024119737512,0,0,0,0,1,0,0,0,0,0,1,0,1,0,1,0,1,0,1,0,1,0,0,0,0,0,1,1,0,1
3232,0,0.1477681465222966,-0.3693075439558449,-0.1501717404966978,0,1,1,1,1,0,0,0,0,0,1,0,1,0,0,0,0,0,0,0,0,1,0,0,0,0,1,1,0,1
3233,1,-1.1552834925186746,-1.158661119034753,-0.9536099535847437,0,1,1,0,0,1,0,0,0,0,0,0,0,0,1,0,0,0,0,0,0,0,0,1,0,1,0,0,0,1
3234,0,-0.3408762181180675,-1.4976677070686424,-0.8061225038920669,0,0,1,1,1,0,0,0,1,1,0,1,0,1,0,1,0,1,0,1,0,0,1,0,0,0,1,1,0,2
3235,0,1.1657772395230557,-0.7000051469889033,0.1838919654778606,0,0,0,0,0,1,0,0,0,0,1,0,1,0,1,0,1,0,0,0,0,1,0,0,1,0,0,0,1,0
3236,0,-0.6666391278783103,-0.3144682429503628,-0.6195903659020466,0,1,0,0,1,0,1,0,0,0,0,0,1,0,0,0,0,0,0,0,0,0,0,0,0,1,0,1,0,1
3237,0,1.3286586944031769,-1.4926823160681442,-0.4467790166809234,0,1,1,1,1,0,0,0,1,1,0,1,0,1,0,1,0,1,0,1,0,0,1,1,1,0,0,0,1,2
3238,0,-0.2594354906780068,-1.4993295040688086,-0.7874384072887618,0,0,1,1,1,0,0,0,1,1,0,1,0,1,0,1,0,1,0,1,0,0,1,0,1,0,0,1,0,2
3239,0,-0.6666391278783103,-0.5088984919697991,-0.6532746817382293,0,1,0,0,1,0,0,0,0,0,0,0,0,0,0,0,1,0,0,0,0,0,0,1,0,0,1,1,0,1
3240,0,0.880734693482843,1.3888736822199137,1.5368896811374977,1,0,1,0,1,0,1,1,0,0,1,0,1,0,0,0,0,0,1,0,1,1,0,0,0,0,0,0,1,0
3241,0,-1.2774445836787656,-1.4843733310673135,-0.9969120570467128,1,1,0,0,1,0,0,0,1,1,0,1,0,1,0,1,0,1,0,1,0,0,0,0,0,0,1,0,0,2
3242,0,-1.1145631287986442,-1.4727407520661506,-0.958617379711013,0,1,0,1,1,0,0,0,1,1,0,1,0,1,0,1,0,1,0,1,0,0,1,0,0,0,1,0,0,2
3243,0,-0.5444780367182193,-0.8329489070021932,-0.692517902348949,0,0,0,0,0,1,0,0,0,0,0,0,1,0,0,0,0,0,0,0,1,0,0,1,0,1,0,1,0,1
3244,0,-0.9109613101984924,-0.3410569949530208,-0.755099699354352,0,1,0,0,1,0,1,0,0,0,1,0,0,0,0,0,0,0,0,0,0,0,0,1,1,0,0,0,0,1
3245,0,-0.3815965818380978,0.6327560471443273,-0.1674219926145071,1,0,1,1,1,0,0,1,0,0,0,0,1,0,1,0,1,0,0,0,0,0,0,0,0,1,0,1,0,1
3246,0,-1.1960038562387048,-0.3194536339508612,-0.935565572213429,1,1,0,0,1,0,0,0,0,0,0,0,0,0,0,0,0,0,1,0,0,0,0,0,0,0,1,0,0,1
3247,0,1.6137012404433893,1.5567151792366918,2.529308597413872,0,0,0,0,1,0,1,1,0,0,0,0,1,0,1,0,1,0,1,0,1,0,1,1,0,0,0,0,1,0
3248,1,-0.9109613101984924,0.7274784761537967,-0.6278404864801294,1,1,1,0,1,0,1,1,0,0,0,0,0,0,0,0,0,0,0,0,1,0,0,1,0,1,0,0,0,1
3249,0,-0.9109613101984924,-0.3061592579495322,-0.7625556906789295,0,0,1,1,1,0,0,0,0,0,0,0,1,0,1,0,0,0,0,0,0,0,0,1,0,0,1,0,0,1
3250,0,-0.8702409464784621,-1.4694171580658184,-0.9241830529131866,0,1,1,0,1,0,0,0,1,1,0,1,0,1,0,1,0,1,0,1,0,1,0,1,0,0,1,0,0,2
3251,1,0.188488510242327,1.395520870220578,0.783988971376691,1,0,0,0,1,0,1,1,0,0,1,0,1,0,0,0,0,0,1,0,1,0,0,1,0,0,0,1,0,0
3252,0,-0.62591876415828,-0.0884638509277699,-0.5219565860127574,0,1,1,1,1,0,1,0,0,0,1,0,0,0,0,0,1,0,0,0,0,1,0,1,0,0,1,1,0,1
3253,0,0.1477681465222966,1.3207400052131024,0.6199571622359872,0,0,1,1,1,0,1,1,0,0,1,0,0,0,1,0,0,0,1,0,1,0,0,1,1,0,0,1,0,0
3254,1,-0.62591876415828,1.2310029672041316,-0.2326288279856636,0,1,0,0,1,0,0,1,0,0,0,0,1,0,1,0,0,0,1,0,1,0,0,1,0,1,0,1,0,1
3255,1,1.369379058123207,1.5234792392333694,2.175524014977265,0,0,1,1,1,0,1,1,0,0,1,0,1,0,0,0,1,0,1,0,1,1,0,1,1,0,0,0,1,0
3256,0,1.1657772395230557,0.6693155811479823,1.3168276413328095,0,1,1,1,1,0,0,0,0,0,1,0,1,0,1,0,1,0,1,0,1,1,0,0,0,0,0,0,1,0
3257,0,-0.4223169455581282,0.9451738831755588,-0.0540159233847655,0,1,0,0,1,0,0,1,0,0,0,0,1,0,0,0,0,0,1,0,1,0,0,1,0,0,1,1,0,1
3258,0,-1.2774445836787656,-1.341458789053027,-0.9950149704966722,0,1,0,0,0,1,0,0,0,0,0,0,0,0,0,0,0,0,0,0,0,0,0,1,0,1,0,0,0,1
3259,0,-1.0738427650786138,0.1923798421003046,-0.8143285061782881,0,0,0,0,1,0,0,1,0,0,0,0,0,0,0,0,0,0,0,0,0,0,0,0,1,0,0,0,0,1
3260,0,-0.055833672077855,0.4549437681265523,0.068566750552148,1,1,0,0,1,0,0,1,0,0,0,0,1,0,0,0,1,0,0,0,0,0,0,1,0,1,0,1,0,1
3261,0,1.4508197855632678,0.6726391751483144,1.468263678147082,0,0,1,1,1,0,0,0,0,0,1,0,1,0,1,0,1,0,1,0,1,0,1,1,1,0,0,0,1,0
3262,0,0.0663274190822359,0.7540672281564545,0.2622460518237158,1,0,1,1,1,0,1,1,0,0,0,0,0,0,1,0,0,0,1,0,0,0,0,0,0,1,0,1,0,1
3263,0,0.7992939660427822,0.6992279271509723,0.9501163993808116,0,0,1,1,1,0,0,1,0,0,0,0,1,0,1,0,1,0,0,0,0,0,0,0,0,0,0,0,1,0
3264,0,-0.9109613101984924,0.8753784091685812,-0.5803250861453962,0,0,0,1,1,0,0,1,0,0,0,0,0,0,1,0,1,0,1,0,0,0,0,1,0,1,0,0,0,1
3265,0,-0.1372743995179157,0.1990270301009692,-0.1345318060318297,1,1,1,1,1,0,0,1,0,0,0,0,0,0,0,0,0,0,0,0,0,0,0,1,0,1,0,1,0,1
3266,0,1.6137012404433893,-1.4843733310673135,-0.3612777670535206,0,0,1,1,1,0,0,0,1,1,0,1,0,1,0,1,0,1,0,1,0,0,1,0,0,0,0,0,1,2
3267,0,0.5956921474426305,-1.4860351280674795,-0.5859722275036561,0,1,1,1,1,0,0,0,1,1,0,1,0,1,0,1,0,1,0,1,0,1,0,0,0,0,1,1,0,2
3268,0,-0.3408762181180675,0.3336325871144251,-0.2022975023309477,0,1,1,1,1,0,1,0,0,0,1,0,0,0,0,0,0,0,1,0,1,1,0,0,0,0,1,1,0,1
3269,0,1.3286586944031769,-1.328164413051698,-0.2994680401556922,0,1,0,0,1,0,1,0,1,1,0,1,0,1,0,1,0,1,0,1,0,1,0,0,1,0,0,0,1,2
3270,0,-1.1552834925186746,1.1994288242009752,-0.8296375534541957,0,0,0,0,1,0,1,1,0,0,0,0,0,0,0,0,1,0,1,0,1,0,0,1,0,0,1,0,0,1
3271,1,-0.8295205827584317,1.2160467942026365,-0.4681763882337048,1,1,1,0,1,0,1,1,0,0,0,0,1,0,0,0,0,0,1,0,1,0,0,1,0,1,0,0,0,1
3272,0,-1.2774445836787656,0.5629605731373504,-0.9697351892600872,1,1,0,0,1,0,1,1,0,0,1,0,0,0,0,0,0,0,0,0,0,0,0,1,0,1,0,0,0,1
3273,0,0.0256070553622056,0.1159371800926631,-0.047905539961961,1,1,0,0,1,0,0,1,0,0,0,0,0,0,0,0,0,0,0,0,0,0,0,0,0,1,0,1,0,1
3274,0,0.0663274190822359,1.3406815692150955,0.5978318388674928,0,0,0,0,1,0,0,1,0,0,0,0,1,0,1,0,1,0,1,0,1,0,0,1,0,1,0,1,0,0
3275,0,-0.748079855318371,-1.4744025490663168,-0.8767779483081068,0,0,1,0,1,0,0,0,1,1,0,1,0,1,0,1,0,1,0,1,0,0,1,0,0,0,1,1,0,2
3276,0,-1.1552834925186746,0.4782089261288781,-0.8658145527805478,1,0,0,0,1,0,0,1,0,0,0,0,0,0,0,0,0,0,0,0,1,0,0,1,0,1,0,0,0,1
3277,0,-0.7888002190384014,-1.4876969250676455,-0.9093593068477543,0,1,1,1,1,0,0,0,1,1,0,1,0,1,0,1,0,1,0,1,0,1,0,0,0,0,1,1,0,2
3278,0,1.3286586944031769,0.4865179111297087,1.2318558112077431,0,0,1,1,1,0,1,0,0,0,0,0,1,0,0,0,1,0,1,0,1,0,1,1,0,0,0,0,1,0
3279,0,-0.3815965818380978,-0.25131995694405,-0.3778221265015474,0,1,1,1,1,0,0,0,0,0,1,0,0,0,0,0,1,0,0,0,0,1,0,0,1,0,0,1,0,1
3280,0,0.9214550572028734,-0.2047896409393986,0.3480340703482177,0,1,1,0,1,0,0,0,0,0,1,0,1,0,1,0,0,0,0,0,0,0,1,0,0,1,0,0,1,0
3281,0,0.6771328748826912,0.9983513871808744,1.063654823486137,0,1,1,0,1,0,0,1,0,0,0,0,1,0,0,0,0,0,1,0,1,0,1,1,0,1,0,0,1,0
3282,0,1.125056875803025,1.2542681252064576,1.7108481059470173,0,1,1,0,1,0,1,1,0,0,0,0,1,0,1,0,0,0,1,0,1,1,0,0,0,0,0,0,1,0
3283,0,1.4915401492832985,-1.4760643460664828,-0.3693072961722962,0,0,1,1,1,0,0,0,1,1,0,1,0,1,0,1,0,1,0,1,0,1,0,1,1,0,0,0,1,2
3284,0,0.3106496014024181,0.6693155811479823,0.4805874782458091,0,1,0,0,1,0,1,1,0,0,0,0,0,0,0,0,0,0,1,0,0,0,0,1,0,1,0,1,0,1
3285,0,1.4100994218432374,0.1475113230958195,1.05527234803247,0,1,1,0,1,0,0,0,0,0,1,0,1,0,0,0,1,0,0,0,1,0,1,1,1,0,0,0,1,0
3286,1,0.1070477828022663,1.0199547481830342,0.5269116847002843,1,1,0,0,1,0,1,1,0,0,0,0,0,0,0,0,0,0,1,0,1,0,0,1,0,1,0,1,0,1
3287,0,-0.5444780367182193,1.2027524182013078,-0.1783192107042742,1,1,1,1,1,0,1,1,0,0,0,0,0,0,0,0,1,0,1,0,1,1,0,1,0,1,0,1,0,1
3288,0,-0.7888002190384014,-1.4594463760648215,-0.8856236658263187,0,0,1,1,1,0,0,0,1,1,0,1,0,1,0,1,0,1,0,1,0,0,1,0,0,0,1,1,0,2
3289,0,0.3513699651224484,0.788964965159943,0.6023539637832868,0,0,0,1,1,0,1,1,0,0,0,0,1,0,0,0,0,0,1,0,0,0,0,1,0,0,0,1,0,1
3290,0,-1.1552834925186746,-0.9891578250178088,-0.9458892525089978,0,0,0,0,0,1,0,0,0,0,1,0,0,0,1,0,0,0,0,0,0,0,0,0,0,0,1,0,0,1
3291,0,-0.3408762181180675,-0.3194536339508612,-0.4234845585781016,0,0,1,1,1,0,0,0,0,0,1,0,0,0,0,0,1,0,0,0,0,0,0,0,0,1,0,1,0,1
3292,0,-1.1145631287986442,-0.4590445819648154,-0.904572472180792,0,0,0,0,0,1,0,0,0,0,0,0,1,0,0,0,0,0,1,0,1,0,0,1,1,0,0,0,0,1
3293,0,-1.1145631287986442,-0.0253155649214573,-0.8424318580940031,0,0,0,0,1,0,1,0,0,0,0,0,1,0,0,0,0,0,0,0,1,0,0,1,0,1,0,0,0,1
3294,0,-1.2774445836787656,0.144187729095487,-0.9752940940346242,1,0,1,1,1,0,0,1,0,0,0,0,0,0,0,0,0,0,0,0,0,0,0,1,0,0,1,0,0,1
3295,0,1.6137012404433893,0.5131066631323666,1.5152275998335476,0,0,1,1,1,0,1,0,0,0,1,0,1,0,1,0,1,0,1,0,0,0,1,0,0,0,0,0,1,0
3296,0,-0.3408762181180675,-0.5138838829702976,-0.4616909993300783,0,0,0,0,1,0,0,0,0,0,0,0,0,0,1,0,0,0,0,0,0,0,0,1,1,0,0,1,0,1
3297,0,0.3920903288424788,0.6510358141461546,0.5699490784110848,0,0,1,0,1,0,1,0,0,0,1,0,0,0,1,0,1,0,1,0,1,0,1,0,1,0,0,1,0,0
3298,0,-1.1552834925186746,-1.4860351280674795,-0.9690292965903046,0,0,0,0,1,0,0,0,1,1,0,1,0,1,0,1,0,1,0,1,0,0,0,0,0,0,1,0,0,2
3299,0,1.4508197855632678,1.742836443255298,2.5395440411257173,0,1,0,0,1,0,1,1,0,0,1,0,1,0,1,0,1,0,1,0,1,1,0,1,1,0,0,0,1,0
3300,0,0.0256070553622056,-1.4843733310673135,-0.7501584506658746,0,0,1,1,1,0,0,0,1,1,0,1,0,1,0,1,0,1,0,1,0,1,0,0,0,0,1,1,0,2
3301,1,-1.2774445836787656,0.1608056990971482,-0.9750735025753172,1,0,0,0,1,0,0,1,0,0,0,0,0,0,0,0,0,0,0,0,0,0,0,1,0,1,0,0,0,1
3302,0,-0.055833672077855,1.285842268209614,0.3470855270731975,1,1,0,0,1,0,1,1,0,0,0,0,1,0,1,0,0,0,1,0,1,1,0,1,0,1,0,1,0,1
3303,0,-1.1552834925186746,0.4383257981248911,-0.8709763929283322,1,0,0,0,1,0,1,1,0,0,0,0,1,0,0,0,0,0,0,0,0,0,0,0,0,0,0,0,0,1
3304,1,1.4915401492832985,1.5018758782312098,2.362320862718453,0,1,1,0,1,0,1,1,0,0,0,0,1,0,1,0,1,0,1,0,1,0,1,1,0,1,0,0,1,0
3305,1,0.2292088739623573,0.9966895901807084,0.6058613679862684,0,1,0,0,1,0,1,1,0,0,0,0,0,0,0,0,0,0,1,0,1,0,0,0,0,1,0,1,0,1
3306,0,-1.1960038562387048,0.5064594751317021,-0.8993223954492848,0,0,1,1,1,0,0,1,0,0,0,0,1,0,0,0,1,0,0,0,0,0,0,1,0,1,0,0,0,1
3307,0,0.6364125111626608,0.4948268961305394,0.7017304162011014,0,0,1,1,1,0,1,0,0,0,0,0,1,0,0,0,1,0,1,0,1,0,1,0,0,1,0,1,0,0
3308,0,-0.7073594915983407,-1.3148700370503688,-0.8346449795804651,0,0,1,0,1,0,1,0,1,1,0,1,0,1,0,1,0,1,0,1,0,0,1,0,0,0,1,1,0,2
3309,0,-0.3001558543980371,-1.491020519067978,-0.7730558441419438,0,0,0,0,1,0,0,0,1,1,0,1,0,1,0,1,0,1,0,1,0,1,0,0,1,0,0,1,0,2
3310,1,-1.2774445836787656,0.4549437681265523,-0.9711690337455828,1,0,0,0,1,0,0,1,0,0,0,0,0,0,0,0,0,0,1,0,0,0,0,0,0,1,0,0,0,1
3311,0,0.6364125111626608,-0.6634456129852487,-0.0772883223416567,0,0,0,0,0,1,0,0,0,0,1,0,1,0,0,0,0,0,1,0,0,0,0,1,0,1,0,1,0,1
3312,0,-1.2774445836787656,-1.477726143066649,-0.9968238204629898,0,1,0,0,1,0,0,0,1,1,0,1,0,1,0,1,0,1,0,1,0,0,0,0,0,0,1,0,0,2
3313,0,-1.2774445836787656,-1.5142856770703037,-0.9973091216734652,0,1,0,0,1,0,0,0,1,1,0,1,0,1,0,1,0,1,0,1,0,0,0,0,0,1,0,0,0,2
3314,0,0.188488510242327,0.5081212721318681,0.3261955158768223,0,0,0,0,1,0,0,1,0,0,0,0,1,0,1,0,0,0,0,0,0,1,0,0,0,1,0,1,0,1
3315,1,1.369379058123207,1.4154624342225712,2.105420049209493,0,1,1,0,1,0,1,1,0,0,0,0,1,0,1,0,1,0,1,0,1,1,0,1,0,0,0,0,1,0
3316,0,-0.2594354906780068,-0.562075995975115,-0.4805515691008289,0,0,1,0,0,1,0,0,0,0,1,0,1,0,1,0,0,0,1,0,0,1,0,0,0,0,0,1,0,1
3317,0,1.247217966963116,0.2006888271011353,0.9569547346193292,0,1,1,0,1,0,0,0,0,0,1,0,1,0,0,0,1,0,1,0,0,1,0,0,1,0,0,0,1,0
3318,0,-0.9109613101984924,-1.1719554950360824,-0.8931678937346188,1,1,0,0,0,1,0,0,0,0,0,0,0,0,1,0,0,0,0,0,0,0,0,0,0,0,1,0,0,1
3319,0,-1.2367242199587352,0.1990270301009692,-0.9409700629664512,1,0,0,0,1,0,0,0,0,0,1,0,0,0,0,0,0,0,1,0,1,0,0,1,0,1,0,0,0,1
3320,1,-0.5851984004382496,-0.1881716709377373,-0.5597218438461201,0,1,1,0,1,0,0,0,0,0,1,0,0,0,0,0,0,0,0,0,1,0,0,1,1,0,0,1,0,1
3321,0,1.2879383306831464,-1.303237458049206,-0.2491731874336905,0,0,1,0,1,0,1,0,1,1,0,1,0,1,0,1,0,1,0,1,0,0,1,0,0,0,1,0,1,2
3322,1,-0.9516816739185228,0.6543594081464871,-0.6693778582676422,1,0,0,0,1,0,1,1,0,0,0,0,0,0,0,0,0,0,0,0,1,0,0,1,0,1,0,0,0,1
3323,0,-0.1779947632379461,-1.479387940066815,-0.7695925582308236,0,0,0,1,1,0,0,0,1,1,0,1,0,1,0,1,0,1,0,1,0,0,0,0,0,0,1,1,0,2
3324,0,-1.2774445836787656,0.358559542116917,-0.9724484642095634,0,0,0,0,1,0,0,1,0,0,0,0,0,0,1,0,0,0,0,0,0,0,0,0,0,1,0,0,0,1
3325,0,-1.1552834925186746,0.6942425361504742,-0.8562629425925535,1,1,0,0,1,0,1,1,0,0,0,0,0,0,0,0,0,0,0,0,1,0,0,1,0,1,0,0,0,1
3326,1,0.2292088739623573,0.179085466098976,0.0960083280899418,1,1,0,0,1,0,0,0,0,0,0,0,1,0,1,0,1,0,1,0,0,1,0,1,1,0,0,1,0,1
3327,0,1.369379058123207,1.0149693571825356,1.761937087922524,0,1,1,0,1,0,1,1,0,0,0,0,1,0,1,0,0,0,0,0,1,1,0,0,0,1,0,0,1,0
3328,0,-1.2774445836787656,0.182409060099308,-0.974786733678218,0,0,0,0,1,0,0,1,0,0,0,0,0,0,0,0,0,0,0,0,0,0,0,1,0,1,0,0,0,1
3329,0,-0.5851984004382496,-0.4806479429669752,-0.6048548564203374,0,0,1,0,1,0,0,0,0,0,0,0,0,0,0,0,1,0,0,0,0,0,0,1,0,0,1,1,0,1
3330,1,0.758573602322752,1.0980592071908415,1.1618842003155554,1,1,0,0,1,0,1,1,0,0,0,0,0,0,1,0,0,0,1,0,1,0,0,1,0,1,0,0,1,0
3331,0,-1.318164947398796,-1.4926823160681442,-1.005779833710855,0,1,1,1,1,0,0,0,1,1,0,1,0,1,0,1,0,1,0,1,0,0,1,0,0,0,1,0,0,2
3332,0,-1.2774445836787656,-0.613591702980265,-0.9853530645790244,1,1,0,0,1,0,0,0,0,0,0,0,0,0,0,0,0,0,0,0,0,0,0,0,0,0,1,0,0,1
3333,0,-0.8295205827584317,-1.5093002860698053,-0.9121167000890922,0,1,0,1,1,0,0,0,1,1,0,1,0,1,0,1,0,1,0,1,0,0,1,0,0,0,0,0,0,2
3334,0,0.3513699651224484,1.3805646972190828,0.954594406004744,1,0,0,0,1,0,1,1,0,0,0,0,1,0,1,0,0,0,1,0,1,0,0,1,0,1,0,1,0,0
3335,0,-0.8295205827584317,-1.3215172250510334,-0.8662777948450925,0,1,0,0,1,0,1,0,1,1,0,1,0,1,0,1,0,1,0,1,0,0,0,0,0,1,0,0,0,2
3336,0,0.9214550572028734,-1.477726143066649,-0.5297214053803647,0,0,1,1,1,0,0,0,1,1,0,1,0,1,0,1,0,1,0,1,0,0,1,0,0,0,1,0,1,2
3337,0,-1.0331224013585834,0.3519123541162524,-0.7566658987154319,0,0,0,0,1,0,1,1,0,0,0,0,0,0,0,0,0,0,0,0,0,0,0,1,0,1,0,0,0,1
3338,0,-0.8295205827584317,0.8188773111629334,-0.5223977689313715,1,0,0,0,1,0,0,1,0,0,0,0,0,0,1,0,1,0,0,0,1,0,0,1,0,1,0,0,0,1
3339,0,1.4508197855632678,0.7723469951582818,1.7127451924970574,0,0,1,1,1,0,1,0,0,0,1,0,1,0,1,0,1,0,1,0,1,0,1,0,1,0,0,0,1,0
3340,1,-1.1145631287986442,0.611152686142168,-0.8089901928630582,1,0,0,0,1,0,1,1,0,0,0,0,0,0,0,0,0,0,1,0,0,0,0,1,1,0,0,0,0,1
3341,1,0.6771328748826912,-0.6966815529885713,-0.0766265479637356,0,0,0,0,1,0,0,0,0,0,0,0,0,0,0,0,0,0,0,0,0,0,0,0,0,0,1,0,1,1
3342,0,0.3106496014024181,-0.0901256479279362,0.1022731255342615,0,1,0,0,0,1,0,0,0,0,1,0,1,0,1,0,0,0,1,0,1,1,0,0,1,0,0,1,0,1
3343,0,-0.6666391278783103,-1.4843733310673135,-0.8652189558404189,0,0,0,0,1,0,0,0,1,1,0,1,0,1,0,1,0,1,0,1,0,1,0,0,0,0,0,1,0,2
3344,0,-0.9109613101984924,0.3120292261122658,-0.6476275403799695,1,1,0,0,1,0,1,1,0,0,0,0,0,0,0,0,0,0,0,0,0,0,0,1,0,0,1,0,0,1
3345,0,1.6137012404433893,1.2160467942026365,2.2250688567376224,0,0,1,0,1,0,1,1,0,0,0,0,1,0,1,0,0,0,1,0,1,1,0,1,0,1,0,0,1,0
3346,1,-1.2367242199587352,0.641065032145158,-0.923697751702711,0,0,0,0,1,0,1,1,0,0,0,0,0,0,0,0,0,0,0,0,1,0,0,1,0,1,0,0,0,1
3347,0,-0.3815965818380978,-1.4577845790646555,-0.8054827886600765,0,1,1,1,1,0,0,0,1,1,0,1,0,1,0,1,0,1,0,1,0,0,1,0,0,0,1,1,0,2
3348,1,1.5729808767233588,1.3672703212177542,2.312776020958096,0,0,0,0,1,0,1,1,0,0,0,0,1,0,1,0,0,0,1,0,1,1,0,1,0,1,0,0,1,0
3349,0,-0.8702409464784621,1.15456030519649,-0.5394715478817352,1,0,1,0,1,0,1,1,0,0,0,0,0,0,1,0,0,0,1,0,1,0,0,1,0,1,0,0,0,1
3350,0,-1.2774445836787656,-0.6850489739874083,-0.9863016078540446,1,1,0,0,1,0,0,0,0,0,0,0,0,0,0,0,0,0,0,0,0,0,0,1,0,0,1,0,0,1
3351,0,-0.6666391278783103,-0.3609985589550142,-0.6377671021489455,1,0,0,0,1,0,0,0,0,0,0,0,1,0,0,0,1,0,0,0,0,0,0,1,0,0,1,1,0,1
3352,0,-1.2774445836787656,0.6875953481498096,-0.9680807533152844,1,0,0,0,1,0,1,1,0,0,0,0,0,0,0,0,0,0,0,0,1,0,0,1,0,0,1,0,0,1
3353,0,-0.8295205827584317,0.6743009721484804,-0.5646851516805281,0,1,1,0,1,0,0,1,0,0,0,0,1,0,0,0,0,0,0,0,1,0,0,1,1,0,0,0,0,1
3354,0,0.880734693482843,-0.6867107709875744,0.0396913285288583,0,0,0,0,0,1,0,0,0,0,1,0,0,0,0,0,1,0,0,0,1,1,0,0,0,0,0,0,1,1
3355,0,1.4508197855632678,0.8454660631655913,1.772635773698915,0,0,1,0,1,0,1,1,0,0,0,0,1,0,1,0,1,0,0,0,0,0,1,0,1,0,0,0,1,0
3356,0,-1.1552834925186746,-0.4623681759651477,-0.9000944655568595,1,0,1,1,1,0,1,0,0,0,0,0,0,0,0,0,0,0,0,0,0,0,0,0,0,0,1,0,0,1
3357,0,-1.2774445836787656,-0.184848076937405,-0.9796618049289032,1,0,0,1,1,0,0,0,0,0,0,0,0,0,1,0,0,0,0,0,1,0,0,0,0,1,0,0,0,1
3358,0,-0.2187151269579764,-0.3759547319565092,-0.3610130573023521,0,1,0,0,1,0,0,0,0,0,1,0,0,0,0,0,1,0,0,0,0,0,0,0,0,0,1,1,0,1
3359,0,-0.4630373092781585,-1.4893587220678115,-0.8220712663999648,0,1,0,0,1,0,0,0,1,1,0,1,0,1,0,1,0,1,0,1,0,0,0,1,0,0,1,1,0,2
3360,0,-0.7888002190384014,0.612814483142334,-0.537861230228794,1,1,0,0,1,0,0,1,0,0,0,0,0,0,1,0,0,0,1,0,0,0,0,1,0,1,0,1,0,1
3361,1,1.2879383306831464,0.328647196113927,1.1424942110424678,0,0,0,0,1,0,1,0,0,0,0,0,1,0,1,0,1,0,0,0,1,0,0,0,1,0,0,0,1,0
3362,0,-1.2774445836787656,-0.3277626189516918,-0.9815588914789436,1,0,0,0,1,0,0,0,0,0,1,0,1,0,0,0,0,0,0,0,0,0,0,1,0,1,0,0,0,1
3363,0,1.002895784642934,-0.2413491749430533,0.4351015193367004,0,1,1,0,0,1,0,0,0,0,0,0,1,0,1,0,1,0,1,0,1,0,1,1,0,0,0,0,1,0
3364,0,-0.4630373092781585,1.300798441211109,-0.0112652985710643,1,0,1,0,1,0,1,1,0,0,1,0,0,0,1,0,0,0,1,0,1,0,0,1,0,1,0,1,0,1
3365,0,-0.5444780367182193,-1.4993295040688086,-0.847770171409233,0,1,0,0,1,0,0,0,1,1,0,1,0,1,0,1,0,1,0,1,0,0,1,0,0,0,1,1,0,2
3366,0,-0.055833672077855,0.965115447177552,0.2912097104307283,0,1,1,0,1,0,0,1,0,0,0,0,0,0,1,0,0,0,1,0,1,1,0,1,0,1,0,1,0,1
3367,0,0.7992939660427822,0.8138919201624348,1.0467795768491497,0,1,0,0,1,0,1,0,0,0,1,0,1,0,1,0,1,0,1,0,1,0,1,1,0,0,1,0,1,0
3368,0,0.5549717837226001,0.9767480261787151,0.9391530038532522,0,0,0,0,1,0,1,1,0,0,0,0,1,0,1,0,0,0,0,0,1,1,0,1,0,1,0,1,0,0
3369,1,-0.8702409464784621,-0.304497460949366,-0.749540794579815,0,0,0,0,1,0,1,0,0,0,1,0,0,0,0,0,0,0,0,0,0,0,0,1,0,1,0,0,0,1
3370,0,0.8400143297628127,-0.533825446972291,0.0950597848149216,0,0,1,1,0,1,0,0,0,0,1,0,1,0,1,0,0,0,0,0,1,0,0,1,0,0,0,0,1,0
3371,0,-0.8702409464784621,-1.5126238800701377,-0.9262345534847418,1,0,1,1,1,0,0,0,1,1,0,1,0,1,0,1,0,1,0,1,0,0,0,1,0,0,1,0,0,2
3372,1,1.002895784642934,1.3340343812144315,1.603353887826704,0,1,0,0,1,0,1,1,0,0,0,0,1,0,0,0,1,0,1,0,1,0,0,1,0,0,0,0,1,0
3373,1,-1.2367242199587352,0.3552359481165849,-0.9358964594023896,1,0,0,0,1,0,1,1,0,0,0,0,0,0,0,0,0,0,0,0,0,0,0,1,0,0,1,0,0,1
3374,1,-1.2367242199587352,-0.3294244159518578,-0.9598085735912713,1,0,0,0,1,0,0,0,0,0,1,0,1,0,0,0,0,0,0,0,0,0,0,0,0,0,1,0,0,1
3375,0,1.5729808767233588,-1.491020519067978,-0.3928223457344251,0,0,1,1,1,0,0,0,1,1,0,1,0,1,0,1,0,1,0,1,0,0,1,0,0,0,0,0,1,2
3376,0,-1.2774445836787656,-1.5076384890696393,-0.9972208850897424,0,0,1,1,1,0,0,0,1,1,0,1,0,1,0,1,0,1,0,1,0,0,0,1,0,0,1,0,0,2
3377,0,1.4508197855632678,-1.3198554280508674,-0.2870046227048453,0,1,1,0,1,0,1,0,1,1,0,1,0,1,0,1,0,1,0,1,0,0,1,0,1,0,0,0,1,2
3378,0,1.6137012404433893,0.6543594081464871,1.6559208325795682,0,1,1,0,1,0,0,0,0,0,1,0,1,0,1,0,1,0,1,0,1,0,1,0,0,0,1,0,1,0
3379,0,-1.2367242199587352,-1.5109620830699717,-0.9861913121243912,0,0,0,0,1,0,0,0,1,1,0,1,0,1,0,1,0,1,0,1,0,0,0,0,0,0,1,0,0,2
3380,1,-1.2774445836787656,1.0083221691818711,-0.9638233381506588,1,1,1,0,1,0,1,1,0,0,0,0,0,0,0,0,0,0,1,0,1,0,0,1,0,1,0,0,0,1
3381,0,0.3513699651224484,0.5014740841312035,0.4592783432767504,0,0,0,0,1,0,0,0,0,0,1,0,0,0,1,0,1,0,1,0,1,1,0,1,0,0,0,1,0,0
3382,0,1.6137012404433893,-1.303237458049206,-0.1817824966153944,0,1,1,1,1,0,1,0,1,1,0,1,0,1,0,1,0,1,0,1,0,0,1,0,1,0,0,0,1,2
3383,0,-1.0738427650786138,0.356897745116751,-0.8125417153579013,1,1,1,0,1,0,1,1,0,0,0,0,0,0,0,0,0,0,0,0,0,0,0,1,0,1,0,0,0,1
3384,0,-1.1552834925186746,0.2987348501109366,-0.8621968528479126,1,0,1,1,1,0,0,1,0,0,0,0,0,0,1,0,0,0,0,0,0,0,0,1,0,1,0,0,0,1
3385,0,-0.8295205827584317,1.0398963121850275,-0.4992577248500646,1,1,0,0,1,0,1,1,0,0,0,0,0,0,0,0,0,0,1,0,1,0,0,1,0,1,0,0,0,1
3386,0,1.0436161483629645,0.1209225710931616,0.7467090147538038,0,0,1,0,1,0,1,0,0,0,1,0,0,0,0,0,1,0,0,0,1,1,0,1,0,1,0,0,1,0
3387,0,-1.0331224013585834,-1.4660935640654862,-0.9369994166989246,0,0,0,0,1,0,0,0,1,1,0,1,0,1,0,1,0,1,0,1,0,0,0,0,0,0,1,0,0,2
3388,0,1.3286586944031769,-0.3194536339508612,0.6147512037963415,0,0,1,0,1,0,0,0,0,0,1,0,0,0,1,0,0,0,0,0,0,0,0,1,0,0,1,0,1,0
3389,0,-1.2774445836787656,0.1940416391004707,-0.9746323196567032,0,1,0,0,1,0,0,1,0,0,0,0,0,0,0,0,0,0,0,0,0,0,0,1,0,0,1,0,0,1
3390,0,0.9621754209229036,-1.4893587220678115,-0.5086769801624745,0,1,1,0,1,0,0,0,1,1,0,1,0,1,0,1,0,1,0,1,0,1,0,0,1,0,0,0,1,2
3391,0,-1.1552834925186746,-1.520932865070968,-0.9733749483386532,0,1,0,0,1,0,0,0,1,1,0,1,0,1,0,1,0,1,0,1,0,0,0,0,0,0,1,0,0,2
3392,0,1.0436161483629645,-0.6867107709875744,0.0588166080507776,0,0,1,1,1,0,0,0,0,0,0,0,0,0,0,0,0,0,0,0,0,1,0,1,0,0,1,0,1,1
3393,0,1.2064976032430856,1.423771419223402,2.043985327792486,0,1,1,0,1,0,1,1,0,0,0,0,0,0,1,0,1,0,1,0,1,0,1,1,0,0,0,0,1,0
3394,0,-0.2594354906780068,-0.1067436179295974,-0.3078505156093591,0,1,0,0,1,0,1,0,0,0,1,0,1,0,0,0,0,0,0,0,0,1,0,0,0,1,0,1,0,1
3395,0,1.2064976032430856,0.8620840331672525,1.4588664819806028,0,1,0,0,1,0,1,1,0,0,1,0,1,0,1,0,0,0,0,0,0,0,0,0,0,0,0,0,1,0
3396,0,1.0436161483629645,1.1462513201956597,1.5736622774039783,0,0,1,1,1,0,0,1,0,0,1,0,1,0,0,0,0,0,1,0,1,1,0,0,1,0,0,0,1,0
3397,0,1.4508197855632678,0.895319973170575,1.8286880635088296,0,0,1,0,1,0,1,0,0,0,1,0,1,0,1,0,1,0,1,0,1,0,1,1,0,1,0,0,1,0
3398,0,1.1657772395230557,1.1944434332004772,1.6495457394055948,0,0,1,1,1,0,1,1,0,0,1,0,1,0,1,0,0,0,0,0,1,1,0,1,1,0,0,0,1,0
3399,0,0.3920903288424788,0.4549437681265523,0.4825066239417802,0,0,0,0,1,0,1,0,0,0,0,0,0,0,1,0,1,0,1,0,1,0,1,1,1,0,0,1,0,0
3400,0,-0.5851984004382496,0.6493740171459885,-0.327284623174308,0,1,0,0,1,0,1,1,0,0,0,0,0,0,0,0,0,0,1,0,0,0,0,0,0,0,0,1,0,1
3401,0,0.9621754209229036,-1.502653098069141,-0.5290596310024437,0,0,0,0,1,0,0,0,1,1,0,1,0,1,0,1,0,1,0,1,0,0,1,1,0,0,0,0,1,2
3402,0,-1.1552834925186746,0.8039211381614382,-0.8490716610191446,1,0,0,0,1,0,1,1,0,0,0,0,1,0,0,0,0,0,0,0,1,0,0,1,0,1,0,0,0,1
3403,0,-1.1552834925186746,-1.4727407520661506,-0.9692278289036812,0,0,0,0,1,0,0,0,1,1,0,1,0,1,0,1,0,1,0,1,0,0,0,0,1,0,0,0,0,2
3404,0,0.1070477828022663,-0.304497460949366,-0.1161565374715545,0,0,0,1,1,0,0,0,0,0,1,0,1,0,0,0,0,0,0,0,0,1,0,0,1,0,0,1,0,1
3405,0,1.2879383306831464,0.7324638671542947,1.3445118694758411,0,0,1,1,1,0,1,1,0,0,1,0,0,0,0,0,1,0,0,0,0,0,0,1,0,0,0,0,1,0
3406,0,-0.055833672077855,-1.4561227820644893,-0.7043416045678056,0,0,0,0,1,0,0,0,1,1,0,1,0,1,0,1,0,1,0,1,0,1,0,0,0,0,1,1,0,2
3407,1,1.4100994218432374,-1.4860351280674795,-0.4485437483553796,0,0,1,0,1,0,0,0,1,1,0,1,0,1,0,1,0,1,0,1,0,0,1,1,0,0,0,0,1,2
3408,0,-1.1552834925186746,-0.467353566965646,-0.9390288581245492,1,0,0,0,1,0,0,0,0,0,0,0,1,0,0,0,0,0,0,0,0,0,0,0,1,0,0,0,0,1
3409,1,1.5322605130033284,1.624848856243503,2.397791969375023,0,0,1,0,1,0,1,1,0,0,1,0,1,0,1,0,1,0,1,0,1,0,1,1,0,1,0,0,1,0
3410,0,-1.1960038562387048,-0.3776165289566755,-0.922528616968384,1,1,0,0,1,0,0,0,0,0,0,0,0,0,0,0,0,0,1,0,0,0,0,0,1,0,0,0,0,1
3411,1,0.8400143297628127,1.2343265612044645,1.442520654845952,1,1,1,0,1,0,1,1,0,0,0,0,1,0,0,0,0,0,1,0,1,0,0,1,0,1,0,0,1,0
3412,0,-1.2367242199587352,-0.1748772949364084,-0.9482054628317216,0,1,1,1,1,0,0,0,0,0,1,0,1,0,0,0,1,0,0,0,0,0,1,0,0,0,1,0,0,1
3413,0,-0.1372743995179157,0.7656998071576172,0.1508914831655297,0,0,1,1,1,0,0,1,0,0,0,0,0,0,0,0,0,0,1,0,1,0,0,1,1,0,0,1,0,1
3414,0,0.5956921474426305,-0.7598298389948839,-0.1784515655798584,0,0,0,0,0,1,0,0,0,0,1,0,0,0,1,0,1,0,0,0,0,0,1,0,0,0,1,1,0,1
3415,0,1.4508197855632678,0.6061672951416694,1.5026980049449086,1,0,1,1,1,0,1,1,0,0,0,0,0,0,0,0,0,0,1,0,0,1,0,1,0,1,0,0,1,0
3416,0,-0.8295205827584317,0.1691146840979788,-0.6362891393715884,0,1,0,1,1,0,0,0,0,0,1,0,0,0,0,0,0,0,1,0,1,0,0,1,0,0,1,0,0,1
3417,0,-0.9924020376385532,-0.2812323029470404,-0.828644891887314,0,0,1,1,1,0,0,0,0,0,0,0,1,0,0,0,1,0,0,0,0,0,0,0,0,0,0,0,0,1
3418,0,0.880734693482843,1.4885815022298807,1.6937963861425842,0,1,1,0,1,0,1,1,0,0,1,0,1,0,1,0,0,0,1,0,1,0,0,0,0,1,0,0,1,0
3419,0,1.4915401492832985,0.9102761461720702,1.8534825435349396,0,1,1,1,1,0,0,1,0,0,0,0,1,0,0,0,1,0,1,0,0,0,1,1,0,0,1,0,1,0
3420,0,-0.2594354906780068,0.1574821050968162,-0.2116285210596349,0,0,0,0,1,0,1,0,0,0,1,0,1,0,0,0,0,0,1,0,0,0,0,1,0,0,0,1,0,1
3421,0,1.6137012404433893,1.071470455188184,2.1284718567070766,0,0,1,0,1,0,1,1,0,0,1,0,1,0,1,0,1,0,0,0,0,0,1,1,0,0,0,0,1,0
3422,0,1.5322605130033284,-0.2130986259402292,0.8534752810584038,0,0,0,0,0,1,0,0,0,0,1,0,0,0,1,0,1,0,1,0,1,0,1,1,0,0,0,0,1,0
3423,0,-1.2774445836787656,-0.4706771609659783,-0.983455978028984,1,1,0,1,1,0,0,0,0,0,1,0,0,0,0,0,0,0,0,0,0,0,0,0,0,0,1,0,0,1
3424,0,-0.9109613101984924,0.8222009051632655,-0.6249948566550688,1,1,0,0,1,0,0,1,0,0,0,0,0,0,0,0,0,0,1,0,1,0,0,1,0,1,0,0,0,1
3425,0,-0.1779947632379461,0.1873944510998066,-0.1268552232479452,0,0,1,1,1,0,0,1,0,0,0,0,0,0,0,0,0,0,0,0,0,1,0,1,0,0,0,1,0,1
3426,0,-1.2774445836787656,0.1674528870978128,-0.9749852659915944,1,1,0,0,1,0,0,1,0,0,0,0,0,0,0,0,0,0,0,0,0,0,0,1,0,1,0,0,0,1
3427,0,-0.4630373092781585,0.9817334171792133,-0.1462010942291713,0,0,1,0,1,0,1,1,0,0,0,0,0,0,0,0,0,0,1,0,1,0,0,1,0,1,0,1,0,1
3428,1,0.758573602322752,0.965115447177552,1.0902581534785645,1,1,1,0,1,0,1,1,0,0,1,0,0,0,1,0,0,0,1,0,0,0,0,1,0,0,0,0,1,0
3429,0,0.8400143297628127,-1.502653098069141,-0.5611115700397543,0,0,1,1,1,0,0,0,1,1,0,1,0,1,0,1,0,1,0,1,0,1,0,0,0,0,0,0,1,2
3430,0,0.8400143297628127,1.0365727181846955,1.2164144090562516,0,1,0,1,1,0,0,1,0,0,1,0,1,0,1,0,0,0,0,0,1,1,0,0,0,1,0,0,1,0
3431,0,-0.3408762181180675,1.2060760122016398,0.049441471030229,1,1,1,0,1,0,1,1,0,0,0,0,0,0,1,0,0,0,1,0,1,0,0,1,0,1,0,1,0,1
3432,0,1.5322605130033284,0.9983513871808744,2.0203158642088423,0,0,1,0,1,0,1,0,0,0,1,0,1,0,1,0,1,0,1,0,1,0,1,1,1,0,0,0,1,0
3433,0,1.1657772395230557,1.4287568102239003,1.8715710431981156,0,1,0,0,1,0,1,1,0,0,1,0,1,0,1,0,0,0,1,0,1,1,0,1,0,1,0,0,1,0
3434,0,-0.8702409464784621,-0.3377334009526884,-0.7331949674451644,0,0,0,0,1,0,0,0,0,0,1,0,0,0,0,0,1,0,0,0,0,1,0,1,0,0,1,0,0,1
3435,0,-1.2367242199587352,0.2173067971027965,-0.9361832282994886,0,1,0,0,1,0,0,1,0,0,0,0,0,0,0,0,0,0,0,0,0,0,0,1,1,0,0,0,0,1
3436,0,-0.3001558543980371,-1.504314895069307,-0.7779970928304212,0,1,0,0,1,0,0,0,1,1,0,1,0,1,0,1,0,1,0,1,0,1,0,1,0,0,0,1,0,2
3437,0,0.3513699651224484,-0.2812323029470404,0.0371765858927583,0,0,0,0,1,0,1,0,0,0,0,0,1,0,0,0,0,0,0,0,0,1,0,1,1,0,0,1,0,1
3438,0,-0.5851984004382496,0.9950277931805424,-0.2610851262362699,1,1,1,0,1,0,1,1,0,0,0,0,0,0,0,0,0,0,1,0,1,0,0,1,0,1,0,1,0,1
3439,1,1.6137012404433893,1.3091074262119398,2.386894751285256,1,1,1,0,1,0,1,1,0,0,0,0,1,0,1,0,0,0,1,0,1,0,1,1,0,0,0,0,1,0
3440,0,1.5729808767233588,0.8570986421667539,1.7467824546681316,0,0,1,1,1,0,1,0,0,0,1,0,1,0,1,0,1,0,1,0,1,0,1,1,1,0,0,0,1,0
3441,0,0.0663274190822359,-0.1316705729320893,-0.1048622547550349,0,0,1,1,1,0,0,0,0,0,1,0,1,0,1,0,0,0,0,0,0,1,0,1,0,0,1,1,0,1
3442,0,-0.1372743995179157,1.1312951471941644,0.2326647371306437,0,1,0,0,1,0,0,1,0,0,0,0,0,0,1,0,1,0,1,0,1,0,0,1,1,0,0,1,0,1
3443,1,0.3106496014024181,1.109691786192005,0.8104820056394647,0,1,1,0,1,0,0,1,0,0,1,0,1,0,1,0,1,0,1,0,0,1,0,1,1,0,0,1,0,0
3444,0,0.1477681465222966,-0.977525246016646,-0.4243228061234682,0,1,1,0,0,1,0,0,0,0,1,0,0,0,1,0,0,0,0,0,0,1,0,0,0,0,1,1,0,1
3445,0,0.5549717837226001,1.2758714862086171,1.021301263299188,0,0,1,0,1,0,1,1,0,0,0,0,1,0,0,0,1,0,1,0,1,1,0,1,0,1,0,1,0,0
3446,0,1.0436161483629645,1.4287568102239003,1.788121294142268,0,0,0,0,1,0,1,1,0,0,1,0,1,0,1,0,0,0,1,0,1,1,0,1,0,1,0,0,1,0
3447,0,0.2699292376823877,0.5529897911363537,0.4120717709850471,0,1,0,0,1,0,1,1,0,0,0,0,1,0,0,0,0,0,0,0,0,1,0,0,1,0,0,1,0,1
3448,0,-1.1552834925186746,-0.1100672119299295,-0.9045062947429998,1,1,1,1,1,0,0,0,0,0,0,0,0,0,0,0,1,0,0,0,1,0,0,0,1,0,0,0,0,1
3449,0,0.7992939660427822,1.0282637331838649,1.189612546750448,0,0,1,1,1,0,1,1,0,0,0,0,1,0,1,0,0,0,1,0,0,1,0,1,1,0,0,0,1,0
3450,1,1.5322605130033284,1.330710787214099,2.218804059293303,0,1,1,0,1,0,1,1,0,0,0,0,1,0,1,0,0,0,1,0,1,1,0,1,0,1,0,0,1,0
3451,1,1.3286586944031769,0.2056742181016338,1.003896597159864,0,1,1,0,1,0,0,1,0,0,0,0,0,0,0,0,0,0,0,0,0,1,0,1,0,0,0,0,1,0
3452,0,-1.2774445836787656,-0.6584602219847502,-0.9859486615191536,0,1,0,0,1,0,0,0,0,0,0,0,0,0,0,0,0,0,0,0,0,0,0,1,0,0,1,0,0,1
3453,0,1.5322605130033284,1.0930738161903435,2.074779895511747,0,0,1,0,1,0,1,1,0,0,0,0,0,0,1,0,0,0,1,0,1,1,0,1,0,1,0,0,1,0
3454,1,-0.1372743995179157,-0.9675544640156492,-0.553501164693662,0,0,1,1,0,1,0,0,0,0,0,0,1,0,1,0,0,0,0,0,0,0,0,1,0,0,1,1,0,1
3455,0,-1.2774445836787656,0.8570986421667539,-0.9658307204303528,1,1,0,0,1,0,0,1,0,0,0,0,0,0,0,0,0,0,1,0,1,0,0,1,0,1,0,0,0,1
3456,0,1.4100994218432374,0.6809481601491449,1.5152275998335476,0,0,0,0,1,0,1,0,0,0,1,0,0,0,1,0,1,0,1,0,1,0,1,1,0,0,1,0,1,0
3457,0,-1.2774445836787656,-1.504314895069307,-0.997176766797881,0,0,0,0,1,0,0,0,1,1,0,1,0,1,0,1,0,1,0,1,0,0,0,1,0,0,1,0,0,2
3458,0,-0.2594354906780068,0.7989357471609396,-0.0023754627609912,1,0,0,0,1,0,0,1,0,0,0,0,0,0,0,0,0,0,1,0,1,0,0,1,0,0,0,1,0,1
3459,0,-0.0965540357978854,-1.3181936310507012,-0.6574438603191322,0,0,1,1,1,0,1,0,1,1,0,1,0,1,0,1,0,1,0,1,0,0,1,1,0,0,1,1,0,2
3460,0,0.6364125111626608,1.1728400721983174,1.126898394869461,0,0,1,0,1,0,0,1,0,0,0,0,0,0,1,0,1,0,1,0,1,0,0,1,1,0,0,1,0,0
3461,0,0.9214550572028734,-0.3011738669490337,0.3759168308046258,0,0,1,1,1,0,0,0,0,0,1,0,1,0,0,0,0,0,0,0,0,0,0,0,0,1,0,0,1,0
3462,0,-1.0331224013585834,0.6792863631489789,-0.7399450660999595,1,1,0,0,1,0,1,1,0,0,0,0,0,0,0,0,0,0,0,0,1,0,0,1,0,0,1,0,0,1
3463,0,0.188488510242327,0.8770402061687477,0.4806757148295318,0,1,0,0,1,0,1,1,0,0,1,0,0,0,0,0,0,0,1,0,0,0,0,1,0,1,0,1,0,1
3464,0,-0.055833672077855,0.6344178441444933,0.1740094681009059,0,0,1,0,1,0,0,1,0,0,0,0,1,0,0,0,0,0,0,0,1,0,0,1,0,0,0,1,0,1
3465,0,-1.1552834925186746,-0.626886078981594,-0.9176535457176986,0,1,0,0,1,0,0,0,0,0,0,0,0,0,0,0,0,0,0,0,0,0,0,1,0,1,0,0,0,1
3466,0,1.6137012404433893,-1.3181936310507012,-0.2157094630568149,0,1,1,1,1,0,1,0,1,1,0,1,0,1,0,1,0,1,0,1,0,0,1,1,1,0,0,0,1,2
3467,1,-1.1145631287986442,0.8853491911695783,-0.8073578160641862,1,1,0,0,1,0,0,1,0,0,0,0,0,0,0,0,0,0,1,0,1,0,0,1,0,1,0,0,0,1
3468,0,-1.2774445836787656,-1.4976677070686424,-0.9970885302141584,0,1,1,1,1,0,0,0,1,1,0,1,0,1,0,1,0,1,0,1,0,0,0,0,0,0,1,0,0,2
3469,1,-0.7073594915983407,0.8886727851699104,-0.3879913927756013,0,0,0,0,1,0,0,1,0,0,0,0,0,0,0,0,0,0,1,0,1,0,0,1,0,1,0,1,0,1
3470,0,-0.9924020376385532,-0.4474120029636527,-0.8241889444093122,0,1,1,1,1,0,0,0,0,0,1,0,0,0,0,0,0,0,0,0,0,0,0,1,1,0,0,0,0,1
3471,0,0.1070477828022663,-1.451137391063991,-0.6788632910178443,0,0,0,0,1,0,0,0,1,1,0,1,0,1,0,1,0,1,0,1,0,1,0,0,0,0,1,1,0,2
3472,1,0.9621754209229036,1.329048990213933,1.571324007935324,0,0,0,0,1,0,1,1,0,0,0,0,1,0,1,0,0,0,1,0,1,0,0,0,0,1,0,0,1,0
3473,0,0.3920903288424788,1.3755793062185846,0.9851463231187668,1,1,1,0,1,0,1,1,0,0,0,0,0,0,1,0,1,0,1,0,1,0,0,1,0,0,0,1,0,0
3474,1,1.3286586944031769,0.6975661301508063,1.5038671396792358,0,1,1,1,1,0,1,1,0,0,1,0,1,0,0,0,0,0,0,0,0,0,0,1,0,1,0,0,1,0
3475,0,-1.2367242199587352,-1.477726143066649,-0.9917060986070668,0,0,1,1,1,0,0,0,1,1,0,1,0,1,0,1,0,1,0,1,0,1,0,0,0,0,1,0,0,2
3476,1,1.3286586944031769,1.1961052302006432,1.9389617340164116,0,1,1,0,1,0,1,1,0,0,1,0,0,0,0,0,0,0,1,0,1,1,0,1,0,1,0,0,1,0
3477,0,-0.5851984004382496,0.3120292261122658,-0.4120579209859977,0,0,0,0,1,0,1,1,0,0,0,0,0,0,0,0,0,0,0,0,0,0,0,1,0,1,0,1,0,1
3478,0,-0.3815965818380978,0.4582673621268844,-0.1926576555592308,0,0,0,0,1,0,1,0,0,0,1,0,0,0,1,0,0,0,1,0,1,1,0,1,0,1,0,1,0,1
3479,0,-1.1552834925186746,-0.6468276429835875,-0.918888857889818,1,0,0,0,1,0,0,0,0,0,0,0,0,0,0,0,0,0,0,0,0,0,0,1,0,0,1,0,0,1
3480,0,1.5322605130033284,-1.4926823160681442,-0.3732117650020306,0,1,1,0,1,0,0,0,1,1,0,1,0,1,0,1,0,1,0,1,0,0,1,0,1,0,0,0,1,2
3481,0,-1.1552834925186746,-0.467353566965646,-0.9111240385222106,0,0,0,0,1,0,1,0,0,0,0,0,0,0,0,0,0,0,0,0,0,0,0,0,0,1,0,0,0,1
3482,0,-0.5444780367182193,-0.6567984249845842,-0.6237816036288801,0,1,0,0,1,0,0,0,0,0,0,0,0,0,0,0,0,0,0,0,0,0,0,1,0,0,0,1,0,1
3483,0,-0.5851984004382496,0.4333404071243925,-0.4063887204818072,0,0,0,0,1,0,0,1,0,0,0,0,1,0,1,0,0,0,0,0,0,0,0,0,0,1,0,1,0,1
3484,1,0.2292088739623573,0.6211234681431647,0.3826889886053514,0,0,1,0,1,0,0,1,0,0,1,0,0,0,0,0,0,0,0,0,1,0,0,1,0,1,0,1,0,1
3485,0,-1.2367242199587352,0.2821168801092754,-0.9479628122264836,1,1,0,0,1,0,1,1,0,0,0,0,0,0,0,0,0,0,0,0,0,0,0,1,1,0,0,0,0,1
3486,0,0.5956921474426305,0.9983513871808744,0.9953597076846824,0,1,0,0,1,0,1,1,0,0,1,0,1,0,0,0,0,0,1,0,0,1,0,0,0,0,0,1,0,0
3487,0,0.7992939660427822,-1.4843733310673135,-0.529853760255949,0,0,1,1,1,0,0,0,1,1,0,1,0,1,0,1,0,1,0,1,0,0,1,0,0,0,0,0,1,2
3488,0,-0.9516816739185228,-0.1615829189350795,-0.7664822186545944,0,1,0,0,1,0,1,0,0,0,0,0,0,0,0,0,0,0,0,0,1,0,0,0,0,0,1,0,0,1
3489,0,-0.2594354906780068,0.8421424691652587,0.0144777247300656,0,0,1,0,1,0,1,0,0,0,1,0,1,0,1,0,1,0,1,0,1,1,0,1,1,0,0,1,0,1
3490,0,-0.9924020376385532,-0.4557209879644833,-0.8226668633400938,1,1,1,1,1,0,0,0,0,0,0,0,0,0,1,0,0,0,0,0,0,0,0,1,0,1,0,0,0,1
3491,0,0.4735310562825394,0.2056742181016338,0.4282631840981826,0,1,1,0,1,0,0,0,0,0,0,0,1,0,1,0,1,0,1,0,0,1,0,1,0,1,0,1,0,1
3492,0,-1.1960038562387048,-1.181926277037079,-0.9623233162273712,0,0,0,0,0,1,0,0,0,0,0,0,1,0,0,0,0,0,0,0,0,0,0,0,0,0,1,0,0,1
3493,0,-1.2367242199587352,-0.6036209209792681,-0.96699985516468,0,1,0,0,1,0,0,0,0,0,0,0,0,0,0,0,0,0,0,0,0,0,0,1,0,0,0,0,0,1
3494,0,-0.9516816739185228,0.684271754149477,-0.6728411441787624,1,0,1,1,1,0,1,1,0,0,0,0,0,0,0,0,0,0,1,0,0,0,0,1,0,0,0,0,0,1
3495,1,-1.2774445836787656,0.3519123541162524,-0.9725367007932864,1,1,0,0,1,0,1,1,0,0,0,0,0,0,0,0,0,0,0,0,0,0,0,1,0,1,0,0,0,1
3496,0,-0.3001558543980371,0.3170146171127639,-0.1444804808465765,0,1,0,0,1,0,0,1,0,0,1,0,0,0,0,0,0,0,0,0,0,0,0,0,0,0,0,1,0,1
3497,1,-1.2367242199587352,0.1508349170961516,-0.937925900828014,0,0,1,0,1,0,0,1,0,0,0,0,0,0,0,0,0,0,0,0,0,0,0,1,0,1,0,0,0,1
3498,0,0.4328106925625091,0.3469269631157543,0.4053878497680442,1,1,0,0,1,0,0,1,0,0,1,0,0,0,0,0,0,0,0,0,0,0,0,1,0,1,0,1,0,1
3499,0,-1.2774445836787656,-1.4577845790646555,-0.9965591107118212,1,0,0,0,1,0,0,0,1,1,0,1,0,1,0,1,0,1,0,1,0,0,0,0,0,0,1,0,0,2
3500,0,1.0436161483629645,0.9817334171792133,1.4693225171517557,0,0,1,0,1,0,1,1,0,0,0,0,1,0,1,0,0,0,0,0,1,1,0,1,0,1,0,0,1,0
3501,0,1.0843365120829946,0.3884718881199074,0.9881463669653424,0,0,1,1,1,0,1,0,0,0,1,0,0,0,1,0,1,0,1,0,0,0,1,1,0,0,1,0,1,0
3502,0,0.4735310562825394,-0.357674964954682,0.0708167834370796,0,1,0,0,0,1,0,0,0,0,1,0,0,0,1,0,0,0,1,0,1,1,0,1,0,1,0,1,0,1
3503,0,1.369379058123207,1.3124310202122718,2.0209996977326945,0,1,0,0,1,0,1,1,0,0,0,0,1,0,0,0,1,0,1,0,1,1,0,1,0,1,0,0,1,0
3504,0,1.4508197855632678,-1.4893587220678115,-0.3979621267362788,0,1,1,1,1,0,0,0,1,1,0,1,0,1,0,1,0,1,0,1,0,0,1,0,0,0,0,0,1,2
3505,0,-0.9516816739185228,-1.3231790220511994,-0.921844783444532,0,1,0,0,0,1,0,0,0,0,0,0,0,0,0,0,0,0,0,0,0,0,0,1,0,1,0,0,0,1
3506,0,-0.5444780367182193,0.6643301901474837,-0.2769677113063756,0,1,0,0,1,0,1,1,0,0,1,0,0,0,1,0,0,0,0,0,0,0,0,1,0,1,0,1,0,1
3507,0,-1.1552834925186746,-1.4960059100684764,-0.9712352111833747,0,1,0,0,1,0,0,0,1,1,0,1,0,1,0,1,0,1,0,1,0,0,0,0,0,0,1,0,0,2
3508,0,1.5322605130033284,1.624848856243503,2.496881652895739,0,0,0,0,1,0,1,1,0,0,1,0,1,0,1,0,1,0,1,0,1,0,1,1,0,0,0,0,1,0
3509,0,-1.2774445836787656,-0.6601220189849164,-0.9859707206650842,0,1,0,0,1,0,0,0,0,0,0,0,0,0,0,0,0,0,0,0,0,0,0,1,0,0,1,0,0,1
3510,0,-0.9924020376385532,0.3485887601159204,-0.7513496445461325,0,0,0,0,1,0,1,1,0,0,0,0,0,0,0,0,0,0,0,0,0,0,0,1,0,1,0,0,0,1
3511,0,0.8400143297628127,-1.3348116010523623,-0.4415068808034855,0,1,0,0,1,0,1,0,1,1,0,1,0,1,0,1,0,1,0,1,0,0,1,0,0,0,1,0,1,2
3512,1,0.758573602322752,-1.3215172250510334,-0.4495805282141226,0,1,0,0,1,0,1,0,1,1,0,1,0,1,0,1,0,1,0,1,0,1,0,0,0,0,0,0,1,2
3513,0,-0.8702409464784621,-1.4561227820644893,-0.8878295804193889,0,1,1,1,1,0,0,0,1,1,0,1,0,1,0,1,0,1,0,1,0,0,0,0,0,0,0,0,0,2
3514,0,1.125056875803025,1.5234792392333694,1.9002258737620985,0,1,1,1,1,0,1,1,0,0,1,0,0,0,1,0,1,0,1,0,1,0,1,1,0,1,0,0,1,0
3515,0,-0.62591876415828,-0.3078210549496983,-0.5936488102875405,0,1,0,0,1,0,0,0,0,0,1,0,1,0,0,0,0,0,0,0,0,0,0,1,1,0,0,1,0,1
3516,0,-1.1960038562387048,-0.7132995229902325,-0.9512275658242276,1,1,0,0,1,0,0,0,0,0,0,0,0,0,0,0,0,0,0,0,0,0,0,1,0,1,0,0,0,1
3517,0,1.5322605130033284,1.4869197052297147,2.318379044024494,1,1,1,0,1,0,0,1,0,0,1,0,1,0,1,0,1,0,1,0,1,1,0,1,0,0,0,0,1,0
3518,0,-1.2774445836787656,-1.505976692069473,-0.9971988259438118,0,1,0,0,1,0,0,0,1,1,0,1,0,1,0,1,0,1,0,1,0,0,0,0,0,0,1,0,0,2
3519,1,0.4328106925625091,0.6676537841478158,0.6025966143885244,0,1,0,0,1,0,1,1,0,0,0,0,0,0,0,0,0,0,1,0,0,0,0,1,0,1,0,1,0,1
3520,0,-0.6666391278783103,-1.5009913010689746,-0.8670498649526671,0,0,1,0,1,0,0,0,1,1,0,1,0,1,0,1,0,1,0,1,0,0,0,0,0,0,1,1,0,2
3521,0,1.002895784642934,-0.3759547319565092,0.3411516168178386,0,0,1,1,1,0,0,0,0,0,1,0,1,0,0,0,0,0,0,0,0,1,0,0,0,1,0,0,1,0
3522,0,0.188488510242327,-1.4943441130683104,-0.7070769386632128,0,1,1,1,1,0,0,0,1,1,0,1,0,1,0,1,0,1,0,1,0,1,0,0,1,0,0,1,0,2
3523,0,1.6137012404433893,1.5733331492383529,2.508661236822734,0,0,1,0,1,0,1,1,0,0,1,0,1,0,1,0,1,0,1,0,1,0,1,0,1,0,0,0,1,0
3524,1,-0.8702409464784621,0.6659919871476498,-0.6056931039657041,1,0,0,0,1,0,1,1,0,0,0,0,0,0,0,0,0,0,0,0,1,0,0,1,1,0,0,0,0,1
3525,1,0.7178532386027215,1.0066603721817051,1.1510311005176497,1,0,1,0,1,0,1,1,0,0,0,0,1,0,1,0,0,0,1,0,0,0,0,1,0,1,0,0,1,0
3526,1,-1.1145631287986442,-0.4789861459668089,-0.9011091862696716,1,1,0,0,1,0,0,0,0,0,0,0,0,0,1,0,0,0,0,0,0,0,0,0,0,1,0,0,0,1
3527,0,-1.2774445836787656,0.3269853991137605,-0.9728675879822468,1,1,1,0,1,0,1,1,0,0,0,0,0,0,0,0,0,0,0,0,0,0,0,1,0,0,0,0,0,1
3528,0,-0.6666391278783103,-1.4976677070686424,-0.8547188023774044,1,1,0,0,1,0,0,0,1,1,0,1,0,1,0,1,0,1,0,1,0,0,0,1,0,0,1,1,0,2
3529,1,-1.2367242199587352,0.3136910231124318,-0.9439701068130268,0,1,1,0,1,0,0,1,0,0,0,0,0,0,1,0,0,0,0,0,0,0,0,1,0,1,0,0,0,1
3530,0,-0.62591876415828,0.1408641350951549,-0.516949159886488,0,0,0,0,1,0,1,0,0,0,0,0,0,0,1,0,1,0,1,0,0,0,0,1,0,0,1,1,0,1
3531,0,-0.6666391278783103,-1.5093002860698053,-0.8753882221144726,0,0,0,0,1,0,0,0,1,1,0,1,0,1,0,1,0,1,0,1,0,1,0,0,1,0,0,1,0,2
3532,0,-0.7073594915983407,-0.1765390919365744,-0.6119579014100236,1,0,0,0,1,0,0,0,0,0,0,0,0,0,1,0,0,0,0,0,1,0,0,1,0,1,0,1,0,1
3533,0,-0.9109613101984924,-1.4943441130683104,-0.9183153200956196,0,0,0,0,1,0,0,0,1,1,0,1,0,1,0,1,0,1,0,1,0,1,0,1,0,0,1,0,0,2
3534,0,0.5549717837226001,1.3440051632154282,1.1219792053269146,1,0,0,1,1,0,0,1,0,0,1,0,1,0,0,0,1,0,1,0,1,1,0,1,0,0,0,1,0,0
3535,0,1.2879383306831464,1.476948923228718,1.9683003981042455,0,1,1,1,1,0,1,1,0,0,0,0,1,0,1,0,1,0,1,0,1,0,1,1,1,0,0,0,1,0
3536,0,-1.2774445836787656,0.4782089261288781,-0.9708602057025528,0,0,0,0,1,0,1,1,0,0,0,0,1,0,0,0,0,0,0,0,0,0,0,1,0,0,1,0,0,1
3537,0,-0.3001558543980371,-0.3693075439558449,-0.4077784466754414,0,1,1,1,1,0,0,0,0,0,0,0,1,0,1,0,0,0,0,0,0,1,0,0,0,0,1,1,0,1
3538,0,1.5729808767233588,1.177825463198816,2.174707826577829,0,1,1,1,1,0,0,1,0,0,1,0,1,0,1,0,1,0,1,0,0,0,1,0,1,0,0,0,1,0
3539,0,-0.9924020376385532,-0.6518130339840859,-0.8123652421904556,1,1,0,0,1,0,0,0,0,0,0,0,0,0,0,0,0,0,0,0,0,0,0,1,0,0,1,0,0,1
3540,0,1.6137012404433893,1.4586691562268908,2.402953809522808,0,0,1,1,1,0,0,1,0,0,1,0,1,0,1,0,1,0,1,0,1,0,1,1,0,0,0,0,1,0
3541,0,0.6771328748826912,-0.801374763999037,-0.0922003049908116,0,0,1,0,0,1,0,0,0,0,1,0,0,0,0,0,0,0,1,0,0,0,0,0,0,0,0,0,1,1
3542,0,-0.1372743995179157,-0.3128064459501966,-0.2835854550855864,0,1,1,1,0,1,0,0,0,0,1,0,1,0,1,0,1,0,0,0,1,1,0,1,1,0,0,1,0,1
3543,0,1.6137012404433893,1.3572995392167568,2.3390484637615625,0,1,1,0,1,0,1,1,0,0,1,0,1,0,1,0,1,0,0,0,1,0,1,0,0,0,0,0,1,0
3544,0,-0.055833672077855,0.965115447177552,0.3263719890442679,1,1,1,0,1,0,1,1,0,0,0,0,1,0,1,0,0,0,1,0,0,0,0,0,0,1,0,1,0,1
3545,0,0.7178532386027215,1.0282637331838649,1.0809050756039464,0,0,0,0,1,0,1,1,0,0,0,0,0,0,0,0,0,0,1,0,1,0,0,1,0,1,0,0,1,0
3546,0,1.5729808767233588,0.612814483142334,1.6969508440106749,0,1,1,0,1,0,1,0,0,0,1,0,0,0,1,0,1,0,1,0,1,0,1,0,0,1,0,0,1,0
3547,1,1.5322605130033284,0.8404806721650927,1.788408063039367,0,1,1,0,1,0,1,0,0,0,1,0,1,0,1,0,1,0,1,0,1,0,1,0,1,0,0,0,1,0
3548,0,1.5729808767233588,1.0930738161903435,1.9447853485421167,0,1,0,0,1,0,1,1,0,0,1,0,0,0,0,0,1,0,0,0,1,1,0,0,1,0,0,0,1,0
3549,0,1.1657772395230557,0.1092899920919985,0.8287690376160171,0,1,1,1,1,0,0,0,0,0,1,0,1,0,1,0,1,0,0,0,0,0,1,1,0,0,0,0,1,0
3550,0,-0.0151133083578247,1.044881703185526,0.3986818694051107,1,1,0,0,1,0,0,1,0,0,0,0,0,0,0,0,1,0,1,0,1,0,0,1,0,1,0,1,0,1
3551,0,-1.2774445836787656,0.4931650991303729,-0.9706616733891767,1,0,0,1,1,0,0,1,0,0,0,0,0,0,0,0,0,0,0,0,1,0,0,1,0,1,0,0,0,1
3552,0,1.4508197855632678,1.2409737492051285,2.148391265482501,0,1,0,0,1,0,1,1,0,0,1,0,1,0,1,0,0,0,0,0,1,0,1,1,0,0,0,0,1,0
3553,0,1.2064976032430856,-1.3746947290563494,-0.3750426741142789,0,1,0,0,1,0,1,0,1,1,0,1,0,1,0,1,0,1,0,1,0,0,1,0,0,0,0,0,1,2
3554,0,-1.0331224013585834,0.2089978121019659,-0.7972547272279245,0,0,0,1,1,0,0,1,0,0,0,0,0,0,0,0,0,0,0,0,0,0,0,1,0,1,0,0,0,1
3555,0,-0.5037576729981889,0.6809481601491449,-0.2405480613747858,1,1,0,0,1,0,1,1,0,0,0,0,0,0,0,0,0,0,1,0,0,0,0,1,0,1,0,1,0,1
3556,0,-1.0738427650786138,-1.505976692069473,-0.9557055724481603,0,1,1,1,1,0,0,0,1,1,0,1,0,1,0,1,0,1,0,1,0,1,0,0,0,0,1,0,0,2
3557,1,0.0256070553622056,-0.1765390919365744,-0.1743044461448862,0,0,0,0,0,1,0,0,0,0,1,0,1,0,1,0,0,0,1,0,1,0,0,1,0,0,0,1,0,1
3558,0,-0.1779947632379461,0.9119379431722362,0.1272440787278166,0,1,1,1,1,0,1,1,0,0,0,0,0,0,0,0,0,0,1,0,1,1,0,0,0,0,0,1,0,1
3559,0,-0.2187151269579764,-1.4926823160681442,-0.7984238619622517,0,1,0,0,1,0,0,0,1,1,0,1,0,1,0,1,0,1,0,1,0,0,1,0,1,0,0,1,0,2
3560,0,-1.0331224013585834,-0.6933579589882389,-0.8829545091687035,0,1,0,0,1,0,0,0,0,0,0,0,0,0,0,0,0,0,0,0,0,0,0,0,0,0,1,0,0,1
3561,0,-0.2594354906780068,0.5230774451333633,-0.084236953309828,1,1,0,0,1,0,1,1,0,0,0,0,0,0,0,0,1,0,0,0,0,0,0,1,0,1,0,1,0,1
3562,1,-1.1145631287986442,0.8321716871642622,-0.7840412988154337,1,1,0,0,1,0,1,1,0,0,0,0,1,0,0,0,0,0,0,0,1,0,0,1,0,1,0,0,0,1
3563,1,-0.0965540357978854,0.8554368451665879,0.1394648455734257,0,1,0,0,1,0,1,1,0,0,1,0,0,0,0,0,0,0,0,0,1,0,0,1,1,0,0,1,0,1
3564,0,1.247217966963116,0.8537750481664219,1.564331258675291,0,1,0,0,1,0,1,1,0,0,0,0,1,0,0,0,0,0,0,0,1,1,0,0,1,0,0,0,1,0
3565,0,-1.2774445836787656,-0.46569176996548,-0.983389800591192,1,1,0,0,1,0,0,0,0,0,0,0,1,0,0,0,0,0,0,0,0,0,0,1,0,1,0,0,0,1
3566,0,0.8400143297628127,0.6593447991469852,0.9573738583920124,0,0,0,1,1,0,1,0,0,0,0,0,1,0,1,0,1,0,1,0,1,1,0,1,0,1,0,0,1,0
3567,0,-0.748079855318371,0.827186296163764,-0.4726764540035681,1,0,1,1,1,0,0,1,0,0,0,0,1,0,0,0,1,0,0,0,1,0,0,1,1,0,0,1,0,1
3568,0,-0.4630373092781585,1.1429277261953277,-0.1426495717343282,0,0,0,0,1,0,0,1,0,0,0,0,1,0,0,0,1,0,1,0,1,0,0,1,0,0,0,1,0,1
3569,0,-0.62591876415828,-1.4893587220678115,-0.8687484191893312,0,1,0,0,1,0,0,0,1,1,0,1,0,1,0,1,0,1,0,1,0,1,0,0,0,0,1,1,0,2
3570,0,-0.6666391278783103,-1.4710789550659844,-0.8775941367075429,0,1,1,1,1,0,0,0,1,1,0,1,0,1,0,1,0,1,0,1,0,0,1,0,0,0,1,1,0,2
3571,0,0.1070477828022663,-0.0884638509277699,-0.0810163180039455,0,0,0,0,1,0,0,0,0,0,0,0,0,0,1,0,0,0,0,0,1,0,0,1,0,1,0,1,0,1
3572,1,-0.0151133083578247,0.4898415051300408,0.1699726443955873,0,0,0,0,1,0,0,1,0,0,0,0,0,0,0,0,0,0,0,0,1,0,0,1,0,1,0,1,0,1
3573,0,-0.1779947632379461,-1.502653098069141,-0.7658645625685349,0,0,1,1,1,0,0,0,1,1,0,1,0,1,0,1,0,1,0,1,0,0,0,1,0,0,0,1,0,2
3574,0,-1.2774445836787656,-1.4760643460664828,-0.9968017613170592,0,0,0,0,1,0,0,0,1,1,0,1,0,1,0,1,0,1,0,1,0,0,0,1,0,0,1,0,0,2
3575,0,1.0843365120829946,-0.4341176269623235,0.3203277830592555,0,1,0,0,0,1,0,0,0,0,0,0,0,0,0,0,1,0,1,0,1,0,0,1,0,1,0,0,1,0
3576,0,1.6137012404433893,-1.3780183230566818,-0.2896737793624602,0,0,1,1,1,0,1,0,1,1,0,1,0,1,0,1,0,1,0,1,0,1,0,1,0,0,0,0,1,2
3577,0,0.1477681465222966,0.0212147510831942,0.0964715701544867,1,1,0,0,1,0,0,0,0,0,0,0,1,0,0,0,1,0,0,0,1,1,0,1,0,0,1,1,0,1
3578,0,0.3106496014024181,0.0112439690821971,0.1351191938250774,0,0,0,0,1,0,0,0,0,0,1,0,1,0,0,0,0,0,1,0,0,0,0,0,0,0,1,1,0,1
3579,0,0.3106496014024181,0.5463426031356892,0.4467266892421808,0,1,1,1,1,0,1,1,0,0,0,0,0,0,1,0,0,0,0,0,0,0,0,1,0,1,0,1,0,1
3580,0,-0.9516816739185228,0.2704843011081128,-0.718393280525663,1,0,0,1,1,0,0,0,0,0,0,0,0,0,1,0,1,0,1,0,1,0,0,1,0,0,1,0,0,1
3581,0,1.247217966963116,0.3236618051134285,1.0565517784964509,0,1,1,1,1,0,0,0,0,0,1,0,1,0,1,0,1,0,1,0,0,0,1,0,1,0,0,0,1,0
3582,0,-1.1960038562387048,0.5230774451333633,-0.9032709825708808,0,0,0,0,1,0,0,1,0,0,0,0,0,0,0,0,0,0,1,0,0,0,0,1,0,1,0,0,0,1
3583,0,0.3106496014024181,-0.1482885429337505,0.0744565425156455,0,1,1,1,0,1,0,0,0,0,0,0,1,0,1,0,1,0,1,0,1,1,0,0,0,0,1,1,0,1
3584,0,-0.9924020376385532,0.3402797751150897,-0.715437354970949,0,1,1,0,1,0,0,1,0,0,1,0,0,0,0,0,0,0,0,0,0,0,0,1,0,0,1,0,0,1
3585,1,0.0663274190822359,0.8438042661654253,0.3745932820487836,0,1,1,0,1,0,0,1,0,0,1,0,0,0,0,0,1,0,1,0,0,1,0,0,0,0,1,1,0,1
3586,0,-1.1145631287986442,-0.8229781250011965,-0.9071975105465456,1,1,0,0,0,1,0,0,0,0,1,0,0,0,1,0,1,0,0,0,0,0,0,0,0,0,1,0,0,1
3587,1,-0.9516816739185228,1.152898508196324,-0.6001562583370977,1,1,0,0,1,0,1,1,0,0,0,0,1,0,0,0,0,0,1,0,1,0,0,1,1,0,0,0,0,1
3588,0,-0.9516816739185228,0.142525932095321,-0.7172682640831972,0,1,1,0,1,0,1,0,0,0,0,0,1,0,1,0,0,0,0,0,1,0,0,1,1,0,0,0,0,1
3589,0,-0.055833672077855,-0.1682301069357438,-0.2004004157809073,0,1,1,1,1,0,1,0,0,0,0,0,0,0,0,0,0,0,0,0,1,0,0,0,0,0,0,1,0,1
3590,0,0.7178532386027215,-1.4926823160681442,-0.5897002231659448,0,0,1,0,1,0,0,0,1,1,0,1,0,1,0,1,0,1,0,1,0,1,0,1,0,0,0,0,1,2
3591,0,-1.2367242199587352,0.7141841001524675,-0.9256389565446128,1,0,0,0,1,0,0,1,0,0,1,0,1,0,0,0,1,0,0,0,0,0,0,1,0,1,0,0,0,1
3592,0,-1.2774445836787656,-0.6351950639824246,-0.9856398334761236,1,0,0,0,1,0,0,0,0,0,0,0,0,0,0,0,0,0,0,0,0,0,0,1,0,1,0,0,0,1
3593,0,-0.9924020376385532,0.1774236690988095,-0.7625336315329988,1,1,0,0,1,0,0,1,0,0,0,0,0,0,0,0,0,0,0,0,0,0,0,1,0,0,1,0,0,1
3594,0,-0.9516816739185228,-0.7980511699987046,-0.8472186927609655,0,0,0,0,0,1,0,0,0,0,0,0,1,0,0,0,0,0,0,0,1,0,0,0,0,1,0,0,0,1
3595,1,-1.2367242199587352,0.180747263099142,-0.954624674297556,1,0,0,0,1,0,0,1,0,0,0,0,0,0,0,0,0,0,0,0,0,0,0,1,0,0,0,0,0,1
3596,0,-1.1960038562387048,-0.3128064459501966,-0.9328964155558142,1,0,0,0,1,0,0,0,0,0,1,0,1,0,0,0,0,0,0,0,0,0,0,0,0,1,0,0,0,1
3597,0,-0.3001558543980371,1.0282637331838649,0.0258602440303079,0,1,1,0,1,0,0,1,0,0,0,0,0,0,0,0,1,0,1,0,1,0,0,1,1,0,0,1,0,1
3598,1,-1.2774445836787656,-0.613591702980265,-0.9853530645790244,0,1,0,0,1,0,0,0,0,0,0,0,0,0,0,0,0,0,0,0,0,0,0,0,0,1,0,0,0,1
3599,0,0.5142514200025698,0.5496661971360212,0.5564929993933562,0,0,1,1,1,0,1,0,0,0,1,0,1,0,1,0,1,0,1,0,0,0,0,0,0,0,1,1,0,0
3600,1,0.758573602322752,0.6460504231456565,0.8233866060089257,1,1,1,1,1,0,1,1,0,0,0,0,1,0,1,0,0,0,0,0,0,0,0,1,0,1,0,0,1,0
3601,0,0.9214550572028734,-1.4876969250676455,-0.5261037054477296,0,0,1,1,1,0,0,0,1,1,0,1,0,1,0,1,0,1,0,1,0,0,0,0,1,0,0,0,1,2
3602,0,0.2292088739623573,0.0461417060856861,0.1070599602012239,0,0,0,0,1,0,1,0,0,0,1,0,1,0,1,0,0,0,0,0,0,0,0,1,0,0,0,1,0,1
3603,0,-1.2367242199587352,-0.62854787598176,-0.970044017303117,1,1,0,0,1,0,0,0,0,0,0,0,0,0,0,0,0,0,0,0,0,0,0,0,0,0,1,0,0,1
3604,0,0.2292088739623573,-1.5009913010689746,-0.6893193261889972,0,1,1,1,1,0,0,0,1,1,0,1,0,1,0,1,0,1,0,1,0,0,0,0,0,1,0,1,0,2
3605,0,0.0663274190822359,-0.4972659129686364,-0.24068041625037,0,1,0,0,1,0,0,0,0,0,0,0,1,0,0,0,0,0,0,0,0,0,0,1,0,1,0,1,0,1
3606,0,1.5322605130033284,1.2293411702039656,2.1130745728474465,0,0,1,0,1,0,1,1,0,0,0,0,0,0,1,0,0,0,1,0,1,1,0,1,0,1,0,0,1,0
3607,0,-0.7888002190384014,-0.3194536339508612,-0.6780250434724775,0,0,0,0,1,0,0,0,0,0,1,0,0,0,0,0,1,0,0,0,0,1,0,0,0,0,1,1,0,1
3608,0,0.2699292376823877,0.3485887601159204,0.3255558006448319,1,1,0,0,1,0,1,1,0,0,0,0,0,0,0,0,0,0,0,0,0,0,0,0,0,1,0,1,0,1
3609,0,1.1657772395230557,1.302460238211275,1.827938052547186,0,0,0,0,1,0,1,1,0,0,0,0,1,0,1,0,0,0,1,0,1,1,0,1,0,1,0,0,1,0
3610,0,-0.8295205827584317,1.17616366619865,-0.492110561568517,1,0,0,0,1,0,1,1,0,0,0,0,0,0,1,0,0,0,1,0,1,0,0,1,0,0,0,0,0,1
3611,0,0.3513699651224484,1.1595456961969886,0.8561664968619497,0,1,0,0,1,0,0,1,0,0,0,0,1,0,0,0,1,0,1,0,1,0,1,1,1,0,0,1,0,0
3612,0,-0.4630373092781585,0.2970730531107706,-0.3181080184671357,0,1,0,0,1,0,1,1,0,0,0,0,0,0,0,0,0,0,0,0,0,0,0,1,0,1,0,1,0,1
3613,1,0.9214550572028734,-0.4889569279678058,0.2045834443608594,0,1,0,0,0,1,0,0,0,0,0,0,0,0,1,0,0,0,1,0,1,1,0,1,0,0,0,0,1,0
3614,0,1.4915401492832985,-0.1499503399339166,0.7834374927284234,0,1,1,0,0,1,0,0,0,0,1,0,0,0,1,0,1,0,1,0,1,0,1,0,0,0,0,0,1,0
3615,1,-0.2594354906780068,1.3622849302172555,0.1899361714628731,1,1,1,1,1,0,1,1,0,0,0,0,1,0,1,0,0,0,1,0,1,0,0,0,0,1,0,1,0,1
3616,1,1.4915401492832985,0.749081837155956,1.6658253891024537,0,0,1,0,1,0,0,1,0,0,1,0,1,0,0,0,0,0,0,0,1,1,0,0,1,0,0,0,1,0
3617,1,-0.5851984004382496,-0.5454580259734538,-0.6481128415904449,1,0,1,0,0,1,0,0,0,0,0,0,0,0,1,0,0,0,1,0,1,0,0,1,0,1,0,1,0,1
3618,0,0.5956921474426305,-0.3493659799538514,0.1140306503153257,0,1,1,1,1,0,1,0,0,0,0,0,1,0,0,0,0,0,0,0,0,0,0,0,0,1,0,1,0,1
3619,0,1.6137012404433893,0.682609957149311,1.698318511058378,0,0,1,1,1,0,0,0,0,0,1,0,1,0,1,0,1,0,1,0,1,0,1,0,0,0,0,0,1,0
3620,1,0.0256070553622056,-0.4906187249679718,-0.2333347206554462,0,1,1,0,0,1,0,0,0,0,0,0,1,0,1,0,1,0,1,0,0,0,0,1,0,1,0,1,0,1
3621,0,-1.2367242199587352,-1.341458789053027,-0.9896545980355116,1,0,1,1,0,1,0,0,0,0,0,0,0,0,0,0,0,0,0,0,0,0,0,1,0,0,1,0,0,1
3622,0,1.6137012404433893,0.8703930181680831,1.92916747322318,0,0,1,1,1,0,1,0,0,0,1,0,1,0,1,0,1,0,1,0,1,0,1,0,1,0,0,0,1,0
3623,1,0.188488510242327,0.2488809401059529,0.1304647140336991,0,1,1,0,1,0,0,1,0,0,0,0,0,0,0,0,0,0,0,0,0,0,0,1,0,0,0,1,0,1
3624,1,1.2064976032430856,1.0415581091851935,1.649854567448625,0,0,1,1,1,0,1,1,0,0,0,0,1,0,1,0,0,0,0,0,1,0,0,1,1,0,0,0,1,0
3625,0,1.5729808767233588,-1.4926823160681442,-0.3971238791909121,0,0,1,0,1,0,0,0,1,1,0,1,0,1,0,1,0,1,0,1,0,0,1,0,1,0,0,0,1,2
3626,0,-0.3815965818380978,-0.3144682429503628,-0.4392127296266924,0,1,0,1,1,0,0,0,0,0,0,0,1,0,0,0,1,0,0,0,0,0,0,1,0,0,0,1,0,1
3627,0,-0.6666391278783103,-1.4843733310673135,-0.8751235123633042,0,0,0,0,1,0,0,0,1,1,0,1,0,1,0,1,0,1,0,1,0,1,0,0,0,0,1,1,0,2
3628,0,-0.9516816739185228,0.1574821050968162,-0.7175770921262271,0,1,0,0,1,0,0,0,0,0,1,0,0,0,1,0,1,0,1,0,0,0,0,1,0,0,1,0,0,1
3629,0,-0.62591876415828,-1.3165318340505352,-0.8237477614906982,0,1,1,1,1,0,1,0,1,1,0,1,0,1,0,1,0,1,0,1,0,0,1,1,0,0,1,1,0,2
3630,0,-1.1552834925186746,-1.4561227820644893,-0.9680586941693538,1,0,0,0,1,0,0,0,1,1,0,1,0,1,0,1,0,1,0,1,0,0,0,0,0,0,0,0,0,2
3631,1,-1.2774445836787656,-0.5055748979694671,-0.9839192200935288,1,0,1,0,1,0,0,0,0,0,1,0,0,0,0,0,0,0,0,0,0,0,0,1,0,1,0,0,0,1
3632,0,-0.3408762181180675,0.4948268961305394,-0.1548703385799374,0,0,1,0,1,0,1,1,0,0,0,0,0,0,1,0,0,0,0,0,0,0,0,1,0,0,1,1,0,1
3633,1,-1.2774445836787656,0.2156450001026305,-0.974345550759604,0,0,0,0,1,0,0,1,0,0,0,0,0,0,0,0,0,0,0,0,0,0,0,1,0,1,0,0,0,1
3634,1,1.6137012404433893,1.6298342472440013,2.455653109151256,0,1,0,0,1,0,1,1,0,0,1,0,1,0,1,0,1,0,1,0,1,0,1,0,0,0,0,0,1,0
3635,0,1.6137012404433893,-1.3364733980525287,-0.2334008980932382,0,0,1,0,1,0,1,0,1,1,0,1,0,1,0,1,0,1,0,1,0,0,1,0,0,1,0,0,1,2
3636,0,-0.8702409464784621,-1.4976677070686424,-0.9103960867064976,0,0,0,1,1,0,0,0,1,1,0,1,0,1,0,1,0,1,0,1,0,0,0,0,1,0,0,0,0,2
3637,0,-0.9516816739185228,-1.479387940066815,-0.9270286827382472,1,1,0,0,1,0,0,0,1,1,0,1,0,1,0,1,0,1,0,1,0,0,0,0,0,0,1,0,0,2
3638,1,-1.2367242199587352,-0.4856333339674735,-0.954999679778378,1,0,1,0,1,0,0,0,0,0,0,0,1,0,0,0,0,0,0,0,0,0,0,0,1,0,0,0,0,1
3639,1,1.125056875803025,1.1877962451998123,1.6541119826132504,0,0,1,0,1,0,1,1,0,0,0,0,0,0,1,0,0,0,1,0,1,1,0,1,1,0,0,0,1,0
3640,1,-0.1372743995179157,1.034910921184529,0.205355514468434,1,1,1,0,1,0,1,1,0,0,0,0,1,0,1,0,0,0,0,0,1,0,0,1,0,1,0,1,0,1
3641,0,0.6771328748826912,0.3220000081132624,0.6362588710787764,0,0,0,0,1,0,0,0,0,0,0,0,0,0,1,0,1,0,1,0,1,0,1,1,0,0,0,0,1,0
3642,1,-0.0965540357978854,1.307445629211773,0.3711961735754553,0,0,0,0,1,0,1,1,0,0,0,0,1,0,1,0,0,0,1,0,1,0,0,1,0,1,0,1,0,1
3643,0,0.8400143297628127,-1.519271068070802,-0.5688102119695695,0,0,1,0,1,0,0,0,1,1,0,1,0,1,0,1,0,1,0,1,0,1,0,0,1,0,0,0,1,2
3644,0,0.2699292376823877,-1.3215172250510334,-0.5626777694008342,0,1,0,1,1,0,1,0,1,1,0,1,0,1,0,1,0,1,0,1,0,0,1,0,0,0,1,1,0,2
3645,0,-0.9516816739185228,-1.519271068070802,-0.93622734659135,0,0,0,0,1,0,0,0,1,1,0,1,0,1,0,1,0,1,0,1,0,0,0,0,0,0,1,0,0,2
3646,0,0.2699292376823877,0.5696077611380149,0.4147188684967314,0,1,0,0,1,0,0,1,0,0,0,0,0,0,1,0,1,0,0,0,0,1,0,0,0,1,0,1,0,1
3647,1,-0.9924020376385532,0.1641292930974807,-0.7530481987827967,0,1,0,0,1,0,0,1,0,0,0,0,0,0,0,0,0,0,0,0,0,0,0,1,0,1,0,0,0,1
3648,0,0.758573602322752,0.8438042661654253,1.0037421831383493,0,0,1,1,1,0,1,1,0,0,0,0,0,0,1,0,0,0,0,0,1,1,0,1,0,1,0,0,1,0
3649,0,1.5729808767233588,-1.3098846460498703,-0.1906723324254675,0,1,1,1,1,0,1,0,1,1,0,1,0,1,0,1,0,1,0,1,0,0,1,0,1,0,0,0,1,2
3650,1,1.5729808767233588,-1.3331498040521963,-0.2263199122494827,0,1,0,0,1,0,1,0,1,1,0,1,0,1,0,1,0,1,0,1,0,0,1,1,0,0,1,0,1,2
3651,1,1.5322605130033284,-1.502653098069141,-0.3607483475511837,0,0,1,0,1,0,0,0,1,1,0,1,0,1,0,1,0,1,0,1,0,0,1,1,1,0,0,0,1,2
3652,1,-1.2774445836787656,-1.3132082400502028,-0.9946399650158504,1,0,0,0,0,1,0,0,0,0,0,0,0,0,0,0,0,0,0,0,0,0,0,0,0,1,0,0,0,1
3653,0,0.2292088739623573,-0.1582593249347472,-0.0381774566065213,0,1,1,0,0,1,0,0,0,0,1,0,1,0,0,0,1,0,1,0,1,0,1,1,0,0,0,1,0,1
3654,0,-0.1779947632379461,0.8354952811645946,0.0678387987364348,0,0,1,0,1,0,0,1,0,0,0,0,1,0,1,0,0,0,0,0,1,0,0,0,1,0,0,1,0,1
3655,0,-0.0151133083578247,-1.5076384890696393,-0.722915405441457,0,0,1,0,1,0,0,0,1,1,0,1,0,1,0,1,0,1,0,1,0,0,0,0,0,0,0,1,0,2
3656,1,0.6771328748826912,-0.4972659129686364,0.0523532782930817,0,1,1,0,1,0,0,0,0,0,0,0,1,0,0,0,0,0,0,0,0,0,1,0,0,0,1,0,1,1
3657,0,0.188488510242327,-1.3514295710540236,-0.6255463353033364,0,0,1,1,1,0,1,0,1,1,0,1,0,1,0,1,0,1,0,1,0,0,1,1,0,0,0,1,0,2
3658,0,-0.9109613101984924,-0.3493659799538514,-0.7485701921588641,0,0,0,0,1,0,0,0,0,0,0,0,0,0,1,0,1,0,0,0,0,0,0,0,0,1,0,0,0,1
3659,0,1.4100994218432374,1.5002140812310438,2.229149798734803,0,1,1,0,1,0,1,1,0,0,1,0,1,0,1,0,0,0,1,0,1,1,0,0,1,0,0,0,1,0
3660,0,-1.0331224013585834,-0.9725398550161476,-0.895682636370719,0,1,0,0,0,1,0,0,0,0,0,0,0,0,1,0,1,0,0,0,0,1,0,1,1,0,0,0,0,1
3661,0,0.758573602322752,0.7573908221567865,0.9689107917137696,0,0,0,0,1,0,0,1,0,0,0,0,0,0,0,0,0,0,1,0,1,1,0,0,1,0,0,0,1,0
3662,0,-0.9516816739185228,-0.6518130339840859,-0.822049207254034,1,0,0,0,1,0,0,0,0,0,0,0,0,0,0,0,0,0,0,0,0,0,0,0,0,1,0,0,0,1
3663,0,-0.9516816739185228,0.785641371159611,-0.6578629840918155,0,0,0,0,1,0,0,1,0,0,0,0,0,0,0,0,0,0,1,0,1,0,0,1,0,0,1,0,0,1
3664,0,-1.1552834925186746,-0.4640299729653139,-0.9165285292752328,0,1,0,0,1,0,0,0,0,0,0,0,0,0,0,0,1,0,0,0,0,0,0,1,0,0,1,0,0,1
3665,0,1.5729808767233588,1.1379423351948288,2.0801182088269767,0,1,1,0,1,0,1,1,0,0,1,0,1,0,1,0,0,0,1,0,0,0,1,1,0,1,0,0,1,0
3666,0,0.7178532386027215,0.6526976111463211,0.8101952367423654,1,0,1,1,1,0,1,1,0,0,0,0,0,0,0,0,0,0,1,0,0,0,0,1,0,0,0,0,1,0
3667,1,-0.3408762181180675,1.0565142821866886,-0.0071843565738843,0,0,1,1,1,0,0,1,0,0,0,0,0,0,1,0,0,0,1,0,1,0,1,1,0,1,0,1,0,1
3668,0,-0.4223169455581282,-0.1665683099355778,-0.3994400895136359,0,1,1,0,1,0,0,0,0,0,1,0,0,0,0,0,0,0,1,0,0,1,0,1,0,0,0,1,0,1
3669,0,0.4735310562825394,1.5533915852363596,1.162700388714991,0,1,0,0,1,0,1,1,0,0,1,0,1,0,1,0,0,0,1,0,1,0,0,1,0,1,0,1,0,0
3670,0,0.0256070553622056,-1.3464441800535252,-0.6358479564529744,0,0,1,1,1,0,1,0,1,1,0,1,0,1,0,1,0,1,0,1,0,0,0,0,0,0,0,1,0,2
3671,0,-1.2774445836787656,0.3436033691154218,-0.97264699652294,1,0,0,0,1,0,1,1,0,0,0,0,0,0,0,0,0,0,0,0,0,0,0,1,0,1,0,0,0,1
3672,0,0.880734693482843,0.179085466098976,0.6335014778374387,1,0,1,0,1,0,1,0,0,0,0,0,0,0,0,0,0,0,1,0,1,1,0,1,1,0,0,0,1,0
3673,0,0.3920903288424788,1.2293411702039656,0.8795933098403554,1,1,0,0,1,0,1,1,0,0,0,0,1,0,0,0,0,0,1,0,1,0,0,1,0,1,0,1,0,0
3674,0,-1.2774445836787656,-0.6302096729819263,-0.9855736560383316,1,0,0,0,1,0,0,0,0,0,0,0,0,0,0,0,0,0,0,0,0,0,0,0,0,1,0,0,0,1
3675,0,-1.2774445836787656,-1.4710789550659844,-0.996735583879267,0,0,0,0,1,0,0,0,1,1,0,1,0,1,0,1,0,1,0,1,0,0,0,0,0,0,1,0,0,2
3676,0,-0.0965540357978854,0.1873944510998066,-0.1036710608747769,0,1,0,0,1,0,0,0,0,0,1,0,1,0,0,0,1,0,1,0,0,1,0,0,0,1,0,1,0,1
3677,0,-1.2774445836787656,-1.1370577580325938,-0.9923016955471956,0,0,0,0,0,1,0,0,0,0,0,0,0,0,0,0,1,0,0,0,0,0,0,0,0,0,1,0,0,1
3678,0,-0.6666391278783103,0.6693155811479823,-0.3888958177587601,0,1,1,1,1,0,1,0,0,0,1,0,1,0,0,0,1,0,1,0,1,0,0,0,0,1,0,1,0,1
3679,0,-1.2774445836787656,-1.4843733310673135,-0.9969120570467128,1,1,0,0,1,0,0,0,1,1,0,1,0,1,0,1,0,1,0,1,0,0,0,1,0,0,1,0,0,2
3680,0,-0.9516816739185228,-0.801374763999037,-0.8606527126327633,1,1,1,0,0,1,0,0,0,0,0,0,0,0,0,0,1,0,1,0,0,0,0,0,0,0,1,0,0,1
3681,1,0.5549717837226001,1.2044142152014738,1.0589782845488285,1,1,1,0,1,0,1,1,0,0,0,0,0,0,1,0,0,0,1,0,1,0,0,1,0,1,0,1,0,0
3682,0,-1.2774445836787656,0.144187729095487,-0.9752940940346242,1,1,0,0,1,0,0,1,0,0,0,0,0,0,0,0,0,0,0,0,0,0,0,1,0,1,0,0,0,1
3683,0,1.5729808767233588,-0.3410569949530208,0.6610974693967474,0,1,1,0,1,0,0,0,0,0,1,0,0,0,0,0,1,0,0,0,0,0,1,0,0,0,0,0,1,0
3684,0,0.4328106925625091,0.3519123541162524,0.3889758451956016,0,1,0,0,1,0,1,1,0,0,0,0,0,0,0,0,0,0,0,0,0,0,0,1,1,0,0,1,0,1
3685,0,0.7178532386027215,-0.6750781919864114,-0.0402730754699381,0,1,1,0,0,1,0,0,0,0,1,0,0,0,0,0,1,0,1,0,0,1,0,1,0,0,0,0,1,1
3686,0,-0.7888002190384014,0.3402797751150897,-0.5648395657020431,1,0,0,0,1,0,1,1,0,0,0,0,0,0,0,0,0,0,0,0,0,0,0,1,0,0,1,1,0,1
3687,0,-0.5444780367182193,1.1711782751981514,-0.17253971447043,1,1,1,1,1,0,0,1,0,0,0,0,1,0,0,0,1,0,1,0,1,1,0,0,0,0,0,1,0,1
3688,0,0.3513699651224484,1.1063681921916724,0.7548047213103716,0,0,0,0,1,0,1,1,0,0,0,0,0,0,1,0,0,0,1,0,1,0,0,0,0,0,0,1,0,0
3689,1,-1.2774445836787656,0.2123214061022984,-0.9743896690514654,1,0,0,0,1,0,0,1,0,0,0,0,0,0,0,0,0,0,0,0,0,0,0,1,0,1,0,0,0,1
3690,0,-0.3408762181180675,-0.3526895739541836,-0.4586027188997799,1,0,0,0,0,1,0,0,0,0,0,0,1,0,1,0,0,0,1,0,1,0,0,1,1,0,0,1,0,1
3691,0,0.3106496014024181,-0.0286391589217896,0.1567371568371658,0,0,1,0,1,0,1,0,0,0,0,0,1,0,0,0,0,0,1,0,0,1,0,0,0,0,0,1,0,1
3692,0,-1.1960038562387048,0.1458495260956535,-0.9021018478365532,0,0,1,1,1,0,1,0,0,0,0,0,1,0,1,0,0,0,1,0,0,0,0,1,0,0,0,0,0,1
3693,0,0.188488510242327,-0.0037122039192975,0.0300514817571414,0,0,0,0,1,0,1,0,0,0,1,0,0,0,0,0,0,0,1,0,0,1,0,0,0,0,0,1,0,1
3694,0,1.4100994218432374,1.461992750227223,2.151413368475007,1,0,1,1,1,0,1,1,0,0,1,0,0,0,1,0,1,0,1,0,1,0,1,1,1,0,0,0,1,0
3695,0,-0.0151133083578247,1.1329569441943304,0.3572989116391128,0,0,1,1,1,0,1,1,0,0,0,0,1,0,0,0,0,0,1,0,1,0,0,1,0,1,0,1,0,1
3696,0,-1.0738427650786138,-0.518869273970796,-0.8863074993501704,1,0,1,0,1,0,0,0,0,0,0,0,0,0,0,0,1,0,0,0,0,0,0,1,0,1,0,0,0,1
3697,0,-0.0151133083578247,0.8255244991635975,0.2744447595233943,0,0,1,1,1,0,1,1,0,0,1,0,0,0,0,0,0,0,1,0,0,0,0,0,0,1,0,1,0,1
3698,0,1.0843365120829946,0.6144762801425001,1.1776785488019383,0,0,0,0,1,0,1,1,0,0,0,0,1,0,1,0,0,0,0,0,0,0,0,1,0,1,0,0,1,0
3699,0,-0.0965540357978854,0.182409060099308,-0.0356627139704211,0,0,1,0,1,0,0,0,0,0,0,0,1,0,1,0,1,0,0,0,1,1,0,0,0,0,0,1,0,1
3700,0,-0.5037576729981889,-1.5076384890696393,-0.8405568306898934,1,1,0,1,1,0,0,0,1,1,0,1,0,1,0,1,0,1,0,1,0,0,0,1,0,1,0,1,0,2
3701,0,-0.2187151269579764,-1.3381351950526947,-0.6696205088728798,0,0,1,1,1,0,1,0,1,1,0,1,0,1,0,1,0,1,0,1,0,0,1,0,0,1,0,1,0,2
3702,1,-0.5037576729981889,0.4782089261288781,-0.3347847327907468,1,0,0,0,1,0,1,1,0,0,1,0,0,0,0,0,0,0,0,0,0,0,0,1,0,1,0,1,0,1
3703,0,-0.9516816739185228,-1.4843733310673135,-0.921844783444532,0,1,0,1,1,0,0,0,1,1,0,1,0,1,0,1,0,1,0,1,0,1,0,0,0,0,1,0,0,2
3704,0,1.4508197855632678,0.2738078951084448,1.2720475750934834,0,0,1,1,1,0,1,0,0,0,1,0,1,0,1,0,0,0,1,0,0,1,0,1,1,0,0,0,1,0
3705,0,1.4915401492832985,-0.1117290089300958,0.7853566384243945,0,0,1,1,1,0,1,0,0,0,1,0,0,0,0,0,1,0,0,0,0,0,1,0,1,0,0,0,1,0
3706,0,-0.2594354906780068,0.6493740171459885,0.0008231133989606,0,1,0,0,1,0,1,1,0,0,0,0,0,0,1,0,1,0,0,0,0,0,0,1,0,0,1,1,0,1
3707,0,1.4915401492832985,-1.491020519067978,-0.4072269680271738,0,1,1,1,1,0,0,0,1,1,0,1,0,1,0,1,0,1,0,1,0,0,1,0,0,0,0,0,1,2
3708,0,-0.8702409464784621,-1.4744025490663168,-0.9036680471976332,0,1,0,0,1,0,0,0,1,1,0,1,0,1,0,1,0,1,0,1,0,0,1,0,0,0,1,0,0,2
3709,0,-1.2774445836787656,-0.46569176996548,-0.983389800591192,0,1,0,0,1,0,1,0,0,0,0,0,0,0,0,0,0,0,0,0,0,0,0,0,0,0,1,0,0,1
3710,0,-0.9109613101984924,-1.4727407520661506,-0.8988370942388093,0,1,1,1,1,0,0,0,1,1,0,1,0,1,0,1,0,1,0,1,0,1,0,0,0,0,1,0,0,2
3711,0,0.9214550572028734,0.3652067301175816,0.8755344269891062,0,0,1,1,1,0,1,0,0,0,1,0,1,0,0,0,1,0,0,0,1,1,0,1,0,0,0,0,1,0
3712,0,0.4735310562825394,0.0212147510831942,0.2183042331297565,0,1,0,0,1,0,0,0,0,0,1,0,0,0,0,0,1,0,1,0,0,1,0,0,0,1,0,1,0,1
3713,1,0.5549717837226001,0.5197538511330312,0.5847728244765168,1,1,1,0,1,0,0,1,0,0,0,0,0,0,0,0,0,0,0,0,1,0,0,1,0,1,0,1,0,1
3714,0,1.4915401492832985,-0.1665683099355778,0.7897905267564658,0,1,1,1,1,0,0,0,0,0,1,0,1,0,1,0,0,0,0,0,0,0,1,1,0,0,0,0,1,0
3715,1,-0.8702409464784621,0.4566055651267183,-0.6200977262584528,0,1,0,0,1,0,0,1,0,0,0,0,0,0,0,0,0,0,0,0,1,0,0,1,0,1,0,0,0,1
3716,0,-0.8702409464784621,1.2376501552047965,-0.5004709778762533,1,0,1,0,1,0,1,1,0,0,0,0,1,0,0,0,0,0,1,0,1,0,0,1,0,1,0,0,0,1
3717,0,-0.1372743995179157,-0.5255164619714603,-0.4217860043414375,0,1,0,0,1,0,0,0,0,0,0,0,0,0,1,0,0,0,0,0,0,0,0,0,0,0,0,1,0,1
3718,0,1.002895784642934,1.1595456961969886,1.4194247290565067,0,0,1,0,1,0,1,1,0,0,1,0,0,0,0,0,0,0,1,0,1,0,0,1,0,1,0,0,1,0
3719,0,-0.1779947632379461,-1.54585982007346,-0.7698793271279226,0,1,0,0,1,0,0,0,1,1,0,1,0,1,0,1,0,1,0,1,0,1,0,0,1,0,0,1,0,2
3720,0,0.3920903288424788,-0.3393951979528547,0.0773462906325676,0,0,0,0,1,0,0,0,0,0,1,0,0,0,1,0,0,0,0,0,0,0,0,0,1,0,0,1,0,1
3721,0,-1.2367242199587352,-1.4660935640654862,-0.9887060547604912,1,0,0,0,1,0,0,0,1,1,0,1,0,1,0,1,0,1,0,1,0,0,0,0,0,0,1,0,0,2
3722,0,-0.3815965818380978,-0.801374763999037,-0.5878031366159043,0,1,0,1,0,1,0,0,0,0,1,0,1,0,0,0,1,0,0,0,0,1,0,0,0,0,0,1,0,1
3723,0,-0.5851984004382496,-1.4727407520661506,-0.8482775317656392,0,0,1,1,1,0,0,0,1,1,0,1,0,1,0,1,0,1,0,1,0,0,0,0,0,0,1,1,0,2
3724,0,1.2064976032430856,-1.328164413051698,-0.3544835501068642,0,1,1,1,1,0,1,0,1,1,0,1,0,1,0,1,0,1,0,1,0,1,0,0,0,0,0,0,1,2
3725,0,-1.2774445836787656,0.2006888271011353,-0.9745440830729802,1,0,0,0,1,0,0,1,0,0,0,0,0,0,0,0,0,0,0,0,0,0,0,1,0,0,1,0,0,1
3726,0,-0.6666391278783103,0.8072447321617703,-0.3666822578065427,1,1,0,0,1,0,1,1,0,0,0,0,0,0,0,0,1,0,0,0,1,0,0,1,1,0,0,1,0,1
3727,0,-1.1960038562387048,1.0581760791868549,-0.8769985397674139,1,0,0,0,1,0,1,1,0,0,0,0,0,0,0,0,0,0,1,0,1,0,0,1,0,1,0,0,0,1
3728,0,1.4100994218432374,0.7989357471609396,1.598589112305672,0,1,0,0,1,0,1,0,0,0,1,0,1,0,1,0,1,0,1,0,1,1,0,1,0,0,0,0,1,0
3729,0,1.2064976032430856,-1.4860351280674795,-0.4756323795582822,0,1,0,0,1,0,0,0,1,1,0,1,0,1,0,1,0,1,0,1,0,0,1,1,1,0,0,0,1,2
3730,0,1.002895784642934,1.3207400052131024,1.606618641424448,1,0,1,0,1,0,1,1,0,0,0,0,1,0,1,0,0,0,1,0,1,0,0,1,1,0,0,0,1,0
3731,0,-1.2367242199587352,0.1674528870978128,-0.9410803586961046,0,1,0,0,1,0,0,1,0,0,0,0,0,0,0,0,0,0,0,0,0,0,0,1,0,1,0,0,0,1
3732,0,-0.3815965818380978,0.4117370461222332,-0.229562606701296,0,0,1,1,1,0,1,0,0,0,1,0,0,0,1,0,1,0,1,0,0,0,1,1,0,0,0,1,0,1
3733,0,-0.3001558543980371,-0.9874960280176428,-0.6332229180872208,0,0,0,1,0,1,0,0,0,0,1,0,0,0,0,0,1,0,0,0,0,0,1,0,0,0,0,1,0,1
3734,1,1.6137012404433893,1.440389389225063,2.423998234740698,0,0,0,0,1,0,1,1,0,0,0,0,1,0,1,0,1,0,1,0,1,0,1,1,0,0,0,0,1,0
3735,0,-1.2367242199587352,0.641065032145158,-0.9466392634706416,0,0,1,0,1,0,1,1,0,0,0,0,0,0,0,0,0,0,1,0,0,0,0,1,0,1,0,0,0,1
3736,0,-0.9924020376385532,-1.481049737066981,-0.9435951013322048,0,0,0,0,1,0,0,0,1,1,0,1,0,1,0,1,0,1,0,1,0,1,0,1,0,0,0,0,0,2
3737,0,-1.1145631287986442,-0.4706771609659783,-0.8955061632032733,1,0,0,0,1,0,1,0,0,0,0,0,0,0,0,0,0,0,0,0,0,0,0,1,0,0,1,0,0,1
3738,0,0.1070477828022663,-0.5172074769706297,-0.2550409202512573,0,1,0,0,0,1,0,0,0,0,0,0,0,0,1,0,0,0,1,0,1,0,0,0,0,1,0,1,0,1
3739,0,-0.3408762181180675,-1.3348116010523623,-0.7443127769942385,0,1,0,0,1,0,1,0,1,1,0,1,0,1,0,1,0,1,0,1,0,1,0,0,0,1,0,1,0,2
3740,0,-1.2367242199587352,0.2289393761039596,-0.9458892525089978,0,0,1,1,1,0,0,1,0,0,0,0,0,0,0,0,0,0,0,0,0,0,0,1,0,1,0,0,0,1
3741,0,1.6137012404433893,1.3340343812144315,2.405733261910076,0,1,1,1,1,0,1,1,0,0,1,0,1,0,1,0,1,0,0,0,1,0,1,1,1,0,0,0,1,0
3742,0,0.3513699651224484,1.3872118852197473,0.8835418969619511,0,0,0,0,1,0,1,1,0,0,1,0,1,0,1,0,1,0,1,0,0,0,0,1,0,1,0,1,0,0
3743,0,-1.1552834925186746,-0.5122220859701314,-0.9088740056372788,1,1,0,1,1,0,0,0,0,0,1,0,0,0,0,0,0,0,0,0,0,0,0,0,0,1,0,0,0,1
3744,0,-0.2594354906780068,0.356897745116751,-0.1154285856558414,0,1,0,0,1,0,0,1,0,0,0,0,1,0,0,0,0,0,0,0,0,1,0,0,0,0,0,1,0,1
3745,0,-1.0331224013585834,0.9800716201790473,-0.7106284611580558,1,1,0,0,1,0,0,1,0,0,0,0,1,0,0,0,0,0,1,0,1,0,0,1,0,1,0,0,0,1
3746,0,-1.2774445836787656,0.1392023380949889,-0.9753602714724164,1,0,1,0,1,0,0,1,0,0,0,0,0,0,0,0,0,0,0,0,0,0,0,1,0,1,0,0,0,1
3747,0,-1.1552834925186746,-0.2081132349397309,-0.906579854460486,0,0,1,1,1,0,1,0,0,0,0,0,1,0,0,0,1,0,0,0,0,0,0,1,0,0,1,0,0,1
3748,0,0.6364125111626608,0.4698999411280475,0.6581415438420333,0,1,0,0,1,0,0,0,0,0,0,0,1,0,1,0,1,0,1,0,1,0,1,0,1,0,0,1,0,0
3749,1,-1.2367242199587352,0.966777244177718,-0.9189770944735408,1,1,0,0,1,0,1,1,0,0,0,0,0,0,0,0,0,0,1,0,1,0,0,1,0,1,0,0,0,1
3750,1,-0.8295205827584317,0.4798707231290441,-0.5893693359769843,0,0,1,0,1,0,0,0,0,0,1,0,0,0,1,0,1,0,1,0,1,1,0,1,0,1,0,0,0,1
3751,0,1.125056875803025,1.4852579082295487,1.8940493129015012,0,1,1,0,1,0,1,1,0,0,1,0,0,0,1,0,1,0,1,0,1,0,0,1,0,0,0,0,1,0
3752,0,0.9214550572028734,-0.184848076937405,0.3953509383695746,0,1,0,0,1,0,0,0,0,0,1,0,0,0,1,0,1,0,0,0,0,0,1,1,0,1,0,0,1,0
3753,0,-1.2774445836787656,-1.1835880740372453,-0.9929193516332554,0,1,0,0,0,1,0,0,0,0,0,0,0,0,0,0,1,0,0,0,0,0,0,0,0,0,1,0,0,1
3754,0,-1.2774445836787656,-1.4860351280674795,-0.9969341161926432,0,1,0,0,1,0,0,0,1,1,0,1,0,1,0,1,0,1,0,1,0,0,0,0,0,0,1,0,0,2
3755,0,-1.1552834925186746,0.3751775121185782,-0.8650866009648346,1,1,0,0,1,0,1,1,0,0,0,0,0,0,0,0,0,0,0,0,0,0,0,1,0,1,0,0,0,1
3756,0,-1.2774445836787656,-1.3397969920528607,-0.9949929113507416,1,1,0,0,0,1,0,0,0,0,0,0,0,0,0,0,0,0,0,0,0,0,0,1,0,0,1,0,0,1
3757,0,0.3920903288424788,0.0577742850868488,0.2130982746901107,0,0,0,0,1,0,0,0,0,0,0,0,0,0,1,0,1,0,0,0,1,0,1,0,1,0,0,1,0,1
3758,0,-1.2774445836787656,-0.5055748979694671,-0.9839192200935288,0,0,0,0,1,0,0,0,0,0,1,0,0,0,0,0,0,0,0,0,0,0,0,0,0,0,0,0,0,1
3759,0,-1.0331224013585834,0.8172155141627669,-0.7270184065845677,1,1,0,0,1,0,1,1,0,0,0,0,0,0,1,0,0,0,1,0,0,0,0,1,1,0,0,0,0,1
3760,0,-1.1960038562387048,0.2937494591104381,-0.9032048051330884,0,1,0,0,1,0,0,1,0,0,0,0,0,0,1,0,0,0,0,0,0,0,0,1,1,0,0,0,0,1
3761,0,1.6137012404433893,0.5945347161405068,1.60573627558722,0,0,1,0,1,0,1,0,0,0,1,0,1,0,1,0,0,0,1,0,1,0,1,1,1,0,0,0,1,0
3762,0,-0.7073594915983407,-0.5238546649712943,-0.6752235319392783,0,1,0,0,1,0,1,0,0,0,0,0,0,0,0,0,0,0,0,0,0,0,0,1,0,1,0,1,0,1
3763,0,-1.1552834925186746,0.5180920541328647,-0.8701602045288961,1,1,1,0,1,0,0,1,0,0,0,0,0,0,0,0,0,0,1,0,0,0,0,1,0,1,0,0,0,1
3764,0,-0.8702409464784621,-1.3148700370503688,-0.8976238412126207,0,0,0,0,1,0,1,0,1,1,0,1,0,1,0,1,0,1,0,1,0,1,0,0,0,1,0,0,0,2
3765,0,-1.1145631287986442,-1.3065610520495383,-0.946330435427612,0,0,0,0,1,0,1,0,1,1,0,1,0,1,0,1,0,1,0,1,0,0,0,0,0,0,1,0,0,2
3766,1,-1.2774445836787656,-0.2978502729487016,-0.981161826852191,1,0,0,0,1,0,0,0,0,0,1,0,0,0,1,0,0,0,0,0,0,0,0,1,0,1,0,0,0,1
3767,0,1.6137012404433893,1.5334500212343665,2.629942421149736,0,1,1,0,1,0,1,1,0,0,1,0,0,0,1,0,1,0,1,0,1,0,1,1,1,0,0,0,1,0
3768,0,0.9214550572028734,0.4316786101242265,0.8764829702641264,0,0,1,0,1,0,1,1,0,0,0,0,1,0,0,0,0,0,0,0,0,0,0,1,1,0,0,0,1,0
3769,0,0.3106496014024181,-1.2816340970470463,-0.5304052389042165,0,0,1,1,1,0,1,0,1,1,0,1,0,1,0,1,0,1,0,1,0,0,0,1,0,1,0,1,0,2
3770,0,1.002895784642934,-1.491020519067978,-0.5135961697050212,0,0,1,0,1,0,0,0,1,1,0,1,0,1,0,1,0,1,0,1,0,0,1,0,0,0,0,0,1,2
3771,0,-1.2774445836787656,0.4748853321285456,-0.9709043239944144,1,1,0,0,1,0,0,1,0,0,0,0,0,0,0,0,0,0,1,0,0,0,0,1,0,1,0,0,0,1
3772,0,-1.2774445836787656,1.0049985751815391,-0.9638674564425204,1,1,1,0,1,0,0,1,0,0,1,0,0,0,0,0,0,0,1,0,1,0,0,1,0,1,0,0,0,1
3773,0,-1.2774445836787656,-1.3148700370503688,-0.9946620241617812,1,0,0,0,0,1,0,0,0,0,0,0,0,0,0,0,0,0,0,0,0,0,0,0,0,0,1,0,0,1
3774,1,0.7992939660427822,0.534710024134526,0.7940479419210914,0,1,1,1,1,0,1,0,0,0,0,0,1,0,1,0,0,0,1,0,1,1,0,1,0,1,0,0,1,0
3775,1,0.3513699651224484,1.1180007711928357,0.8417839337151315,1,1,0,0,1,0,1,1,0,0,0,0,0,0,1,0,0,0,1,0,1,0,0,1,0,1,0,1,0,0
3776,0,0.4328106925625091,-0.2795705059468741,0.0491547021331298,0,1,1,0,1,0,0,0,0,0,0,0,0,0,0,0,0,0,1,0,0,1,0,1,0,0,1,1,0,1
3777,0,0.5956921474426305,-1.5109620830699717,-0.6129064446850437,0,0,1,1,1,0,0,0,1,1,0,1,0,1,0,1,0,1,0,1,0,0,1,0,0,0,0,1,0,2
3778,0,-1.1960038562387048,-0.4773243489666429,-0.9452274781310768,0,1,0,0,1,0,1,0,0,0,0,0,0,0,0,0,0,0,0,0,0,0,0,0,0,0,0,0,0,1
3779,1,1.369379058123207,0.4865179111297087,1.2683416385771256,1,1,1,1,1,0,1,0,0,0,1,0,1,0,1,0,1,0,1,0,0,0,1,0,1,0,0,0,1,0
3780,0,0.9214550572028734,-0.3161300399505289,0.3706667540731185,0,1,1,1,1,0,0,0,0,0,0,0,0,0,1,0,1,0,0,0,0,0,1,1,1,0,0,0,1,0
3781,0,-0.1372743995179157,-1.517609271070636,-0.7721734783047157,0,1,0,0,1,0,0,0,1,1,0,1,0,1,0,1,0,1,0,1,0,1,0,0,0,0,1,1,0,2
3782,0,-0.8295205827584317,0.641065032145158,-0.5793544837244453,0,0,0,1,1,0,1,1,0,0,0,0,0,0,0,0,0,0,1,0,0,0,0,1,0,1,0,0,0,1
3783,0,1.369379058123207,1.3440051632154282,2.0546398952770155,0,0,1,0,1,0,1,1,0,0,0,0,1,0,1,0,0,0,1,0,1,0,0,1,0,1,0,0,1,0
3784,1,0.1070477828022663,1.217708591202803,0.5367280046394469,1,1,0,0,1,0,1,1,0,0,0,0,0,0,1,0,0,0,1,0,1,0,0,1,0,1,0,1,0,1
3785,1,-0.9109613101984924,0.8321716871642622,-0.6024062912220294,1,1,1,0,1,0,1,1,0,0,0,0,0,0,1,0,0,0,0,0,1,0,0,1,0,1,0,0,0,1
3786,0,-0.2187151269579764,0.3652067301175816,-0.1547379837043532,0,1,1,1,1,0,1,1,0,0,0,0,0,0,0,0,0,0,0,0,0,0,0,1,0,0,0,1,0,1
3787,0,1.0436161483629645,1.0149693571825356,1.5608900319101016,0,0,0,0,1,0,0,1,0,0,0,0,0,0,0,0,1,0,1,0,1,0,0,1,0,1,0,0,1,0
3788,0,0.880734693482843,1.4952286902305454,1.6899360356047113,1,1,1,0,1,0,0,1,0,0,1,0,1,0,1,0,1,0,1,0,1,0,1,0,0,0,0,0,1,0
3789,0,-0.9516816739185228,-1.4926823160681442,-0.9268963278626628,0,1,0,0,1,0,0,0,1,1,0,1,0,1,0,1,0,1,0,1,0,0,0,0,0,0,1,0,0,2
3790,0,-1.2367242199587352,-1.5109620830699717,-0.9932943571140772,1,1,0,0,1,0,0,0,1,1,0,1,0,1,0,1,0,1,0,1,0,1,0,0,1,0,0,0,0,2
3791,0,-1.0738427650786138,0.144187729095487,-0.8138652641137434,0,1,0,0,1,0,0,1,0,0,0,0,0,0,0,0,0,0,0,0,0,0,0,1,0,1,0,0,0,1
3792,1,-0.2594354906780068,0.8803638001690798,0.031794154285667,1,0,0,0,1,0,0,1,0,0,0,0,0,0,0,0,0,0,1,0,1,0,0,1,0,1,0,1,0,1
3793,0,-0.9516816739185228,-1.479387940066815,-0.9236536334108496,0,0,0,0,1,0,0,0,1,1,0,1,0,1,0,1,0,1,0,1,0,0,0,0,0,0,1,0,0,2
3794,0,-0.9924020376385532,-0.3327480099521901,-0.809078429446781,0,1,1,0,1,0,0,0,0,0,0,0,1,0,1,0,0,0,0,0,0,0,0,1,0,0,1,0,0,1
3795,0,-0.8295205827584317,0.5546515881365197,-0.6034210119348418,0,1,0,0,1,0,0,1,0,0,0,0,0,0,0,0,0,0,1,0,0,0,0,1,0,1,0,0,0,1
3796,0,-0.7073594915983407,-0.520531070970962,-0.7059739813666775,1,0,0,0,1,0,1,0,0,0,0,0,0,0,0,0,0,0,0,0,0,0,0,1,0,1,0,1,0,1
3797,0,0.4328106925625091,0.5131066631323666,0.5743609075972252,0,1,1,0,1,0,1,0,0,0,1,0,0,0,1,0,0,0,1,0,1,1,0,1,0,1,0,1,0,0
3798,0,0.3920903288424788,1.181149057199148,0.8573135724503459,0,1,0,0,1,0,1,1,0,0,0,0,0,0,0,0,1,0,1,0,1,0,0,1,0,1,0,1,0,0
3799,0,-0.055833672077855,0.0162293600826957,-0.1259287391188558,1,0,0,0,1,0,1,0,0,0,1,0,0,0,1,0,1,0,0,0,0,0,0,0,1,0,0,1,0,1
3800,0,1.369379058123207,0.8703930181680831,1.6104569328163902,0,0,0,1,1,0,1,1,0,0,1,0,0,0,1,0,1,0,0,0,0,0,1,1,1,0,0,0,1,0
3801,1,-0.5851984004382496,0.6875953481498096,-0.3414245357158884,1,0,0,0,1,0,1,1,0,0,0,0,1,0,0,0,1,0,0,0,0,0,0,1,0,1,0,1,0,1
3802,0,-1.2774445836787656,-1.4876969250676455,-0.996956175338574,0,1,0,0,1,0,0,0,1,1,0,1,0,1,0,1,0,1,0,1,0,0,0,0,0,0,1,0,0,2
3803,0,1.1657772395230557,0.9750862291785486,1.4817418163107412,1,1,1,0,1,0,1,1,0,0,0,0,1,0,0,0,1,0,1,0,0,0,1,1,0,1,0,0,1,0
3804,0,-0.9109613101984924,0.5014740841312035,-0.654046751845804,0,1,0,0,1,0,1,1,0,0,0,0,1,0,0,0,0,0,0,0,0,0,0,0,0,1,0,0,0,1
3805,1,-1.2774445836787656,0.2289393761039596,-0.9741690775921584,1,1,0,0,1,0,0,1,0,0,0,0,0,0,0,0,0,0,0,0,0,0,0,1,0,1,0,0,0,1
3806,1,-0.5851984004382496,0.2920876621102721,-0.4060137150009852,0,0,0,0,1,0,0,1,0,0,0,0,1,0,0,0,0,0,0,0,0,0,0,1,0,1,0,1,0,1
3807,0,-0.3408762181180675,1.325725396213601,0.1159056777194354,1,1,1,0,1,0,1,1,0,0,0,0,1,0,1,0,0,0,1,0,1,0,0,1,0,1,0,1,0,1
3808,0,-1.1960038562387048,-1.5109620830699717,-0.9816471280626666,0,0,1,1,1,0,0,0,1,1,0,1,0,1,0,1,0,1,0,1,0,0,0,0,0,0,1,0,0,2
3809,0,0.7178532386027215,-1.4827115340671475,-0.5694278680556292,0,1,0,0,1,0,0,0,1,1,0,1,0,1,0,1,0,1,0,1,0,1,0,0,1,0,0,0,1,2
3810,0,-1.2774445836787656,-0.6717545979860794,-0.986125134686599,0,1,1,1,1,0,0,0,0,0,0,0,0,0,0,0,0,0,0,0,0,0,0,0,0,1,0,0,0,1
3811,0,-1.2367242199587352,-0.3427187919531868,-0.9672645649158484,0,1,0,0,1,0,0,0,0,0,1,0,0,0,0,0,1,0,0,0,0,0,0,1,0,0,1,0,0,1
3812,0,-0.62591876415828,-1.4993295040688086,-0.8506819786720858,0,1,0,0,1,0,0,0,1,1,0,1,0,1,0,1,0,1,0,1,0,1,0,1,0,0,0,1,0,2
3813,0,1.4915401492832985,1.3373579752147635,2.213862810604826,0,1,1,1,1,0,1,1,0,0,0,0,1,0,1,0,0,0,1,0,1,0,1,1,0,1,0,0,1,0
3814,0,1.6137012404433893,0.7956121531606076,1.7744225645193017,0,1,1,0,1,0,1,0,0,0,1,0,1,0,1,0,1,0,1,0,1,0,1,1,1,0,0,0,1,0
3815,0,-1.1960038562387048,0.3153528201125979,-0.9129990659263204,1,0,0,0,1,0,1,1,0,0,0,0,0,0,0,0,0,0,0,0,0,0,0,1,0,1,0,0,0,1
3816,1,0.7178532386027215,0.3452651661155883,0.680619813545419,0,1,1,1,1,0,1,0,0,0,1,0,1,0,1,0,0,0,0,0,1,0,1,1,0,0,0,0,1,0
3817,0,0.8400143297628127,-1.479387940066815,-0.5432216026899547,0,0,0,0,1,0,0,0,1,1,0,1,0,1,0,1,0,1,0,1,0,0,1,0,0,0,1,0,1,2
3818,0,1.0436161483629645,1.4736253292283856,1.8149893338858636,0,0,1,0,1,0,1,1,0,0,1,0,1,0,0,0,1,0,1,0,1,0,1,1,1,0,0,0,1,0
3819,0,0.5549717837226001,-1.1304105700319294,-0.3487261130189509,0,1,0,0,0,1,0,0,0,0,1,0,0,0,0,0,0,0,0,0,0,1,0,1,0,0,0,1,0,1
3820,1,1.6137012404433893,1.5999219012410113,2.5508162646963064,0,1,1,0,1,0,1,1,0,0,1,0,1,0,1,0,1,0,1,0,1,0,0,1,1,0,0,0,1,0
3821,1,-1.2774445836787656,0.3136910231124318,-0.9730440611496928,1,0,0,0,1,0,1,1,0,0,0,0,0,0,0,0,0,0,0,0,0,0,0,1,0,1,0,0,0,1
3822,0,-1.0738427650786138,0.9734244321783826,-0.7769161946798168,0,0,1,1,1,0,1,1,0,0,0,0,1,0,1,0,0,0,1,0,0,0,0,1,0,0,1,0,0,1
3823,0,1.6137012404433893,0.468238144127881,1.536823503699705,0,1,1,0,1,0,1,0,0,0,1,0,1,0,1,0,1,0,0,0,1,0,1,0,0,0,0,0,1,0
3824,0,-1.1552834925186746,-0.3144682429503628,-0.9005577076214042,0,1,0,0,1,0,0,0,0,0,0,0,0,0,0,0,0,0,0,0,1,0,0,1,0,0,1,0,0,1
3825,0,0.7992939660427822,-1.5093002860698053,-0.55061141657674,0,0,1,1,1,0,0,0,1,1,0,1,0,1,0,1,0,1,0,1,0,0,1,0,0,0,1,0,1,2
3826,0,-1.318164947398796,-1.3098846460498703,-1.005779833710855,0,1,1,1,1,0,1,0,1,1,0,1,0,1,0,1,0,1,0,1,0,0,1,0,0,0,1,0,0,2
3827,0,-1.2367242199587352,-1.4727407520661506,-0.990426668143086,0,0,0,0,1,0,0,0,1,1,0,1,0,1,0,1,0,1,0,1,0,1,0,0,0,0,1,0,0,2
3828,0,1.3286586944031769,-1.5093002860698053,-0.4234404402862401,0,0,1,0,1,0,0,0,1,1,0,1,0,1,0,1,0,1,0,1,0,0,1,0,0,0,0,0,1,2
3829,1,0.4328106925625091,1.2044142152014738,0.9303072863350405,1,1,1,0,1,0,1,1,0,0,0,0,1,0,0,0,0,0,1,0,1,0,0,1,0,1,0,1,0,0
3830,0,-1.1552834925186746,1.177825463198816,-0.8203947713092313,1,1,1,0,1,0,1,1,0,0,0,0,1,0,0,0,0,0,1,0,1,0,0,1,0,1,0,0,0,1
3831,1,-0.3001558543980371,0.8072447321617703,-0.0451260875746926,1,1,1,0,1,0,1,1,0,0,1,0,0,0,0,0,0,0,0,0,1,1,0,1,0,1,0,1,0,1
3832,0,0.758573602322752,0.4615909561272169,0.7372677002954631,0,0,1,0,1,0,1,0,0,0,0,0,1,0,0,0,1,0,1,0,1,1,0,1,1,0,0,0,1,0
3833,0,-0.8295205827584317,0.3319707901142591,-0.6408995008711053,0,1,0,0,1,0,1,0,0,0,0,0,0,0,1,0,0,0,1,0,1,0,0,0,0,0,0,0,0,1
3834,0,1.002895784642934,0.1774236690988095,0.7207012817015056,1,0,1,1,1,0,0,0,0,0,1,0,0,0,0,0,0,0,1,0,1,1,0,1,0,0,0,0,1,0
3835,0,-0.3408762181180675,-1.491020519067978,-0.7704087466302595,0,0,1,1,1,0,0,0,1,1,0,1,0,1,0,1,0,1,0,1,0,1,0,0,0,0,1,1,0,2
3836,0,1.2879383306831464,-0.2130986259402292,0.6515017409168917,0,0,1,0,1,0,1,0,0,0,0,0,0,0,1,0,1,0,0,0,0,1,0,0,0,0,0,0,1,0
3837,0,-1.1552834925186746,1.3589613362169235,-0.8099387361380783,1,0,0,0,1,0,0,1,0,0,0,0,1,0,1,0,1,0,1,0,1,1,0,1,0,1,0,0,0,1
3838,0,-0.2594354906780068,1.1877962451998123,0.1412736955397433,0,0,0,0,1,0,1,1,0,0,0,0,0,0,1,0,0,0,1,0,1,0,0,1,0,0,0,1,0,1
3839,0,-0.7073594915983407,-1.4860351280674795,-0.8803515299488808,0,0,1,1,1,0,0,0,1,1,0,1,0,1,0,1,0,1,0,1,0,0,0,0,0,0,1,1,0,2
3840,1,1.2879383306831464,-1.299913864048874,-0.2377686089875174,0,1,1,0,1,0,1,0,1,1,0,1,0,1,0,1,0,1,0,1,0,0,1,0,1,0,0,0,1,2
3841,1,0.1477681465222966,1.0548524851865226,0.510168792938881,1,1,1,0,1,0,1,1,0,0,0,0,1,0,0,0,0,0,1,0,1,0,0,1,0,1,0,1,0,1
3842,0,-0.2187151269579764,1.0049985751815391,0.080655162522173,0,0,1,0,1,0,1,1,0,0,0,0,0,0,0,0,0,0,1,0,1,0,0,0,1,0,0,1,0,1
3843,1,-1.2774445836787656,0.2023506241013013,-0.9745220239270496,1,1,1,0,1,0,0,1,0,0,0,0,0,0,0,0,0,0,0,0,0,0,0,0,0,0,1,0,0,1
3844,0,0.1070477828022663,0.7042133181514708,0.3663431614707008,1,0,0,0,1,0,1,0,0,0,1,0,0,0,1,0,1,0,1,0,1,1,0,1,1,0,0,1,0,0
3845,0,-1.1552834925186746,0.3037202411114352,-0.8818736110180992,1,1,0,0,1,0,0,1,0,0,0,0,0,0,1,0,0,0,0,0,0,0,0,1,0,1,0,0,0,1
3846,0,-0.9924020376385532,-0.641842251983089,-0.8241227669715201,0,0,1,1,1,0,0,0,0,0,0,0,0,0,0,0,0,0,0,0,0,0,0,1,0,1,0,0,0,1
3847,0,-0.9109613101984924,-1.4876969250676455,-0.9181609060741048,0,1,0,0,1,0,0,0,1,1,0,1,0,1,0,1,0,1,0,1,0,0,0,1,1,0,0,0,0,2
3848,0,-1.2367242199587352,-0.5172074769706297,-0.960029165050578,0,0,0,0,1,0,0,0,0,0,0,0,1,0,0,0,0,0,0,0,0,0,0,0,0,0,1,0,0,1
3849,0,1.0436161483629645,1.4852579082295487,1.705090668859104,1,0,1,0,1,0,1,1,0,0,1,0,1,0,1,0,0,0,1,0,1,0,1,1,0,0,0,0,1,0
3850,0,0.758573602322752,0.6144762801425001,0.7984156528153703,0,1,1,0,1,0,0,0,0,0,1,0,1,0,1,0,1,0,1,0,1,0,1,1,1,0,0,0,1,0
3851,0,0.5549717837226001,-1.5126238800701377,-0.6245095554445933,0,0,1,1,1,0,0,0,1,1,0,1,0,1,0,1,0,1,0,1,0,0,1,1,0,0,1,1,0,2
3852,0,-1.2774445836787656,-1.4993295040688086,-0.9971105893600888,0,1,0,0,1,0,0,0,1,1,0,1,0,1,0,1,0,1,0,1,0,0,0,1,0,0,0,0,0,2
3853,0,0.5549717837226001,0.2671607071077802,0.427799942033638,0,1,0,0,1,0,1,1,0,0,0,0,0,0,0,0,0,0,0,0,0,0,0,0,0,0,0,1,0,1
3854,0,0.7178532386027215,1.4919050962302134,1.3791667877329747,0,0,1,0,1,0,1,1,0,0,1,0,1,0,0,0,1,0,1,0,1,0,0,1,0,0,0,0,1,0
3855,0,0.8400143297628127,0.0079203750818651,0.4782712679230853,0,1,1,1,1,0,0,0,0,0,0,0,1,0,0,0,1,0,1,0,0,0,0,0,1,0,0,0,1,0
3856,0,1.1657772395230557,1.639805029244998,2.140802919282339,0,1,1,0,1,0,1,1,0,0,0,0,1,0,1,0,1,0,1,0,1,0,0,1,0,1,0,0,1,0
3857,0,-1.1145631287986442,-1.4660935640654862,-0.9645071716745106,0,1,0,0,1,0,0,0,1,1,0,1,0,1,0,1,0,1,0,1,0,0,0,0,0,0,0,0,0,2
3858,0,0.5956921474426305,0.7374492581547932,0.820232148140835,0,1,0,0,1,0,0,0,0,0,1,0,1,0,1,0,1,0,1,0,1,1,0,1,0,0,0,1,0,0
3859,0,0.880734693482843,0.9966895901807084,1.253848779700654,0,0,0,0,1,0,1,1,0,0,0,0,1,0,1,0,0,0,1,0,0,1,0,1,0,0,0,0,1,0
3860,0,-0.5444780367182193,-1.3098846460498703,-0.7560261834834415,0,1,0,1,0,1,0,0,0,0,0,0,0,0,0,0,0,0,0,0,0,0,0,1,1,0,0,1,0,1
3861,0,-0.2594354906780068,1.3523141482162588,0.1921641452018741,0,0,0,1,1,0,0,1,0,0,0,0,1,0,1,0,1,0,1,0,1,0,1,1,0,1,0,1,0,1
3862,0,1.5322605130033284,-1.3082228490497043,-0.2195698135946878,0,1,1,1,1,0,1,0,1,1,0,1,0,1,0,1,0,1,0,1,0,0,1,0,0,0,1,0,1,2
3863,0,-0.62591876415828,1.2559299222066236,-0.2370185980258734,0,1,1,0,1,0,1,1,0,0,0,0,1,0,1,0,0,0,1,0,1,0,0,1,0,1,0,1,0,1
3864,0,-0.0965540357978854,1.177825463198816,0.3106217588497464,1,0,0,0,1,0,1,1,0,0,0,0,1,0,0,0,0,0,1,0,1,0,0,1,0,1,0,1,0,1
3865,0,-1.2774445836787656,-1.3547531650543558,-0.9951914436641178,0,0,0,1,1,0,1,0,1,1,0,1,0,1,0,1,0,1,0,1,0,0,0,0,0,0,1,0,0,2
3866,0,-0.5444780367182193,-1.30157566104904,-0.7914090535562882,0,0,1,1,1,0,1,0,1,1,0,1,0,1,0,1,0,1,0,1,0,0,1,0,0,0,1,1,0,2
3867,0,-0.2594354906780068,0.290425865110106,-0.1650175457080605,0,0,1,0,1,0,0,0,0,0,0,0,1,0,1,0,0,0,1,0,1,0,1,1,1,0,0,1,0,1
3868,0,-0.4630373092781585,0.3087056321119333,-0.3150197380368374,1,0,1,1,1,0,0,1,0,0,0,0,1,0,0,0,0,0,0,0,0,0,0,1,0,0,0,1,0,1
3869,0,0.7178532386027215,1.113015380192337,1.137795612959228,0,1,1,0,1,0,1,1,0,0,0,0,1,0,0,0,0,0,1,0,1,1,0,1,0,1,0,0,1,0
3870,0,1.4508197855632678,-0.344380588953353,0.6370309411863511,0,0,1,0,0,1,0,0,0,0,1,0,0,0,1,0,0,0,1,0,1,1,0,1,0,1,0,0,1,0
3871,0,-1.1960038562387048,1.222693982203301,-0.8741529099423534,1,1,0,0,1,0,1,1,0,0,0,0,0,0,1,0,0,0,1,0,1,0,0,1,0,0,0,0,0,1
3872,0,-0.9516816739185228,1.274209689208451,-0.5776338703418505,0,1,1,1,1,0,0,1,0,0,0,0,0,0,1,0,1,0,1,0,1,0,0,0,0,1,0,0,0,1
3873,0,0.758573602322752,-1.0157465770204666,-0.2195918727406185,0,0,1,1,0,1,0,0,0,0,1,0,0,0,0,0,1,0,0,0,0,0,1,0,0,0,0,0,1,1
3874,0,-0.9516816739185228,-0.6983433499887373,-0.826791923629135,0,0,0,0,1,0,0,0,0,0,0,0,0,0,0,0,0,0,0,0,0,0,0,1,0,1,0,0,0,1
3875,1,0.3513699651224484,1.5683477582378549,0.9949405839119988,1,1,1,1,1,0,1,1,0,0,0,0,1,0,1,0,1,0,1,0,1,1,0,1,0,1,0,1,0,0
3876,0,-0.4223169455581282,1.1927816362003112,0.0600960385147581,0,1,0,0,1,0,1,1,0,0,0,0,1,0,0,0,0,0,1,0,1,0,0,1,0,1,0,1,0,1
3877,0,-0.4630373092781585,-0.2928648819482031,-0.4953091377284688,1,0,1,1,0,1,0,0,0,0,1,0,0,0,1,0,0,0,1,0,1,1,0,1,0,1,0,1,0,1
3878,0,1.5729808767233588,1.7046151122514768,2.654935433489222,0,1,1,1,1,0,1,1,0,0,1,0,1,0,1,0,1,0,1,0,1,0,1,1,0,0,0,0,1,0
3879,0,-1.2774445836787656,-0.6318714699820923,-0.9855957151842624,1,1,0,0,1,0,0,0,0,0,0,0,0,0,0,0,0,0,0,0,0,0,0,0,0,1,0,0,0,1
3880,0,-0.2594354906780068,0.572931355138347,-0.0867516959459282,0,1,1,1,1,0,1,0,0,0,0,0,0,0,1,0,1,0,1,0,1,1,0,1,1,0,0,1,0,1
3881,0,1.5729808767233588,0.0129057660823636,1.059728295510472,0,1,1,0,1,0,1,0,0,0,1,0,1,0,0,0,1,0,0,0,0,0,1,0,0,0,0,0,1,0
3882,0,-1.1552834925186746,-0.6634456129852487,-0.9280434034510596,0,1,0,0,1,0,0,0,0,0,0,0,0,0,0,0,0,0,0,0,0,0,0,1,1,0,0,0,0,1
3883,0,-0.8295205827584317,0.4998122871310375,-0.5640674955944684,0,0,0,0,1,0,1,1,0,0,1,0,0,0,0,0,0,0,0,0,0,0,0,1,0,1,0,0,0,1
3884,0,-0.5851984004382496,0.8005975441611056,-0.3022033742510993,0,0,1,0,1,0,1,1,0,0,0,0,0,0,0,0,1,0,1,0,0,0,0,1,0,1,0,1,0,1
3885,0,-1.1960038562387048,0.3386179781149237,-0.9120725817972308,0,0,0,0,1,0,1,1,0,0,0,0,0,0,0,0,0,0,0,0,0,0,0,1,0,1,0,0,0,1
3886,1,1.6137012404433893,1.39884446422091,2.3813579056566496,0,0,1,0,1,0,1,1,0,0,1,0,1,0,0,0,0,0,1,0,1,1,0,1,0,0,0,0,1,0
3887,0,-0.8702409464784621,0.3386179781149237,-0.6459951635810975,1,1,0,0,1,0,0,1,0,0,0,0,1,0,0,0,0,0,0,0,0,0,0,0,0,1,0,0,0,1
3888,0,-1.2774445836787656,0.5114448661322006,-0.9704190227839388,1,0,0,0,1,0,0,1,0,0,0,0,0,0,0,0,0,0,0,0,1,0,0,0,1,0,0,0,0,1
3889,0,-0.7888002190384014,-1.5109620830699717,-0.891226688892717,0,1,0,0,1,0,0,0,1,1,0,1,0,1,0,1,0,1,0,1,0,1,0,0,1,0,0,1,0,2
3890,0,1.6137012404433893,1.478610720228884,2.572125399665365,1,0,1,0,1,0,1,1,0,0,0,0,1,0,1,0,1,0,1,0,1,1,0,1,0,1,0,0,1,0
3891,0,0.3920903288424788,-0.2878794909477047,0.0472576155830893,0,1,1,0,1,0,1,0,0,0,1,0,0,0,0,0,0,0,0,0,0,1,0,0,1,0,0,1,0,1
3892,0,-0.62591876415828,-1.4976677070686424,-0.8556232273605633,0,0,0,0,1,0,0,0,1,1,0,1,0,1,0,1,0,1,0,1,0,0,0,0,1,0,0,1,0,2
3893,1,-1.0331224013585834,-0.4474120029636527,-0.8207697767900534,0,0,0,0,1,0,0,0,0,0,0,0,1,0,0,0,0,0,0,0,0,0,0,1,0,0,1,0,0,1
3894,0,1.4508197855632678,1.789366759259949,2.5192937451613324,0,0,1,0,1,0,1,1,0,0,1,0,1,0,1,0,1,0,1,0,1,0,1,0,0,0,1,0,1,0
3895,0,0.9621754209229036,-1.3497677740538576,-0.3871310860843038,0,1,1,1,1,0,1,0,1,1,0,1,0,1,0,1,0,1,0,1,0,0,1,0,0,0,0,0,1,2
3896,0,0.2292088739623573,-1.477726143066649,-0.675179413647417,0,0,1,1,1,0,0,0,1,1,0,1,0,1,0,1,0,1,0,1,0,1,0,0,0,0,1,1,0,2
3897,0,1.6137012404433893,1.6863353452496497,2.7112524330503054,0,0,1,1,1,0,1,1,0,0,1,0,1,0,1,0,1,0,1,0,1,0,1,1,0,1,0,0,1,0
3898,0,0.6364125111626608,-1.3198554280508674,-0.4889340445544958,0,0,0,0,1,0,1,0,1,1,0,1,0,1,0,1,0,1,0,1,0,1,0,0,1,0,0,1,0,2
3899,1,0.7992939660427822,1.4736253292283856,1.4859992314753667,0,0,1,0,1,0,1,1,0,0,1,0,1,0,1,0,0,0,1,0,1,0,0,1,0,1,0,0,1,0
3900,0,0.1070477828022663,-1.4993295040688086,-0.6930693809972166,0,0,1,1,1,0,0,0,1,1,0,1,0,1,0,1,0,1,0,1,0,1,0,0,0,0,1,1,0,2
3901,0,1.4100994218432374,1.5467443972356951,2.3327395480253816,0,1,1,0,1,0,1,1,0,0,0,0,1,0,1,0,1,0,1,0,1,0,1,1,0,0,0,0,1,0
3902,0,-1.2774445836787656,-1.158661119034753,-0.9925884644442948,0,0,0,0,0,1,0,0,0,0,1,0,0,0,0,0,0,0,0,0,0,0,0,0,0,0,1,0,0,1
3903,0,0.8400143297628127,0.5264010391336954,0.9125276147148944,0,1,0,0,1,0,0,1,0,0,0,0,1,0,0,0,1,0,0,0,0,0,0,1,0,0,1,0,1,0
3904,0,0.0663274190822359,-1.461108173064988,-0.7252316157641808,0,1,1,1,1,0,0,0,1,1,0,1,0,1,0,1,0,1,0,1,0,0,0,0,0,0,1,1,0,2
3905,0,-1.1960038562387048,-0.9825106370171444,-0.9577129547278544,1,0,0,0,0,1,0,0,0,0,0,0,0,0,0,0,0,0,1,0,0,0,0,0,1,0,0,0,0,1
3906,0,-1.2774445836787656,0.466576347127715,-0.9710146197240678,1,0,1,0,1,0,0,1,0,0,0,0,0,0,0,0,0,0,1,0,0,0,0,0,0,1,0,0,0,1
3907,0,-0.5444780367182193,0.8371570781647607,-0.2635336914345778,0,1,0,0,1,0,0,1,0,0,0,0,0,0,1,0,1,0,1,0,0,0,0,0,0,0,1,1,0,1
3908,1,1.125056875803025,1.7046151122514768,2.049808942318192,0,0,1,0,1,0,1,1,0,0,1,0,1,0,1,0,1,0,1,0,1,0,1,1,0,0,0,0,1,0
3909,0,-0.8702409464784621,-1.502653098069141,-0.9073298654221298,0,1,0,0,1,0,0,0,1,1,0,1,0,1,0,1,0,1,0,1,0,0,1,0,1,0,0,0,0,2
3910,0,0.5956921474426305,1.3838882912194153,1.256584113796061,1,0,0,0,1,0,1,1,0,0,0,0,1,0,1,0,0,0,1,0,1,0,0,1,0,1,0,1,0,0
3911,0,-0.5851984004382496,-0.5105602889699654,-0.6198330165072844,1,1,0,0,1,0,0,0,0,0,1,0,0,0,0,0,0,0,0,0,0,0,0,0,0,1,0,1,0,1
3912,0,1.125056875803025,1.6780263602488188,1.9759328625962689,0,0,1,1,1,0,1,1,0,0,1,0,1,0,1,0,1,0,1,0,1,0,1,0,1,0,0,0,1,0
3913,0,1.6137012404433893,-1.328164413051698,-0.1788706893525417,0,1,1,0,1,0,1,0,1,1,0,1,0,1,0,1,0,1,0,1,0,0,1,0,1,0,0,0,1,2
3914,0,0.2699292376823877,-1.491020519067978,-0.6567379676493496,0,1,0,0,1,0,0,0,1,1,0,1,0,1,0,1,0,1,0,1,0,1,0,0,0,0,1,1,0,2
3915,0,1.0843365120829946,0.5480044001358552,1.0410662580530976,0,0,1,0,1,0,0,1,0,0,1,0,0,0,1,0,0,0,0,0,0,1,0,1,1,0,0,0,1,0
3916,0,-1.2367242199587352,0.1724382780983114,-0.9422936117222932,0,1,1,1,1,0,0,1,0,0,0,0,0,0,0,0,0,0,0,0,0,0,0,0,0,0,1,0,0,1
3917,1,-1.2774445836787656,0.144187729095487,-0.9752940940346242,1,1,0,0,1,0,0,1,0,0,0,0,0,0,0,0,0,0,0,0,0,0,0,0,0,1,0,0,0,1
3918,0,-0.5037576729981889,0.8454660631655913,-0.2219963196470651,1,1,1,1,1,0,0,1,0,0,0,0,0,0,0,0,0,0,1,0,1,0,0,1,0,1,0,1,0,1
3919,0,-1.0738427650786138,0.9568064621767214,-0.7691293161662788,1,0,0,0,1,0,1,1,0,0,0,0,0,0,0,0,0,0,1,0,1,0,0,1,0,0,0,0,0,1
3920,0,1.5729808767233588,0.719169491152966,1.7172011399750595,0,1,0,0,1,0,1,1,0,0,0,0,0,0,1,0,1,0,0,0,0,0,1,1,1,0,0,0,1,0
3921,0,-0.3408762181180675,0.0511270970861842,-0.3177771312781752,0,0,1,0,1,0,1,0,0,0,1,0,1,0,1,0,0,0,0,0,0,0,0,0,0,0,1,1,0,1
3922,1,1.4100994218432374,0.9933659961803764,1.676171128543953,0,1,1,0,1,0,1,1,0,0,0,0,0,0,0,0,0,0,1,0,1,0,0,1,1,0,0,0,1,0
3923,0,-1.2774445836787656,0.534710024134526,-0.9701101947409092,1,1,0,0,1,0,0,1,0,0,0,0,0,0,0,0,0,0,0,0,1,0,0,1,0,0,1,0,0,1
3924,0,0.6364125111626608,0.574593152138513,0.7721652691578343,1,0,1,1,1,0,1,1,0,0,0,0,0,0,0,0,0,0,0,0,1,1,0,1,0,0,1,1,0,0
3925,0,0.188488510242327,0.2438955491054544,0.1670608371327346,0,0,1,0,1,0,1,0,0,0,0,0,1,0,0,0,1,0,0,0,1,1,0,0,0,0,1,1,0,1
3926,0,-0.8702409464784621,-0.9991286070188056,-0.8365641252764363,0,1,0,0,0,1,0,0,0,0,0,0,1,0,1,0,0,0,0,0,0,0,0,0,0,0,1,0,0,1
3927,0,-1.1960038562387048,-1.4694171580658184,-0.9832133274237465,1,1,1,0,1,0,0,0,1,1,0,1,0,1,0,1,0,1,0,1,0,0,0,1,1,0,0,0,0,2
3928,0,-0.5851984004382496,1.0365727181846955,-0.2356950492700313,0,0,1,0,1,0,0,1,0,0,0,0,0,0,1,0,0,0,1,0,1,0,0,1,1,0,0,1,0,1
3929,0,0.7178532386027215,-0.6634456129852487,-0.0215669197207023,0,1,1,1,1,0,0,0,0,0,0,0,0,0,0,0,0,0,0,0,0,1,0,1,0,0,0,0,1,1
3930,0,1.4100994218432374,1.4835961112293827,2.2067377064692093,0,0,1,1,1,0,1,1,0,0,1,0,0,0,1,0,1,0,1,0,1,1,0,1,0,1,0,0,1,0
3931,0,-0.3001558543980371,0.2089978121019659,-0.1950179841738159,0,0,1,0,1,0,0,0,0,0,1,0,1,0,0,0,1,0,0,0,1,0,0,1,0,0,1,1,0,1
3932,1,-1.2367242199587352,0.4582673621268844,-0.9398009282321238,1,0,0,0,1,0,1,1,0,0,0,0,0,0,1,0,0,0,0,0,0,0,0,1,0,1,0,0,0,1
3933,0,-0.9516816739185228,-1.4976677070686424,-0.9260580803172964,0,1,0,0,1,0,0,0,1,1,0,1,0,1,0,1,0,1,0,1,0,0,0,0,1,0,0,0,0,2
3934,0,-0.9109613101984924,-0.8146691400003658,-0.8242551218471043,0,0,0,1,0,1,0,0,0,0,1,0,1,0,0,0,1,0,0,0,0,1,0,0,0,0,1,0,0,1
3935,0,1.5322605130033284,-1.4926823160681442,-0.4197345037698822,0,0,1,0,1,0,0,0,1,1,0,1,0,1,0,1,0,1,0,1,0,0,1,0,1,0,0,0,1,2
3936,0,-0.9516816739185228,0.1159371800926631,-0.751239348816479,0,1,0,0,1,0,0,0,0,0,1,0,0,0,1,0,1,0,0,0,1,0,0,1,0,0,0,0,0,1
3937,0,-1.1552834925186746,-1.4827115340671475,-0.9755808629317234,0,0,0,0,1,0,0,0,1,1,0,1,0,1,0,1,0,1,0,1,0,0,0,1,1,0,0,0,0,2
3938,0,-1.2367242199587352,-0.4590445819648154,-0.9514922755753962,0,0,0,0,1,0,0,0,0,0,1,0,0,0,0,0,0,0,0,0,0,0,0,0,0,0,1,0,0,1
3939,0,-1.2774445836787656,0.4615909561272169,-0.97108079716186,1,0,0,1,1,0,0,1,0,0,0,0,0,0,0,0,0,0,0,0,1,0,0,0,0,1,0,0,0,1
3940,0,-0.5444780367182193,-1.3165318340505352,-0.7991518137779648,0,1,0,0,0,1,0,0,0,0,0,0,0,0,0,0,0,0,0,0,0,0,0,1,0,0,0,1,0,1
3941,0,-1.0331224013585834,-1.479387940066815,-0.9287051778289808,0,1,1,1,1,0,0,0,1,1,0,1,0,1,0,1,0,1,0,1,0,0,0,1,0,0,0,0,0,2
3942,0,-1.2774445836787656,-0.7265938989915613,-0.9868530865023124,1,1,0,0,1,0,0,0,0,0,0,0,0,0,0,0,0,0,0,0,0,0,0,1,0,1,0,0,0,1
3943,1,-1.2774445836787656,-0.6900343649879066,-0.9863677852918368,0,1,0,0,1,0,0,0,0,0,0,0,0,0,0,0,0,0,0,0,0,0,0,0,0,1,0,0,0,1
3944,0,-0.9516816739185228,-1.479387940066815,-0.9297419576877236,0,0,1,1,1,0,0,0,1,1,0,1,0,1,0,1,0,1,0,1,0,1,0,0,0,0,1,0,0,2
3945,0,-1.1960038562387048,-1.0140847800203006,-0.9443009940019872,1,0,0,0,0,1,0,0,0,0,1,0,0,0,0,0,1,0,0,0,0,0,0,0,0,0,1,0,0,1
3946,0,-0.9516816739185228,-0.2081132349397309,-0.7676072350970603,1,0,0,0,0,1,0,0,0,0,1,0,0,0,1,0,1,0,1,0,1,0,0,0,0,0,1,0,0,1
3947,0,-1.1145631287986442,-0.2978502729487016,-0.8732484849591945,0,0,0,0,1,0,0,0,0,0,1,0,0,0,1,0,0,0,0,0,0,0,0,0,1,0,0,0,0,1
3948,0,0.9621754209229036,0.8022593411612722,1.1860169059637438,0,0,1,1,1,0,0,1,0,0,0,0,0,0,0,0,0,0,1,0,1,1,0,0,0,0,0,0,1,0
3949,0,-0.5851984004382496,-0.236363783942555,-0.5678175504026879,0,0,0,1,1,0,1,0,0,0,1,0,0,0,0,0,0,0,0,0,0,0,0,0,0,0,1,1,0,1
3950,1,0.6771328748826912,1.044881703185526,1.0758314720398847,1,1,0,0,1,0,1,1,0,0,0,0,0,0,0,0,0,0,1,0,1,0,0,1,0,1,0,0,1,0
3951,0,1.5322605130033284,0.4782089261288781,1.4368293951958309,0,1,1,0,1,0,1,0,0,0,1,0,1,0,1,0,1,0,1,0,0,0,1,0,0,0,1,0,1,0
3952,0,1.6137012404433893,1.438727592224897,2.4383587387415853,0,0,0,0,1,0,1,1,0,0,0,0,1,0,1,0,1,0,1,0,1,0,1,1,1,0,0,0,1,0
3953,1,-1.0738427650786138,0.3203382111130964,-0.8142623287404961,1,0,0,0,1,0,0,1,0,0,0,0,0,0,1,0,0,0,0,0,0,0,0,0,0,1,0,0,0,1
3954,1,-0.62591876415828,0.9983513871808744,-0.3158138672903427,0,1,1,0,1,0,1,1,0,0,0,0,0,0,0,0,0,0,1,0,1,0,0,1,0,1,0,1,0,1
3955,0,-0.1372743995179157,-0.626886078981594,-0.4179477129494952,0,1,1,0,0,1,0,0,0,0,0,0,0,0,0,0,0,0,1,0,1,0,0,1,0,1,0,1,0,1
3956,0,-1.0738427650786138,1.3473287572157604,-0.7652469064824752,1,0,1,0,1,0,1,1,0,0,0,0,1,0,1,0,0,0,1,0,1,0,0,1,0,1,0,0,0,1
3957,0,1.247217966963116,1.2575917192067896,1.7722387090721623,0,1,1,0,1,0,1,1,0,0,0,0,0,0,1,0,0,0,1,0,1,0,1,0,0,1,0,0,1,0
3958,0,-0.6666391278783103,0.3020584441112687,-0.4392127296266924,1,1,1,0,1,0,1,1,0,0,0,0,0,0,0,0,0,0,0,0,0,0,0,1,0,0,0,1,0,1
3959,0,1.0843365120829946,-0.1133908059302618,0.6025524960966631,0,1,0,0,1,0,0,0,0,0,0,0,0,0,1,0,0,0,0,0,1,1,0,1,0,0,0,0,1,0
3960,0,-1.1960038562387048,-0.2396873779428873,-0.9345508515006168,0,0,0,0,1,0,0,0,0,0,0,0,0,0,1,0,0,0,1,0,0,0,0,0,0,1,0,0,0,1
3961,0,-0.9924020376385532,-1.1802644800369129,-0.9056533703313964,0,0,0,0,0,1,0,0,0,0,0,0,1,0,0,0,0,0,0,0,0,0,0,1,0,0,1,0,0,1
3962,1,-1.0331224013585834,0.6576830021468192,-0.7204006628053571,1,0,1,0,1,0,1,1,0,0,0,0,0,0,0,0,0,0,0,0,1,0,0,1,0,1,0,0,0,1
3963,0,1.4508197855632678,-1.5009913010689746,-0.3697484790909103,0,0,0,0,1,0,0,0,1,1,0,1,0,1,0,1,0,1,0,1,0,0,1,0,1,0,0,0,1,2
3964,0,1.4508197855632678,1.5617005702371902,2.3080774228748564,0,0,1,1,1,0,1,1,0,0,1,0,0,0,1,0,1,0,1,0,1,0,1,0,1,0,0,0,1,0
3965,1,0.7992939660427822,1.3872118852197473,1.4744843572995403,0,0,1,0,1,0,1,1,0,0,0,0,1,0,1,0,0,0,1,0,1,1,0,1,0,1,0,0,1,0
3966,0,1.6137012404433893,1.4270950132237343,2.4883006451286955,0,1,1,1,1,0,1,1,0,0,1,0,1,0,0,0,1,0,1,0,1,0,1,1,1,0,0,0,1,0
3967,0,-0.0151133083578247,-1.5109620830699717,-0.7440701263890007,0,0,1,0,1,0,0,0,1,1,0,1,0,1,0,1,0,1,0,1,0,1,0,0,0,0,1,1,0,2
3968,0,1.6137012404433893,-1.4860351280674795,-0.3776897716259632,0,0,1,0,1,0,0,0,1,1,0,1,0,1,0,1,0,1,0,1,0,0,1,0,0,0,0,0,1,2
3969,0,-1.2774445836787656,0.1724382780983114,-0.9749190885538024,0,1,1,1,1,0,0,1,0,0,0,0,0,0,0,0,0,0,0,0,0,0,0,1,1,0,0,0,0,1
3970,0,0.3920903288424788,-0.035286346922454,0.213362984441279,0,1,1,1,1,0,0,0,0,0,1,0,0,0,0,0,1,0,0,0,1,1,0,0,1,0,0,1,0,1
3971,0,-0.3001558543980371,-1.329826210051864,-0.7004371357380713,1,0,0,0,1,0,1,0,1,1,0,1,0,1,0,1,0,1,0,1,0,0,1,0,1,0,0,1,0,2
3972,0,0.5142514200025698,-0.4607063789649817,0.0083011638694689,0,1,0,0,1,0,0,0,0,0,1,0,0,0,0,0,0,0,0,0,0,0,0,1,0,0,0,1,0,1
3973,0,0.4328106925625091,-0.1449649489334182,0.1591857220354739,0,0,1,1,0,1,0,0,0,0,1,0,0,0,1,0,1,0,1,0,1,1,0,1,1,0,0,1,0,1
3974,0,0.188488510242327,0.4815325201292102,0.2788565887095349,0,1,1,0,1,0,1,0,0,0,1,0,0,0,1,0,0,0,1,0,1,1,0,0,0,0,1,1,0,1
3975,1,-0.5037576729981889,0.6992279271509723,-0.2436363418050842,1,0,0,0,1,0,1,1,0,0,0,0,0,0,0,0,0,0,0,0,1,0,0,1,1,0,0,1,0,1
3976,0,-1.1552834925186746,-1.3397969920528607,-0.9675733929588785,1,0,0,0,0,1,0,0,0,0,0,0,0,0,0,0,0,0,0,0,0,0,0,1,0,1,0,0,0,1
3977,0,1.247217966963116,1.506861269231708,1.9526604636393776,0,1,1,0,1,0,0,1,0,0,1,0,1,0,1,0,1,0,1,0,1,0,1,1,1,0,0,0,1,0
3978,0,-1.1960038562387048,0.8620840331672525,-0.900932713102226,0,1,0,0,1,0,0,1,0,0,0,0,0,0,0,0,0,0,1,0,1,0,0,0,0,0,1,0,0,1
3979,0,1.369379058123207,-1.3115464430500368,-0.2679675797666491,0,1,1,1,1,0,1,0,1,1,0,1,0,1,0,1,0,1,0,1,0,0,1,1,1,0,0,0,1,2
3980,0,-0.1779947632379461,1.3606231332170895,0.3087246722997059,1,1,0,0,1,0,1,1,0,0,0,0,1,0,1,0,0,0,1,0,1,0,0,1,0,1,0,1,0,1
3981,1,-0.9924020376385532,0.6792863631489789,-0.6988268180851299,0,0,0,0,1,0,1,1,0,0,0,0,0,0,0,0,0,0,0,0,1,0,0,0,0,1,0,0,0,1
3982,0,1.5729808767233588,-1.343120586053193,-0.2757985765720485,0,1,0,1,1,0,1,0,1,1,0,1,0,1,0,1,0,1,0,1,0,0,1,0,0,0,1,0,1,2
3983,0,-1.2774445836787656,-1.3464441800535252,-0.9950811479344644,1,1,0,0,0,1,0,0,0,0,0,0,0,0,0,0,0,0,0,0,0,0,0,1,0,1,0,0,0,1
3984,0,1.6137012404433893,-1.3181936310507012,-0.1861281483637429,0,0,1,1,1,0,1,0,1,1,0,1,0,1,0,1,0,1,0,1,0,0,1,0,0,0,0,0,1,2
3985,1,-0.6666391278783103,-0.3393951979528547,-0.6417598075624027,0,1,1,0,1,0,0,0,0,0,1,0,1,0,0,0,0,0,0,0,0,0,0,1,0,0,0,1,0,1
3986,0,1.369379058123207,1.0581760791868549,1.8284895311954537,0,1,1,0,1,0,1,1,0,0,1,0,1,0,1,0,1,0,0,0,0,0,1,0,0,0,1,0,1,0
3987,0,-0.8702409464784621,0.3901336851200734,-0.6360906070582121,1,0,0,0,1,0,1,1,0,0,0,0,0,0,0,0,0,0,0,0,0,0,0,1,0,1,0,0,0,1
3988,0,0.758573602322752,0.544680806135523,0.8146291250744366,0,1,0,0,1,0,1,0,0,0,1,0,1,0,1,0,1,0,1,0,0,1,0,1,1,0,0,0,1,0
3989,0,-0.9924020376385532,-0.8728320350061801,-0.8598365242333275,0,0,0,1,0,1,0,0,0,0,1,0,0,0,0,0,0,0,0,0,1,0,0,1,0,1,0,0,0,1
3990,0,-0.748079855318371,0.935203101174562,-0.4157197392104942,0,1,0,0,1,0,0,1,0,0,0,0,0,0,0,0,0,0,1,0,1,0,0,1,0,1,0,1,0,1
3991,0,-1.1552834925186746,0.9551446651765552,-0.8459833805888463,1,0,0,0,1,0,1,1,0,0,0,0,1,0,0,0,1,0,0,0,1,0,0,1,0,1,0,0,0,1
3992,0,1.5322605130033284,0.6626683931473177,1.6373690908518472,0,0,0,0,1,0,1,0,0,0,1,0,1,0,1,0,0,0,1,0,1,0,1,0,0,0,1,0,1,0
3993,0,1.5322605130033284,0.0411563150851875,1.1522664126897688,0,0,0,1,1,0,1,0,0,0,1,0,1,0,0,0,1,0,0,0,0,0,1,0,0,1,0,0,1,0
3994,1,0.880734693482843,1.221032185203135,1.3647401062942954,1,0,1,0,1,0,1,1,0,0,0,0,1,0,0,0,0,0,1,0,1,1,0,1,1,0,0,0,1,0
3995,0,-0.1779947632379461,0.3369561811147576,-0.0931709074117625,1,1,0,1,1,0,0,1,0,0,1,0,0,0,0,0,0,0,0,0,0,0,0,1,0,0,0,1,0,1
3996,0,-0.3408762181180675,-1.462769970065154,-0.7909016931998821,0,1,0,0,1,0,0,0,1,1,0,1,0,1,0,1,0,1,0,1,0,0,1,0,0,0,1,1,0,2
3997,0,1.4915401492832985,-0.1100672119299295,0.8168350396675069,0,0,1,0,1,0,0,0,0,0,0,0,1,0,0,0,0,0,0,0,1,0,1,1,1,0,0,0,1,0
3998,0,0.3920903288424788,-0.3410569949530208,0.0094482394578654,0,1,1,1,1,0,0,0,0,0,1,0,1,0,0,0,0,0,0,0,0,0,0,0,0,0,1,1,0,1
3999,1,-1.2367242199587352,0.1608056990971482,-0.9476981024753154,1,0,0,0,1,0,0,1,0,0,0,0,0,0,0,0,0,0,0,0,0,0,0,1,0,1,0,0,0,1
4000,1,0.2699292376823877,1.1628692901973208,0.7748344258154495,0,0,0,0,1,0,1,1,0,0,0,0,0,0,1,0,0,0,1,0,1,0,0,1,0,1,0,1,0,0
4001,0,0.5142514200025698,1.4952286902305454,1.1563032363950874,0,1,1,1,1,0,1,1,0,0,0,0,1,0,1,0,1,0,1,0,1,0,1,1,0,0,0,1,0,0
4002,0,1.6137012404433893,0.534710024134526,1.5210732735051835,0,1,1,1,1,0,1,0,0,0,1,0,1,0,1,0,1,0,1,0,0,0,1,1,0,0,0,0,1,0
4003,0,0.2292088739623573,-1.477726143066649,-0.6779588660346855,0,0,0,0,1,0,0,0,1,1,0,1,0,1,0,1,0,1,0,1,0,0,1,0,0,0,1,1,0,2
4004,0,1.6137012404433893,0.1009810070911679,1.1139496762081385,0,1,1,0,1,0,1,0,0,0,1,0,1,0,1,0,1,0,0,0,0,0,1,1,0,0,0,0,1,0
4005,0,-1.2774445836787656,-1.3530913680541898,-0.995169384518187,1,1,0,0,1,0,1,0,1,1,0,1,0,1,0,1,0,1,0,1,0,0,0,1,0,0,1,0,0,2
4006,0,1.6137012404433893,-1.4943441130683104,-0.3816604178934896,0,1,1,1,1,0,0,0,1,1,0,1,0,1,0,1,0,1,0,1,0,0,1,1,1,0,0,0,1,2
4007,0,0.9214550572028734,-1.2982520670487077,-0.3688661132536822,0,1,1,0,1,0,1,0,1,1,0,1,0,1,0,1,0,1,0,1,0,0,1,0,0,0,0,0,1,2
4008,0,0.758573602322752,-0.2862176939475387,0.2731873882053441,0,0,1,1,0,1,0,0,0,0,0,0,0,0,1,0,1,0,1,0,1,1,0,1,0,1,0,0,1,0
4009,0,1.247217966963116,0.7291402731539627,1.3366808726704418,0,1,0,0,1,0,0,0,0,0,1,0,1,0,1,0,1,0,1,0,1,0,1,1,0,0,0,0,1,0
4010,0,-1.2774445836787656,-1.4744025490663168,-0.9967797021711284,0,0,0,0,1,0,0,0,1,1,0,1,0,1,0,1,0,1,0,1,0,0,0,0,0,0,1,0,0,2
4011,0,-0.3815965818380978,-1.4993295040688086,-0.8065636868106809,0,0,1,1,1,0,0,0,1,1,0,1,0,1,0,1,0,1,0,1,0,0,1,1,0,0,1,1,0,2
4012,0,-1.2774445836787656,-0.4723389579661445,-0.9834780371749148,1,0,0,0,1,0,0,0,0,0,0,0,1,0,0,0,0,0,0,0,0,0,0,0,0,1,0,0,0,1
4013,0,-1.2367242199587352,-0.346042385953519,-0.9541393730870804,0,0,0,0,1,0,1,0,0,0,0,0,0,0,0,0,1,0,0,0,0,0,0,1,0,0,1,0,0,1
4014,1,0.7992939660427822,1.440389389225063,1.5704195829521652,0,0,0,0,1,0,1,1,0,0,1,0,1,0,1,0,0,0,1,0,1,0,0,0,1,0,0,0,1,0
4015,0,0.1477681465222966,-0.3427187919531868,-0.1703999773151519,0,0,0,0,1,0,1,0,0,0,1,0,0,0,0,0,0,0,0,0,0,1,0,0,0,0,1,1,0,1
4016,0,-1.2774445836787656,-0.6451658459834212,-0.985772188351708,0,0,0,0,1,0,0,0,0,0,0,0,0,0,0,0,0,0,0,0,0,0,0,0,0,0,1,0,0,1
4017,0,-0.1779947632379461,-0.1914952649380696,-0.2758647540098405,0,0,0,0,1,0,1,0,0,0,1,0,0,0,1,0,0,0,0,0,0,1,0,0,0,0,1,1,0,1
4018,0,-1.0331224013585834,0.1558203080966501,-0.7953135223860226,0,0,1,1,1,0,0,0,0,0,1,0,1,0,1,0,0,0,1,0,0,1,0,0,0,1,0,0,0,1
4019,0,-0.748079855318371,1.1894580421999783,-0.381263353266737,1,1,0,0,1,0,1,1,0,0,0,0,1,0,0,0,0,0,1,0,1,0,0,1,0,1,0,1,0,1
4020,1,1.6137012404433893,0.006258578081699,0.9998377143086148,0,1,1,0,0,1,0,0,0,0,1,0,1,0,1,0,1,0,1,0,1,0,1,1,1,0,0,0,1,0
4021,0,-1.2774445836787656,-1.4710789550659844,-0.996735583879267,1,0,1,1,1,0,0,0,1,1,0,1,0,1,0,1,0,1,0,1,0,0,0,1,0,0,1,0,0,2
4022,0,-0.9109613101984924,-1.5259182560714666,-0.9337787813930422,0,0,0,0,1,0,0,0,1,1,0,1,0,1,0,1,0,1,0,1,0,0,0,0,0,0,1,0,0,2
4023,0,0.3920903288424788,-1.4943441130683104,-0.6308184711807742,0,1,0,0,1,0,0,0,1,1,0,1,0,1,0,1,0,1,0,1,0,1,0,0,0,0,0,1,0,2
4024,0,-1.0331224013585834,-1.3198554280508674,-0.9219771383201164,0,0,0,0,0,1,0,0,0,0,0,0,0,0,0,0,0,0,0,0,0,0,0,0,0,0,0,0,0,1
4025,0,-1.1552834925186746,0.3336325871144251,-0.8637630522089924,1,1,0,0,1,0,0,1,0,0,0,0,0,0,1,0,0,0,0,0,0,0,0,1,0,0,0,0,0,1
4026,0,1.6137012404433893,1.6464522172456624,2.549514775086395,0,1,1,1,1,0,1,1,0,0,1,0,1,0,1,0,1,0,1,0,1,0,1,1,1,0,0,0,1,0
4027,0,-0.5037576729981889,-1.3397969920528607,-0.7927767206039918,1,0,1,0,0,1,0,0,0,0,0,0,0,0,0,0,0,0,0,0,0,0,0,1,0,1,0,1,0,1
4028,0,1.247217966963116,1.476948923228718,2.104449446788541,0,1,0,0,1,0,0,1,0,0,1,0,1,0,1,0,1,0,1,0,1,0,1,0,1,0,0,0,1,0
4029,0,0.9621754209229036,-0.6551366279844181,0.1236925562329735,0,0,0,0,0,1,0,0,0,0,1,0,1,0,1,0,1,0,0,0,0,0,1,0,0,0,0,0,1,0
4030,0,-1.1145631287986442,-0.4573827849646494,-0.8792485726523456,0,0,0,1,1,0,0,0,0,0,0,0,0,0,0,0,1,0,0,0,0,0,0,1,0,0,1,0,0,1
4031,0,1.6137012404433893,1.5184938482328711,2.5159628141257966,0,0,1,0,1,0,1,1,0,0,0,0,1,0,1,0,1,0,1,0,1,0,1,1,0,0,0,0,1,0
4032,1,1.4508197855632678,0.6610065961471517,1.5017274025239578,0,1,1,1,1,0,1,1,0,0,0,0,1,0,1,0,0,0,0,0,0,0,0,1,0,1,0,0,1,0
4033,0,1.4100994218432374,-0.1565975279345811,0.7563268023795902,0,1,1,1,1,0,0,0,0,0,1,0,1,0,0,0,1,0,0,0,0,1,0,0,0,0,1,0,1,0
4034,0,-0.9924020376385532,-0.6684310039857471,-0.8429171593044785,0,1,1,1,1,0,0,0,0,0,0,0,0,0,0,0,0,0,0,0,0,0,0,0,0,0,0,0,0,1
4035,0,0.7992939660427822,0.9468356801757248,1.0376470904338388,0,1,1,1,1,0,1,1,0,0,0,0,1,0,0,0,1,0,0,0,1,0,0,1,0,0,0,0,1,0
4036,0,-0.5851984004382496,-1.479387940066815,-0.8284463595739378,0,0,1,1,1,0,0,0,1,1,0,1,0,1,0,1,0,1,0,1,0,0,0,1,0,0,1,1,0,2
4037,0,1.0843365120829946,-1.3065610520495383,-0.3289831774109721,0,0,1,1,1,0,1,0,1,1,0,1,0,1,0,1,0,1,0,1,0,0,1,0,0,0,1,0,1,2
4038,0,1.125056875803025,-1.4677553610656522,-0.5235669036656987,0,0,0,0,1,0,0,0,1,1,0,1,0,1,0,1,0,1,0,1,0,0,1,0,0,0,1,0,1,2
4039,0,-1.0331224013585834,0.9750862291785486,-0.696378252886822,0,1,0,0,1,0,1,1,0,0,0,0,0,0,0,0,0,0,1,0,1,0,0,1,0,1,0,0,0,1
4040,0,1.0843365120829946,-0.9958050130184734,-0.1321052999794524,0,1,1,1,0,1,0,0,0,0,1,0,0,0,1,0,0,0,0,0,0,1,0,0,0,0,1,0,1,1
4041,0,0.5549717837226001,-0.1333323699322553,0.2707388230070363,0,1,0,0,0,1,0,0,0,0,1,0,0,0,1,0,1,0,1,0,1,0,1,1,0,0,0,1,0,1
4042,0,-1.1145631287986442,-0.4457502059634864,-0.8900575541583898,0,1,0,0,1,0,0,0,0,0,0,0,1,0,0,0,0,0,0,0,0,0,0,1,0,1,0,0,0,1
4043,1,1.0843365120829946,-0.0236537679212913,0.7090319935041639,0,1,1,0,0,1,0,0,0,0,1,0,0,0,1,0,1,0,1,0,1,0,1,1,1,0,0,0,1,0
4044,0,1.5322605130033284,0.6659919871476498,1.6049421463337146,0,0,1,0,1,0,1,0,0,0,0,0,1,0,1,0,1,0,1,0,1,0,1,1,0,0,0,0,1,0
4045,0,-0.748079855318371,0.2073360151017999,-0.6025386460976137,1,0,0,0,1,0,0,1,0,0,0,0,0,0,0,0,0,0,0,0,0,0,0,1,1,0,0,1,0,1
4046,0,0.4735310562825394,-0.4856333339674735,-0.0620454525035414,0,0,0,0,1,0,1,0,0,0,0,0,0,0,0,0,0,0,0,0,0,0,0,1,0,0,1,1,0,1
4047,0,1.2879383306831464,0.9917041991802098,1.6186849942485422,0,0,1,0,1,0,1,1,0,0,1,0,0,0,1,0,0,0,1,0,0,0,1,1,1,0,0,0,1,0
4048,0,1.0436161483629645,-0.1665683099355778,0.5932214773679758,0,0,1,1,0,1,0,0,0,0,1,0,0,0,1,0,1,0,1,0,1,0,1,0,0,0,1,0,1,0
4049,1,0.5549717837226001,1.179487260198982,1.0915375839425452,0,0,1,0,1,0,1,1,0,0,0,0,0,0,0,0,1,0,1,0,1,1,0,0,0,1,0,1,0,0
4050,1,1.0436161483629645,1.1346187411944968,1.5445662639213815,0,1,1,0,1,0,1,1,0,0,0,0,1,0,0,0,0,0,1,0,1,0,0,1,0,1,0,0,1,0
4051,0,1.6137012404433893,1.0947356131905095,2.025014462292082,0,0,1,0,1,0,1,1,0,0,0,0,1,0,0,0,0,0,1,0,1,0,1,1,1,0,0,0,1,0
4052,1,-0.0965540357978854,-0.8130073430001998,-0.4882943293225054,1,0,0,0,0,1,0,0,0,0,0,0,0,0,1,0,0,0,1,0,0,0,0,1,0,1,0,1,0,1
4053,1,-0.8702409464784621,-0.1499503399339166,-0.7132976178156708,0,1,0,0,1,0,1,0,0,0,1,0,1,0,0,0,0,0,0,0,0,0,0,0,0,0,0,0,0,1
4054,1,0.0663274190822359,-0.2828940999472064,-0.226672858584374,0,0,0,0,0,1,0,0,0,0,0,0,1,0,1,0,0,0,1,0,1,0,0,1,0,1,0,1,0,1
4055,0,0.880734693482843,-0.6169152969805971,0.0671549652125829,0,1,0,0,0,1,0,0,0,0,1,0,1,0,0,0,0,0,0,0,1,0,1,0,0,0,0,0,1,0
4056,0,-1.1960038562387048,-0.4706771609659783,-0.9372420673041624,1,0,0,0,0,1,0,0,0,0,0,0,1,0,0,0,0,0,1,0,1,0,0,1,0,1,0,0,0,1
4057,0,1.6137012404433893,-1.3248408190513656,-0.1855325514236138,0,0,1,1,1,0,1,0,1,1,0,1,0,1,0,1,0,1,0,1,0,0,1,0,0,0,1,0,1,2
4058,0,0.3106496014024181,0.6676537841478158,0.4514694056172818,1,0,1,1,1,0,1,1,0,0,0,0,0,0,1,0,1,0,0,0,0,0,0,1,0,1,0,1,0,1
4059,0,-1.2367242199587352,0.0311855330841909,-0.9465069085950576,1,0,1,1,1,0,0,0,0,0,0,0,0,0,0,0,0,0,1,0,1,0,0,0,0,0,1,0,0,1
4060,0,0.880734693482843,-0.0469189259236169,0.4982568541363016,0,1,1,1,1,0,1,0,0,0,0,0,0,0,1,0,0,0,0,0,1,0,1,0,1,0,0,0,1,0
4061,0,-0.748079855318371,-0.4872951309676395,-0.6927605529541868,0,0,0,0,1,0,0,0,0,0,1,0,0,0,0,0,0,0,0,0,0,0,0,0,0,0,0,1,0,1
4062,0,-1.2774445836787656,0.1907180451001386,-0.9746764379485644,1,0,0,0,1,0,0,1,0,0,0,0,0,0,0,0,0,0,0,0,0,0,0,0,0,1,0,0,0,1
4063,0,-0.9109613101984924,1.0000131841810405,-0.5851339799582893,1,0,0,0,1,0,1,1,0,0,0,0,1,0,1,0,0,0,0,0,1,0,0,1,0,1,0,0,0,1
4064,0,-1.2774445836787656,-0.4856333339674735,-0.9836545103423604,0,0,0,0,1,0,0,0,0,0,1,0,0,0,0,0,0,0,0,0,0,0,0,0,0,1,0,0,0,1
4065,0,-1.2774445836787656,-1.4960059100684764,-0.9970664710682277,1,1,0,0,1,0,0,0,1,1,0,1,0,1,0,1,0,1,0,1,0,0,0,0,0,0,1,0,0,2
4066,0,0.9621754209229036,-0.0037122039192975,0.6113982136148748,0,1,0,0,1,0,1,0,0,0,1,0,1,0,0,0,1,0,0,0,0,1,0,1,0,0,0,0,1,0
4067,0,1.4508197855632678,0.4931650991303729,1.4276969087805202,0,0,1,0,1,0,0,0,0,0,1,0,1,0,0,0,1,0,1,0,1,0,1,1,0,0,0,0,1,0
4068,0,-0.748079855318371,-1.504314895069307,-0.8857780798478335,0,0,1,1,1,0,0,0,1,1,0,1,0,1,0,1,0,1,0,1,0,1,0,1,0,0,1,1,0,2
4069,0,1.4508197855632678,1.156222102196656,1.936027867607628,0,1,1,1,1,0,0,1,0,0,1,0,0,0,0,0,1,0,1,0,1,0,1,1,0,1,0,0,1,0
4070,1,0.9214550572028734,0.3070438351117673,0.7820698256807199,0,1,1,0,1,0,1,1,0,0,0,0,0,0,0,0,0,0,0,0,0,0,0,1,0,1,0,0,1,0
4071,0,-0.6666391278783103,-0.8595376590048512,-0.7126579025836803,0,0,0,0,0,1,0,0,0,0,1,0,0,0,0,0,0,0,1,0,0,0,0,1,0,1,0,1,0,1
4072,1,-0.9516816739185228,0.4915033021302069,-0.6887678475407296,0,1,0,0,1,0,0,1,0,0,0,0,0,0,0,0,0,0,0,0,1,0,0,1,0,1,0,0,0,1
4073,0,-0.748079855318371,0.0228765480833603,-0.5921267292183221,1,1,1,1,1,0,0,0,0,0,1,0,1,0,0,0,0,0,1,0,0,0,0,1,0,1,0,1,0,1
4074,1,1.0436161483629645,1.127971553193832,1.5586399990251705,1,1,1,0,1,0,1,1,0,0,0,0,0,0,1,0,0,0,1,0,1,0,0,1,0,1,0,0,1,0
4075,0,0.8400143297628127,-0.613591702980265,0.1178468825613373,0,1,0,0,0,1,0,0,0,0,1,0,1,0,0,0,0,0,0,0,1,0,0,1,0,0,0,0,1,1
4076,0,1.5322605130033284,1.1495749141959914,2.058014944604413,0,1,1,0,1,0,1,1,0,0,1,0,1,0,1,0,0,0,1,0,0,0,1,1,1,0,0,0,1,0
4077,1,-0.748079855318371,1.0315873271841969,-0.41181527038076,0,0,1,1,1,0,1,1,0,0,0,0,0,0,0,0,0,0,1,0,1,0,0,1,0,1,0,1,0,1
4078,0,-0.4223169455581282,0.0910102250901712,-0.3245713482248316,1,1,1,1,1,0,0,0,0,0,1,0,0,0,1,0,1,0,1,0,0,1,0,1,0,0,0,1,0,1
4079,0,-0.9109613101984924,0.4449729861255557,-0.6682087235333148,0,0,1,0,1,0,1,1,0,0,1,0,0,0,0,0,0,0,0,0,0,0,0,1,1,0,0,0,0,1
4080,0,-0.1372743995179157,-1.2849576910473786,-0.7002386034246949,0,0,1,1,1,0,1,0,1,1,0,1,0,1,0,1,0,1,0,1,0,0,1,0,0,0,1,1,0,2
4081,0,-1.2774445836787656,0.1608056990971482,-0.9750735025753172,1,0,0,0,1,0,0,1,0,0,0,0,0,0,0,0,0,0,0,0,0,0,0,1,0,1,0,0,0,1
4082,0,0.6771328748826912,0.6510358141461546,0.7851360469650874,1,1,1,0,1,0,1,0,0,0,1,0,0,0,1,0,1,0,1,0,1,1,0,0,0,1,0,0,1,0
4083,1,1.4508197855632678,1.177825463198816,2.0170511106110984,1,0,1,0,1,0,1,1,0,0,0,0,1,0,0,0,0,0,1,0,1,0,0,1,0,1,0,0,1,0
4084,0,-1.2774445836787656,0.4416493921252231,-0.9713455069130283,1,0,0,0,1,0,0,1,0,0,0,0,0,0,0,0,0,0,1,0,0,0,0,0,0,1,0,0,0,1
4085,0,-0.0965540357978854,-0.8113455460000336,-0.4820736501700474,0,0,0,0,0,1,0,0,0,0,0,0,0,0,0,0,1,0,0,0,1,1,0,1,1,0,0,1,0,1
4086,0,1.6137012404433893,0.4798707231290441,1.3774461743503796,0,0,1,0,1,0,1,0,0,0,1,0,1,0,1,0,1,0,1,0,0,0,1,0,1,0,0,0,1,0
4087,0,-0.9109613101984924,-1.4577845790646555,-0.8968076528131848,0,0,0,0,1,0,0,0,1,1,0,1,0,1,0,1,0,1,0,1,0,0,0,1,0,0,1,0,0,2
4088,0,-1.0331224013585834,0.2937494591104381,-0.7763647160315492,1,1,0,0,1,0,1,1,0,0,0,0,0,0,0,0,0,0,0,0,0,0,0,0,0,1,0,0,0,1
4089,0,-0.9516816739185228,0.3319707901142591,-0.6940399834181675,1,0,0,0,1,0,1,1,0,0,0,0,0,0,0,0,0,0,0,0,0,0,0,1,0,1,0,0,0,1
4090,0,-1.2774445836787656,-0.4939423189683041,-0.983764806072014,0,0,0,1,1,0,0,0,0,0,1,0,0,0,0,0,0,0,0,0,0,0,0,0,0,0,1,0,0,1
4091,0,-0.5037576729981889,0.1375405410948229,-0.4012048211880921,0,0,0,0,1,0,1,0,0,0,0,0,1,0,0,0,1,0,0,0,1,0,0,1,1,0,0,1,0,1
4092,0,-1.2774445836787656,-1.479387940066815,-0.9968458796089206,0,0,0,0,1,0,0,0,1,1,0,1,0,1,0,1,0,1,0,1,0,0,0,1,0,0,1,0,0,2
4093,0,-0.1372743995179157,0.3735157151184122,-0.0284493732510814,0,0,0,0,1,0,1,1,0,0,0,0,0,0,0,0,0,0,0,0,0,0,0,1,1,0,0,1,0,1
4094,0,-1.2774445836787656,0.3070438351117673,-0.9731322977334154,0,1,0,0,1,0,0,1,0,0,0,0,0,0,0,0,1,0,0,0,0,0,0,0,0,1,0,0,0,1
4095,0,-1.1960038562387048,0.5829021371393436,-0.9111902159600028,0,1,0,0,1,0,0,1,0,0,1,0,0,0,0,0,1,0,0,0,0,0,0,1,0,0,1,0,0,1
4096,0,-0.5037576729981889,0.8188773111629334,-0.1802604155461759,0,0,0,0,1,0,0,1,0,0,1,0,0,0,1,0,0,0,1,0,0,0,0,1,0,0,0,1,0,1
4097,0,1.2879383306831464,1.1429277261953277,1.7168481936401685,0,1,0,1,1,0,0,1,0,0,0,0,1,0,0,0,1,0,1,0,1,0,0,1,1,0,0,0,1,0
4098,0,-1.2774445836787656,-1.481049737066981,-0.9968679387548512,1,1,0,0,1,0,0,0,1,1,0,1,0,1,0,1,0,1,0,1,0,0,0,1,0,0,1,0,0,2
4099,0,-1.0738427650786138,-1.1736172920362484,-0.9345508515006168,0,0,0,0,0,1,0,0,0,0,1,0,0,0,0,0,0,0,0,0,0,0,0,0,0,0,0,0,0,1
4100,0,0.7178532386027215,-1.4943441130683104,-0.5587733005710999,0,1,1,0,1,0,0,0,1,1,0,1,0,1,0,1,0,1,0,1,0,0,1,0,0,1,0,0,1,2
4101,0,-1.0738427650786138,-0.1865098739375713,-0.8572335450135045,0,1,0,0,1,0,0,0,0,0,1,0,0,0,0,0,0,0,0,0,1,0,0,1,0,0,0,0,0,1
4102,0,-1.0331224013585834,-0.6651074099854147,-0.8585791529152773,0,1,1,1,1,0,0,0,0,0,0,0,0,0,0,0,0,0,0,0,0,0,0,0,0,1,0,0,0,1
4103,0,1.6137012404433893,0.8654076271675846,1.8671150957201137,0,1,1,1,1,0,1,1,0,0,0,0,0,0,1,0,0,0,0,0,1,0,1,1,1,0,0,0,1,0
4104,0,-0.9924020376385532,-0.5055748979694671,-0.8321964143821572,0,1,1,0,1,0,0,0,0,0,0,0,1,0,0,0,0,0,0,0,0,0,0,1,0,0,0,0,0,1
4105,0,1.4100994218432374,1.393859073220412,2.086691834314326,0,0,1,1,1,0,1,1,0,0,1,0,0,0,0,0,1,0,1,0,1,0,1,0,1,0,0,0,1,0
4106,1,-0.3408762181180675,0.9568064621767214,-0.0069196468227157,1,0,1,0,1,0,1,1,0,0,0,0,0,0,0,0,0,0,1,0,1,0,0,1,0,1,0,1,0,1
4107,0,1.6137012404433893,0.9867188081797118,2.0479559740600126,0,0,1,0,1,0,1,1,0,0,1,0,1,0,0,0,0,0,0,0,1,0,1,1,1,0,0,0,1,0
4108,0,0.0256070553622056,-1.505976692069473,-0.7409597868127717,0,1,1,1,1,0,0,0,1,1,0,1,0,1,0,1,0,1,0,1,0,1,0,1,0,0,0,1,0,2
4109,0,-1.2367242199587352,-1.3198554280508674,-0.9809191762469534,1,1,0,0,0,1,0,0,0,0,0,0,0,0,0,0,0,0,0,0,0,0,0,1,0,1,0,0,0,1
4110,0,1.5322605130033284,0.1059663980916664,1.051963476142865,0,1,1,0,1,0,0,0,0,0,1,0,1,0,0,0,1,0,0,0,1,0,1,0,0,0,1,0,1,0
4111,0,-0.4223169455581282,0.0162293600826957,-0.3696823016531182,0,0,0,0,1,0,0,0,0,0,0,0,1,0,1,0,0,0,1,0,0,1,0,0,0,0,0,1,0,1
4112,0,1.0843365120829946,1.152898508196324,1.475300545698976,0,0,0,0,1,0,1,1,0,0,1,0,1,0,1,0,0,0,0,0,1,0,0,1,0,0,0,0,1,0
4113,0,0.1477681465222966,-1.4760643460664828,-0.6987826997932686,0,1,0,0,1,0,0,0,1,1,0,1,0,1,0,1,0,1,0,1,0,1,0,1,1,0,0,1,0,2
4114,0,0.758573602322752,-1.4893587220678115,-0.5519129061866515,0,0,1,1,1,0,0,0,1,1,0,1,0,1,0,1,0,1,0,1,0,0,1,0,0,0,1,0,1,2
4115,0,0.8400143297628127,0.4200460311230638,0.8277543169032047,0,1,1,0,1,0,1,0,0,0,1,0,0,0,1,0,1,0,1,0,0,1,0,0,0,0,0,0,1,0
4116,0,-0.5037576729981889,-1.4976677070686424,-0.831247871107137,0,0,1,1,1,0,0,0,1,1,0,1,0,1,0,1,0,1,0,1,0,1,0,0,0,0,0,1,0,2
4117,0,1.247217966963116,1.1612074931971548,1.7870845142835248,0,1,1,0,1,0,0,1,0,0,1,0,0,0,1,0,0,0,1,0,1,0,1,0,1,0,0,0,1,0
4118,0,0.3106496014024181,0.3336325871144251,0.3052834455345163,0,0,0,0,1,0,0,1,0,0,0,0,1,0,0,0,0,0,0,0,0,0,0,0,1,0,0,1,0,1
4119,0,0.1070477828022663,-1.51594747407047,-0.7243051316350914,0,1,0,0,1,0,0,0,1,1,0,1,0,1,0,1,0,1,0,1,0,1,0,1,0,0,1,1,0,2
4120,0,-0.2594354906780068,0.4715617381282135,-0.1083034815202244,0,1,1,1,1,0,0,1,0,0,0,0,0,0,0,0,0,0,0,0,1,1,0,0,0,0,0,1,0,1
4121,1,-0.2187151269579764,1.0232783421833662,0.1016775285941323,1,1,1,0,1,0,1,1,0,0,0,0,1,0,1,0,0,0,0,0,1,0,0,1,0,1,0,1,0,1
4122,0,0.8400143297628127,-0.0635368959252781,0.5028451564898878,0,1,0,1,1,0,0,0,0,0,1,0,1,0,0,0,1,0,0,0,0,1,0,0,1,0,0,0,1,0
4123,1,0.0663274190822359,0.2256157821036271,0.0651255237869583,0,1,1,0,1,0,0,1,0,0,0,0,0,0,0,0,0,0,0,0,0,0,0,0,1,0,0,1,0,1
4124,1,-0.5444780367182193,1.003336778181373,-0.2291876012204741,0,0,1,0,1,0,1,1,0,0,0,0,0,0,0,0,0,0,1,0,1,0,0,1,0,1,0,1,0,1
4125,0,0.4328106925625091,0.7091987091519689,0.5611474791847345,0,1,1,0,1,0,0,1,0,0,1,0,1,0,1,0,0,0,0,0,0,0,0,1,1,0,0,1,0,0
4126,0,-1.0738427650786138,-1.502653098069141,-0.9515584530131884,0,1,1,1,1,0,0,0,1,1,0,1,0,1,0,1,0,1,0,1,0,0,0,0,0,0,1,0,0,2
4127,0,0.9621754209229036,-1.328164413051698,-0.3774471210207255,0,1,0,1,1,0,1,0,1,1,0,1,0,1,0,1,0,1,0,1,0,0,1,1,0,0,1,0,1,2
4128,0,1.002895784642934,-0.8462432830035223,-0.0742441602032199,1,1,0,0,0,1,0,0,0,0,0,0,1,0,0,0,0,0,1,0,0,0,0,1,0,1,0,0,1,1
4129,0,0.0663274190822359,0.641065032145158,0.2780404003100987,0,1,1,1,1,0,0,1,0,0,0,0,0,0,1,0,0,0,1,0,0,0,0,1,0,0,1,1,0,1
4130,0,-0.9109613101984924,-0.9476129000136556,-0.8407774221492005,0,0,0,0,0,1,0,0,0,0,0,0,1,0,0,0,1,0,0,0,0,0,0,0,0,1,0,0,0,1
4131,0,-1.2774445836787656,-1.479387940066815,-0.9968458796089206,1,0,0,0,1,0,0,0,1,1,0,1,0,1,0,1,0,1,0,1,0,0,0,1,0,0,1,0,0,2
4132,0,-0.7888002190384014,-1.3580767590546885,-0.8730720117917489,1,0,0,0,0,1,0,0,0,0,0,0,0,0,0,0,0,0,0,0,0,0,0,1,0,1,0,1,0,1
4133,0,0.9621754209229036,1.1246479591934997,1.456484094220087,0,1,0,0,1,0,1,1,0,0,0,0,1,0,0,0,0,0,1,0,1,0,0,0,0,1,0,0,1,0
4134,0,0.9214550572028734,1.2924894562102784,1.4986611812395898,0,0,1,0,1,0,1,1,0,0,0,0,1,0,1,0,0,0,1,0,1,0,0,1,1,0,0,0,1,0
4135,0,0.1477681465222966,0.935203101174562,0.4850875440156723,0,0,1,1,1,0,1,0,0,0,1,0,1,0,1,0,1,0,1,0,1,0,1,1,1,0,0,1,0,0
4136,0,0.5956921474426305,-1.491020519067978,-0.5897664006037369,0,1,1,0,1,0,0,0,1,1,0,1,0,1,0,1,0,1,0,1,0,1,0,0,0,0,0,1,0,2
4137,0,-0.8295205827584317,-1.4843733310673135,-0.90324892342495,0,0,1,1,1,0,0,0,1,1,0,1,0,1,0,1,0,1,0,1,0,0,0,1,1,0,0,0,0,2
4138,0,-1.2774445836787656,0.6875953481498096,-0.9680807533152844,1,0,0,0,1,0,0,1,0,0,0,0,0,0,1,0,0,0,1,0,0,0,0,1,0,1,0,0,0,1
4139,1,-0.3408762181180675,0.5230774451333633,-0.084391367331343,0,1,0,0,1,0,1,1,0,0,0,0,1,0,0,0,0,0,0,0,0,0,0,1,0,1,0,1,0,1
4140,0,1.247217966963116,1.1678546811978192,1.7017597378235678,1,0,0,0,1,0,1,1,0,0,0,0,1,0,0,0,0,0,1,0,1,1,0,0,0,0,0,0,1,0
4141,1,0.1070477828022663,-0.8279635160016948,-0.3728588186671394,0,0,0,0,0,1,0,0,0,0,0,0,0,0,1,0,0,0,1,0,0,0,0,1,0,1,0,1,0,1
4142,0,1.4100994218432374,-0.1416413549330859,0.7015980613255172,0,0,0,0,1,0,0,0,0,0,1,0,1,0,0,0,1,0,0,0,0,1,0,0,1,0,0,0,1,0
4143,0,-0.3001558543980371,0.6659919871476498,-0.1042445986689752,1,1,0,0,1,0,1,1,0,0,0,0,0,0,0,0,0,0,0,0,1,0,0,1,0,1,0,1,0,1
4144,0,-0.4630373092781585,1.2991366442109429,-0.028559668980735,0,1,0,0,1,0,1,1,0,0,1,0,0,0,1,0,0,0,1,0,1,0,0,0,0,0,1,1,0,1
4145,0,-0.7888002190384014,0.1009810070911679,-0.6341935205081717,0,0,0,0,1,0,0,0,0,0,1,0,1,0,0,0,1,0,0,0,1,0,0,0,0,0,0,1,0,1
4146,0,0.1070477828022663,0.3469269631157543,0.1307956012226596,1,1,1,0,1,0,1,1,0,0,0,0,0,0,0,0,0,0,0,0,0,0,0,1,0,1,0,1,0,1
4147,1,1.5729808767233588,-1.326502616051532,-0.1670911054255466,0,1,1,0,1,0,1,0,1,1,0,1,0,1,0,1,0,1,0,1,0,0,1,0,0,0,0,0,1,2
4148,0,-0.1372743995179157,-1.5093002860698053,-0.7403641898726427,0,0,0,0,1,0,0,0,1,1,0,1,0,1,0,1,0,1,0,1,0,0,0,0,1,0,0,1,0,2
4149,0,1.5729808767233588,-0.5122220859701314,0.545088420947183,1,1,1,0,0,1,0,0,0,0,0,0,1,0,0,0,0,0,1,0,1,0,1,0,0,1,0,0,1,0
4150,1,-1.0331224013585834,0.8055829351616043,-0.7386656356359786,0,1,1,0,1,0,0,1,0,0,0,0,0,0,0,0,0,0,1,0,1,0,0,1,0,1,0,0,0,1
4151,1,1.002895784642934,-0.3244390249513595,0.3592621756269454,0,0,0,0,0,1,0,0,0,0,0,0,1,0,1,0,0,0,1,0,1,0,0,1,0,1,0,0,1,0
4152,0,1.3286586944031769,0.3785011061189107,1.1690534227430336,0,1,1,0,1,0,1,0,0,0,1,0,0,0,1,0,1,0,0,0,1,0,1,0,0,0,0,0,1,0
4153,0,-0.2187151269579764,-1.477726143066649,-0.7432539379895647,0,1,0,0,1,0,0,0,1,1,0,1,0,1,0,1,0,1,0,1,0,1,0,0,0,0,1,1,0,2
4154,0,-1.0738427650786138,0.3369561811147576,-0.7985120985459745,1,1,0,0,1,0,1,1,0,0,0,0,0,0,0,0,0,0,0,0,0,0,0,1,0,1,0,0,0,1
4155,1,1.6137012404433893,1.7478218342557958,2.7161495634469213,0,0,0,0,1,0,1,1,0,0,1,0,1,0,1,0,1,0,1,0,1,0,1,1,1,0,0,0,1,0
4156,0,-1.2774445836787656,-1.4960059100684764,-0.9970664710682277,0,1,0,0,1,0,0,0,1,1,0,1,0,1,0,1,0,1,0,1,0,0,0,1,0,0,1,0,0,2
4157,0,-0.8702409464784621,-0.6501512369839195,-0.7887178377527426,0,1,0,0,1,0,0,0,0,0,0,0,0,0,0,0,0,0,0,0,0,0,0,0,1,0,0,0,0,1
4158,0,0.2699292376823877,-1.3148700370503688,-0.5699131692661046,0,1,1,1,1,0,1,0,1,1,0,1,0,1,0,1,0,1,0,1,0,0,1,0,0,0,1,1,0,2
4159,1,1.0843365120829946,0.830509890164096,1.4193585516187144,0,0,0,0,1,0,1,1,0,0,1,0,1,0,1,0,0,0,0,0,0,0,0,1,0,1,0,0,1,0
4160,0,-0.2594354906780068,0.3402797751150897,-0.1638484109737333,0,1,0,0,1,0,0,0,0,0,1,0,0,0,0,0,1,0,1,0,1,1,0,0,0,0,0,1,0,1
4161,1,-1.2367242199587352,-0.4922805219681379,-0.9585291431272904,0,1,0,0,1,0,0,0,0,0,0,0,0,0,1,0,0,0,0,0,0,0,0,0,0,0,1,0,0,1
4162,0,1.6137012404433893,0.0311855330841909,1.0127864329699372,0,0,1,1,0,1,0,0,0,0,1,0,1,0,1,0,1,0,1,0,1,0,1,0,0,0,0,0,1,0
4163,0,1.3286586944031769,0.076054052088676,0.8955200132023228,0,1,1,0,1,0,1,0,0,0,1,0,1,0,1,0,0,0,0,0,0,1,0,0,1,0,0,0,1,0
4164,0,1.6137012404433893,1.5334500212343665,2.489602134738607,0,1,1,1,1,0,1,1,0,0,0,0,1,0,1,0,1,0,1,0,1,0,1,0,1,0,0,0,1,0
4165,0,-1.0738427650786138,0.7706851981581158,-0.7753279361728063,0,1,0,0,1,0,1,1,0,0,0,0,0,0,0,0,1,0,0,0,1,0,0,1,0,0,0,0,0,1
4166,1,-0.0151133083578247,-1.4943441130683104,-0.746496632441378,0,1,0,0,1,0,0,0,1,1,0,1,0,1,0,1,0,1,0,1,0,1,0,0,1,0,0,1,0,2
4167,0,0.7178532386027215,0.3635449331174155,0.7043333954209242,0,0,1,0,1,0,1,0,0,0,0,0,0,0,1,0,0,0,1,0,1,1,0,0,0,0,0,0,1,0
4168,0,1.1657772395230557,-0.0868020539276039,0.6613842382938465,0,1,1,0,0,1,0,0,0,0,1,0,0,0,1,0,1,0,1,0,1,0,1,1,0,0,1,0,1,0
4169,0,-0.7073594915983407,1.2127232002023045,-0.3628660255605311,1,0,0,0,1,0,0,1,0,0,0,0,1,0,1,0,0,0,1,0,1,0,0,1,0,1,0,1,0,1
4170,0,1.6137012404433893,1.6747027662484868,2.677854886111222,0,1,1,0,1,0,1,1,0,0,1,0,1,0,1,0,1,0,1,0,1,0,1,0,0,0,0,0,1,0
4171,0,-0.9516816739185228,-1.522594662071134,-0.9238962840160876,1,1,0,0,1,0,0,0,1,1,0,1,0,1,0,1,0,1,0,1,0,0,0,1,0,0,1,0,0,2
4172,0,-1.2774445836787656,-1.504314895069307,-0.997176766797881,0,0,0,0,1,0,0,0,1,1,0,1,0,1,0,1,0,1,0,1,0,0,0,0,0,0,1,0,0,2
4173,0,-0.8295205827584317,0.7241548821534641,-0.5350817778415254,0,0,0,0,1,0,1,1,0,0,0,0,0,0,0,0,0,0,0,0,1,0,0,1,0,1,0,0,0,1
4174,0,0.188488510242327,-1.2018678410390724,-0.576266203294147,1,0,0,0,0,1,0,0,0,0,0,0,0,0,0,0,1,0,0,0,0,0,0,0,1,0,0,1,0,1
4175,0,1.1657772395230557,-1.4744025490663168,-0.4646910431766538,0,1,1,1,1,0,0,0,1,1,0,1,0,1,0,1,0,1,0,1,0,1,0,0,0,0,1,0,1,2
4176,0,-0.5851984004382496,-1.4943441130683104,-0.8547629206692658,0,1,1,1,1,0,0,0,1,1,0,1,0,1,0,1,0,1,0,1,0,1,0,0,0,0,0,1,0,2
4177,0,-0.4630373092781585,-0.6351950639824246,-0.5711925997300854,0,1,0,1,1,0,0,0,0,0,0,0,0,0,0,0,0,0,0,0,0,0,0,0,0,0,1,1,0,1
4178,0,1.4508197855632678,-0.2779087089467081,0.7362088612907893,0,1,1,1,0,1,0,0,0,0,1,0,1,0,1,0,1,0,0,0,1,0,1,1,0,0,1,0,1,0
4179,1,-0.8295205827584317,0.2837786771094415,-0.6404583179524912,0,1,0,0,1,0,1,1,0,0,0,0,0,0,0,0,0,0,0,0,0,0,0,1,1,0,0,0,0,1
4180,1,-1.2367242199587352,-1.343120586053193,-0.9873163285668572,1,0,0,0,0,1,0,0,0,0,0,0,0,0,0,0,0,0,0,0,0,0,0,0,0,1,0,0,0,1
4181,0,1.2064976032430856,1.2160467942026365,1.713980504669177,0,0,1,0,1,0,1,1,0,0,0,0,0,0,1,0,0,0,1,0,1,0,0,1,0,1,0,0,1,0
4182,1,-0.1372743995179157,1.126309756193666,0.2572165665515156,1,0,0,0,1,0,1,1,0,0,0,0,0,0,0,0,1,0,1,0,1,0,0,0,0,1,0,1,0,1
4183,0,-1.2774445836787656,-1.03568814102246,-0.990956087645423,0,1,0,1,0,1,0,0,0,0,0,0,1,0,0,0,1,0,0,0,0,0,0,0,0,0,1,0,0,1
4184,1,-1.1145631287986442,0.50313588113137,-0.8540349688535526,1,1,1,0,1,0,1,1,0,0,0,0,0,0,1,0,0,0,0,0,0,0,0,1,0,0,0,0,0,1
4185,0,-1.2774445836787656,-1.46443176706532,-0.9966473472955444,0,0,0,0,1,0,0,0,1,1,0,1,0,1,0,1,0,1,0,1,0,0,0,0,0,1,0,0,0,2
4186,0,1.2064976032430856,1.305783832211607,1.9018361914150392,0,1,0,1,1,0,1,1,0,0,0,0,0,0,1,0,1,0,1,0,1,0,1,1,0,1,0,0,1,0
4187,0,0.1477681465222966,-1.479387940066815,-0.689032557291898,0,0,1,1,1,0,0,0,1,1,0,1,0,1,0,1,0,1,0,1,0,0,1,0,0,0,0,1,0,2
4188,1,-0.1779947632379461,1.2808568772091151,0.2695255699808477,1,0,0,0,1,0,1,1,0,0,0,0,0,0,1,0,1,0,1,0,1,0,0,1,0,1,0,1,0,1
4189,0,1.4915401492832985,0.2970730531107706,1.1497737291995995,0,0,1,1,1,0,1,0,0,0,1,0,1,0,0,0,1,0,1,0,0,1,0,0,1,0,0,0,1,0
4190,0,-0.8702409464784621,1.044881703185526,-0.4666322480185556,1,0,1,0,1,0,1,1,0,0,1,0,0,0,0,0,1,0,1,0,0,0,0,1,1,0,0,0,0,1
4191,0,1.247217966963116,1.461992750227223,2.02589682812931,0,0,1,0,1,0,1,1,0,0,0,0,1,0,1,0,1,0,1,0,1,0,0,1,0,1,0,0,1,0
4192,0,-0.3815965818380978,-1.4827115340671475,-0.8268360419209965,0,1,0,0,1,0,0,0,1,1,0,1,0,1,0,1,0,1,0,1,0,1,0,0,0,0,0,1,0,2
4193,0,-0.9109613101984924,-1.4960059100684764,-0.9139034909094792,0,1,0,0,1,0,0,0,1,1,0,1,0,1,0,1,0,1,0,1,0,0,0,0,1,0,0,0,0,2
4194,0,1.5729808767233588,-1.289943082047877,-0.2108123326601989,0,0,1,0,1,0,1,0,1,1,0,1,0,1,0,1,0,1,0,1,0,0,1,1,1,0,0,0,1,2
4195,1,0.5142514200025698,0.1757618720986434,0.3453207953987413,0,0,0,0,1,0,1,0,0,0,1,0,0,0,0,0,1,0,0,0,1,0,0,1,0,1,0,1,0,1
4196,0,1.5322605130033284,-1.3530913680541898,-0.2272022780867108,0,0,1,1,1,0,1,0,1,1,0,1,0,1,0,1,0,1,0,1,0,0,1,0,0,0,1,0,1,2
4197,0,-0.4223169455581282,0.6643301901474837,-0.2042607663187803,0,0,0,1,1,0,1,1,0,0,0,0,0,0,0,0,0,0,0,0,1,0,0,1,0,1,0,1,0,1
4198,0,0.7992939660427822,-1.3863273080575125,-0.4520511525583613,0,0,1,1,1,0,1,0,1,1,0,1,0,1,0,1,0,1,0,1,0,0,1,0,0,0,1,0,1,2
4199,0,0.9214550572028734,1.3091074262119398,1.527955727035563,1,1,1,0,1,0,1,1,0,0,0,0,0,0,1,0,1,0,1,0,1,1,0,1,0,1,0,0,1,0
4200,0,1.3286586944031769,-0.1599211219349132,0.724142508466695,0,0,0,0,0,1,0,0,0,0,1,0,0,0,1,0,1,0,1,0,1,0,1,0,1,0,0,0,1,0
4201,0,1.6137012404433893,-1.502653098069141,-0.360130691465124,0,0,1,1,1,0,0,0,1,1,0,1,0,1,0,1,0,1,0,1,0,0,1,0,0,0,0,0,1,2
4202,0,-0.9109613101984924,-1.5009913010689746,-0.9221977297794234,0,1,1,0,1,0,0,0,1,1,0,1,0,1,0,1,0,1,0,1,0,1,0,0,0,0,0,0,0,2
4203,0,-1.0331224013585834,-1.4860351280674795,-0.963073327189015,0,0,0,1,1,0,0,0,1,1,0,1,0,1,0,1,0,1,0,1,0,1,0,0,0,0,1,0,0,2
4204,1,-1.1145631287986442,0.6909189421501416,-0.8255566114570158,0,1,0,0,1,0,0,1,0,0,0,0,1,0,0,0,0,0,0,0,1,0,0,1,0,1,0,0,0,1
4205,0,-0.3408762181180675,0.4599291591270504,-0.1910693970522201,0,0,1,1,1,0,1,0,0,0,1,0,0,0,1,0,0,0,1,0,1,0,1,0,1,0,0,1,0,1
4206,0,1.6137012404433893,1.7295420672539683,2.7251938132785094,0,0,1,1,1,0,1,1,0,0,1,0,1,0,1,0,1,0,1,0,1,0,1,1,1,0,0,0,1,0
4207,0,-0.4630373092781585,-0.7049905379894018,-0.5595233115327438,0,1,0,0,0,1,0,0,0,0,1,0,0,0,0,0,1,0,1,0,0,0,0,1,0,0,1,1,0,1
4208,0,1.4915401492832985,-0.1316705729320893,0.8751594215082842,0,1,1,0,0,1,0,0,0,0,0,0,1,0,1,0,1,0,1,0,1,1,0,1,1,0,0,0,1,0
4209,0,0.4735310562825394,-0.3277626189516918,0.1188395441282189,0,1,1,1,1,0,0,0,0,0,0,0,1,0,0,0,1,0,0,0,0,0,0,1,0,0,0,1,0,1
4210,1,1.1657772395230557,0.0145675630825296,0.7435324977397827,0,0,1,1,1,0,1,0,0,0,0,0,0,0,1,0,0,0,1,0,0,1,0,1,0,1,0,0,1,0
4211,1,-0.3408762181180675,1.269224298207953,0.0957215591928427,1,1,0,0,1,0,1,1,0,0,0,0,1,0,1,0,0,0,1,0,1,0,0,1,1,0,0,1,0,1
4212,0,-1.2774445836787656,0.85876043916692,-0.965808661284422,1,0,0,0,1,0,0,1,0,0,0,0,0,0,0,0,0,0,1,0,1,0,0,0,0,1,0,0,0,1
4213,0,-1.0738427650786138,-0.4640299729653139,-0.878697094004078,1,0,0,0,1,0,0,0,0,0,0,0,0,0,0,0,1,0,0,0,0,0,0,1,0,0,0,0,0,1
4214,0,-1.1552834925186746,0.8404806721650927,-0.8433804013690234,1,1,0,0,1,0,1,1,0,0,0,0,1,0,0,0,0,0,0,0,1,0,0,1,0,1,0,0,0,1
4215,0,1.6137012404433893,1.4437129832253957,2.453358957974463,0,1,1,0,1,0,1,1,0,0,0,0,1,0,1,0,1,0,1,0,1,0,1,1,0,1,0,0,1,0
4216,0,1.6137012404433893,0.9052907551715716,1.920476169726483,0,1,0,0,1,0,1,0,0,0,1,0,1,0,1,0,1,0,1,0,1,0,1,0,0,0,0,0,1,0
4217,1,-0.748079855318371,0.3436033691154218,-0.5587071231333078,0,1,1,0,1,0,1,1,0,0,0,0,0,0,0,0,0,0,0,0,0,0,0,1,0,1,0,1,0,1
4218,0,-1.0331224013585834,-1.3198554280508674,-0.9383009063088362,0,1,0,0,1,0,1,0,1,1,0,1,0,1,0,1,0,1,0,1,0,0,0,1,0,0,0,0,0,2
4219,0,0.6364125111626608,0.3452651661155883,0.6586489041984395,0,0,0,0,1,0,0,1,0,0,0,0,1,0,0,0,0,0,0,0,0,1,0,0,0,1,0,1,0,1
4220,0,0.9214550572028734,-1.504314895069307,-0.5529717451913252,0,1,1,1,1,0,0,0,1,1,0,1,0,1,0,1,0,1,0,1,0,1,0,0,0,0,1,0,1,2
4221,0,-1.2774445836787656,-1.5109620830699717,-0.9972650033816036,0,1,0,0,1,0,0,0,1,1,0,1,0,1,0,1,0,1,0,1,0,0,0,0,1,0,0,0,0,2
4222,0,0.5142514200025698,1.5766567432386855,1.214186435317251,0,1,0,0,1,0,0,1,0,0,1,0,1,0,1,0,1,0,1,0,1,1,0,0,1,0,0,1,0,0
4223,0,-1.1960038562387048,0.184070857099474,-0.9085431184483184,0,1,0,0,1,0,0,1,0,0,0,0,0,0,0,0,0,0,0,0,0,0,0,1,0,0,1,0,0,1
4224,0,1.5729808767233588,-1.5009913010689746,-0.3808442294940536,0,0,1,0,1,0,0,0,1,1,0,1,0,1,0,1,0,1,0,1,0,0,1,0,0,0,1,0,1,2
4225,0,-0.9924020376385532,-1.479387940066815,-0.9359185185483204,0,1,1,0,1,0,0,0,1,1,0,1,0,1,0,1,0,1,0,1,0,0,0,0,0,0,1,0,0,2
4226,0,-1.1960038562387048,0.3685303241179136,-0.8925722967944899,1,0,1,0,1,0,1,1,0,0,0,0,0,0,0,0,0,0,0,0,0,0,0,1,0,1,0,0,0,1
4227,0,1.4915401492832985,0.5280628361338618,1.439498551853446,0,1,1,1,1,0,0,0,0,0,1,0,1,0,0,0,1,0,1,0,1,0,1,0,0,0,0,0,1,0
4228,0,-1.2774445836787656,0.1242461650934937,-0.9755588037857926,1,1,1,1,1,0,0,1,0,0,0,0,0,0,0,0,0,0,0,0,0,0,0,1,0,1,0,0,0,1
4229,1,1.6137012404433893,1.69464433025048,2.7194363761905964,0,0,1,0,1,0,1,1,0,0,1,0,1,0,1,0,1,0,1,0,1,0,1,1,1,0,0,0,1,0
4230,0,-0.8702409464784621,0.290425865110106,-0.6564732578981812,1,1,0,0,1,0,0,1,0,0,1,0,0,0,0,0,0,0,0,0,0,0,0,1,0,1,0,0,0,1
4231,0,1.5729808767233588,0.5264010391336954,1.5125805023218633,0,1,0,0,1,0,1,0,0,0,1,0,1,0,1,0,1,0,0,0,1,0,1,0,0,0,0,0,1,0
4232,0,-1.2774445836787656,0.1724382780983114,-0.9749190885538024,1,0,0,0,1,0,0,1,0,0,0,0,0,0,0,0,0,0,0,0,0,0,0,1,0,0,1,0,0,1
4233,0,0.0256070553622056,-0.1732154979362424,-0.1162227149093467,0,0,1,0,0,1,0,0,0,0,1,0,0,0,1,0,1,0,1,0,1,0,1,0,0,0,0,1,0,1
4234,0,-0.6666391278783103,-1.519271068070802,-0.8616674333455756,0,0,0,0,1,0,0,0,1,1,0,1,0,1,0,1,0,1,0,1,0,1,0,0,0,0,1,1,0,2
4235,1,0.9621754209229036,1.0266019361836989,1.4082628012155711,0,0,1,0,1,0,1,1,0,0,1,0,1,0,1,0,1,0,0,0,0,1,0,0,0,1,0,0,1,0
4236,0,-1.2774445836787656,-1.4893587220678115,-0.9969782344845048,0,0,0,0,1,0,0,0,1,1,0,1,0,1,0,1,0,1,0,1,0,0,0,0,1,0,0,0,0,2
4237,0,-1.1145631287986442,0.1757618720986434,-0.8529540707029482,1,1,0,0,1,0,0,0,0,0,0,0,0,0,1,0,0,0,1,0,1,0,0,1,0,1,0,0,0,1
4238,0,1.002895784642934,-1.5076384890696393,-0.5374200473101799,0,1,1,1,1,0,0,0,1,1,0,1,0,1,0,1,0,1,0,1,0,1,0,0,0,0,1,0,1,2
4239,0,0.9621754209229036,-0.952598291014154,-0.1359877096632561,0,1,1,1,0,1,0,0,0,0,0,0,1,0,1,0,0,0,0,0,0,1,0,1,1,0,0,0,1,1
4240,0,-0.9924020376385532,0.9717626351782166,-0.6644586687250954,1,1,0,0,1,0,1,1,0,0,0,0,1,0,1,0,0,0,1,0,0,0,0,1,0,1,0,0,0,1
4241,0,-0.4223169455581282,-0.1200379939309264,-0.3783956642957457,1,0,1,1,1,0,0,0,0,0,1,0,1,0,1,0,0,0,0,0,0,0,0,0,0,0,1,1,0,1
4242,0,-1.2774445836787656,-1.4960059100684764,-0.9970664710682277,0,0,0,0,1,0,0,0,1,1,0,1,0,1,0,1,0,1,0,1,0,0,0,0,0,0,1,0,0,2
4243,0,0.3106496014024181,-0.0219919709211252,0.079684560101222,0,0,0,1,1,0,0,0,0,0,1,0,0,0,0,0,1,0,1,0,0,0,0,1,1,0,0,1,0,1
4244,0,0.5549717837226001,-1.4960059100684764,-0.6279066639179215,0,1,1,1,1,0,0,0,1,1,0,1,0,1,0,1,0,1,0,1,0,0,1,0,1,0,0,1,0,2
4245,0,1.247217966963116,-1.4976677070686424,-0.4428966069971198,0,1,1,1,1,0,0,0,1,1,0,1,0,1,0,1,0,1,0,1,0,0,1,0,0,0,1,0,1,2
4246,0,1.4508197855632678,1.5101848632320405,2.288753611039561,0,1,1,1,1,0,1,1,0,0,1,0,1,0,1,0,0,0,1,0,1,0,1,1,0,1,0,0,1,0
4247,0,1.4915401492832985,1.3822264942192488,2.19798022553472,0,1,1,1,1,0,0,1,0,0,1,0,1,0,0,0,1,0,1,0,1,0,1,1,1,0,0,0,1,0
4248,0,0.9621754209229036,0.8570986421667539,1.2515766876697916,0,0,1,0,1,0,1,1,0,0,0,0,1,0,1,0,1,0,0,0,0,0,0,0,0,1,0,0,1,0
4249,0,-0.9109613101984924,0.0378327210848555,-0.7145770482796515,0,0,1,1,1,0,0,0,0,0,0,0,1,0,1,0,0,0,0,0,1,1,0,1,0,0,1,0,0,1
4250,0,1.247217966963116,1.3207400052131024,1.9019685462906235,0,1,0,0,1,0,1,1,0,0,1,0,1,0,1,0,1,0,1,0,0,1,0,0,1,0,0,0,1,0
4251,0,-0.3408762181180675,-0.4075288749596656,-0.4727646905872908,0,0,1,1,0,1,0,0,0,0,1,0,1,0,1,0,1,0,0,0,1,0,1,1,0,0,1,1,0,1
4252,0,-0.5444780367182193,-0.2878794909477047,-0.549640814155789,0,0,0,0,1,0,1,0,0,0,0,0,0,0,1,0,0,0,0,0,0,0,0,1,0,0,1,1,0,1
4253,0,-0.4223169455581282,0.7972739501607736,-0.1740838546855792,0,1,1,1,1,0,1,1,0,0,0,0,0,0,1,0,0,0,1,0,0,0,0,1,0,1,0,1,0,1
4254,0,-0.1372743995179157,0.6543594081464871,0.0826625448018668,1,1,1,0,1,0,1,1,0,0,1,0,1,0,0,0,0,0,0,0,0,0,0,1,0,1,0,1,0,1
4255,0,-0.7888002190384014,0.3502505571160864,-0.5692513948881835,1,1,1,0,1,0,1,0,0,0,0,0,0,0,1,0,0,0,1,0,1,1,0,1,0,0,1,1,0,1
4256,0,1.5322605130033284,-1.288281285047711,-0.120347775198388,0,0,1,0,1,0,1,0,1,1,0,1,0,1,0,1,0,1,0,1,0,0,1,1,0,0,0,0,1,2
4257,0,0.6771328748826912,1.151236711196158,1.2111643323247443,0,0,1,0,1,0,0,1,0,0,0,0,1,0,1,0,0,0,1,0,1,0,0,0,0,1,0,0,1,0
4258,1,0.4328106925625091,1.4885815022298807,1.1252439589246583,1,0,1,0,1,0,1,1,0,0,1,0,0,0,1,0,1,0,1,0,1,1,0,1,0,0,1,1,0,0
4259,0,-1.1960038562387048,-1.5009913010689746,-0.9794191543236656,1,0,0,0,1,0,0,0,1,1,0,1,0,1,0,1,0,1,0,1,0,0,0,1,0,0,1,0,0,2
4260,0,0.3920903288424788,0.2787932861089434,0.3567033146989838,0,1,1,1,1,0,0,0,0,0,0,0,0,0,1,0,1,0,1,0,1,1,0,0,0,1,0,1,0,1
4261,0,1.002895784642934,-0.3360716039525224,0.3771962612686064,0,1,0,0,1,0,0,0,0,0,0,0,1,0,0,0,1,0,0,0,0,1,0,1,0,0,1,0,1,0
4262,1,-1.2367242199587352,0.0544506910865167,-0.9640659887558966,1,1,0,0,1,0,0,0,0,0,1,0,0,0,1,0,0,0,1,0,0,0,0,0,0,0,0,0,0,1
4263,0,1.6137012404433893,1.6879971422498157,2.6615090589765718,0,0,1,0,1,0,1,1,0,0,1,0,1,0,1,0,1,0,1,0,1,0,1,1,1,0,0,0,1,0
4264,1,0.5549717837226001,1.3190782082129364,1.1400677049900907,0,0,0,0,1,0,1,1,0,0,0,0,1,0,1,0,0,0,1,0,1,0,0,1,0,1,0,1,0,0
4265,1,1.369379058123207,1.1728400721983174,2.0259850647130326,1,1,1,0,1,0,1,1,0,0,0,0,0,0,0,0,1,0,1,0,1,0,0,1,1,0,0,0,1,0
4266,0,1.2064976032430856,1.2376501552047965,1.8748137376499288,1,1,0,0,1,0,1,1,0,0,1,0,1,0,0,0,1,0,0,0,1,1,0,0,0,1,0,0,1,0
4267,0,1.6137012404433893,0.8770402061687477,1.922748261757345,0,0,1,0,1,0,1,0,0,0,1,0,1,0,1,0,1,0,1,0,1,0,1,1,0,0,0,0,1,0
4268,0,0.1070477828022663,0.82884809316393,0.3908288134537805,0,1,1,1,1,0,0,1,0,0,0,0,1,0,0,0,1,0,1,0,0,1,0,1,0,1,0,1,0,1
4269,0,-0.62591876415828,0.8454660631655913,-0.3642336926082347,1,1,1,0,1,0,1,1,0,0,1,0,1,0,1,0,0,0,0,0,0,0,0,0,1,0,0,1,0,1
4270,0,1.6137012404433893,0.9185851311729007,1.988131570295948,0,0,1,0,1,0,1,0,0,0,1,0,1,0,1,0,1,0,1,0,1,0,1,1,0,1,0,0,1,0
4271,0,-0.1779947632379461,-1.491020519067978,-0.7662175089034261,0,0,1,1,1,0,0,0,1,1,0,1,0,1,0,1,0,1,0,1,0,1,0,0,0,0,1,1,0,2
4272,0,0.9621754209229036,-1.3165318340505352,-0.4202639232722189,1,1,1,0,1,0,1,0,1,1,0,1,0,1,0,1,0,1,0,1,0,0,1,1,1,0,0,0,1,2
4273,0,-0.055833672077855,0.5014740841312035,0.0548900800751125,1,0,0,0,1,0,1,1,0,0,0,0,0,0,0,0,1,0,0,0,0,0,0,1,1,0,0,1,0,1
4274,0,0.5142514200025698,-1.5259182560714666,-0.6231418883968898,0,1,0,0,1,0,0,0,1,1,0,1,0,1,0,1,0,1,0,1,0,1,0,0,0,0,0,1,0,2
4275,0,-1.2774445836787656,-1.2965902700485417,-0.9944193735565432,0,0,0,0,1,0,1,0,1,1,0,1,0,1,0,1,0,1,0,1,0,0,0,1,0,0,1,0,0,2
4276,0,-1.2367242199587352,-0.5039131009693008,-0.9551761529458236,1,0,0,0,1,0,0,0,0,0,0,0,1,0,0,0,0,0,0,0,0,0,0,1,0,0,1,0,0,1
4277,0,-1.0738427650786138,-1.4561227820644893,-0.9574703041226166,0,0,0,0,1,0,0,0,1,1,0,1,0,1,0,1,0,1,0,1,0,0,0,1,0,0,1,0,0,2
4278,0,0.6364125111626608,1.07313225218835,1.064669544198949,0,0,1,0,1,0,0,1,0,0,0,0,1,0,1,0,0,0,1,0,1,1,0,1,0,1,0,1,0,0
4279,0,-0.3001558543980371,-1.3082228490497043,-0.764518954666762,0,1,1,1,1,0,1,0,1,1,0,1,0,1,0,1,0,1,0,1,0,0,0,1,0,0,0,1,0,2
4280,0,1.2879383306831464,-1.4976677070686424,-0.443690736250625,0,1,1,1,1,0,0,0,1,1,0,1,0,1,0,1,0,1,0,1,0,0,1,1,0,0,0,0,1,2
4281,0,0.7178532386027215,-0.9891578250178088,-0.2194153995731728,0,1,0,0,0,1,0,0,0,0,1,0,1,0,0,0,0,0,0,0,0,0,0,1,0,0,1,0,1,1
4282,0,0.7992939660427822,1.2127232002023045,1.332974936154084,0,0,1,1,1,0,1,1,0,0,0,0,0,0,1,0,0,0,1,0,1,1,0,0,0,0,0,0,1,0
4283,1,-1.1552834925186746,0.180747263099142,-0.8820942024774062,0,1,1,0,1,0,0,1,0,0,0,0,0,0,0,0,0,0,0,0,0,0,0,1,0,1,0,0,0,1
4284,1,-0.0151133083578247,0.8703930181680831,0.2727462052867301,0,0,0,0,1,0,0,1,0,0,0,0,0,0,0,0,0,0,1,0,1,0,0,0,0,1,0,1,0,1
4285,0,0.5142514200025698,0.3020584441112687,0.4814477849371064,0,1,1,1,1,0,1,0,0,0,1,0,1,0,0,0,1,0,1,0,0,0,1,0,1,0,0,1,0,0
4286,0,-0.9516816739185228,0.7740087921584478,-0.6522599610254171,0,1,1,0,1,0,1,1,0,0,1,0,0,0,0,0,0,0,0,0,1,0,0,1,0,1,0,0,0,1
4287,1,1.369379058123207,1.3689321182179202,2.071581319351795,1,0,1,0,1,0,1,1,0,0,0,0,0,0,1,0,1,0,1,0,1,1,0,1,1,0,0,0,1,0
4288,0,-1.1960038562387048,0.9003053641710731,-0.8923737644811136,1,1,0,1,1,0,1,1,0,0,0,0,0,0,1,0,0,0,0,0,1,0,0,0,0,1,0,0,0,1
4289,0,0.880734693482843,-1.4843733310673135,-0.5295449322129191,0,0,0,0,1,0,0,0,1,1,0,1,0,1,0,1,0,1,0,1,0,0,1,0,0,0,1,0,1,2
4290,0,-1.2774445836787656,-0.8196545310008642,-0.9880883986744315,1,0,1,1,0,1,0,0,0,0,0,0,0,0,0,0,1,0,1,0,0,0,0,0,0,1,0,0,0,1
4291,0,1.2879383306831464,1.5135084572323727,2.0813094027072347,0,0,1,1,1,0,1,1,0,0,1,0,1,0,0,0,1,0,1,0,1,0,1,0,0,0,0,0,1,0
4292,1,-0.055833672077855,0.3037202411114352,-0.0276111257057147,1,0,0,0,1,0,1,1,0,0,0,0,0,0,0,0,0,0,0,0,0,0,0,1,0,1,0,1,0,1
4293,0,-0.748079855318371,0.8321716871642622,-0.5076402003037316,1,0,0,0,1,0,0,1,0,0,0,0,0,0,0,0,0,0,1,0,1,0,0,1,0,0,1,1,0,1
4294,0,-0.8295205827584317,0.677624566148813,-0.5738396972417698,0,0,0,0,1,0,0,1,0,0,1,0,0,0,0,0,0,0,1,0,0,1,0,1,1,0,0,0,0,1
4295,1,1.4100994218432374,-0.1266851819315907,0.811629081227861,0,1,1,0,1,0,0,0,0,0,1,0,1,0,0,0,1,0,0,0,0,1,0,1,0,0,0,0,1,0
4296,0,0.1070477828022663,0.2488809401059529,0.1274205518952623,1,0,1,1,1,0,1,0,0,0,1,0,0,0,1,0,1,0,1,0,0,0,0,0,0,1,0,1,0,1
4297,0,0.5142514200025698,0.2920876621102721,0.4717858790194587,0,0,0,0,1,0,1,0,0,0,1,0,0,0,0,0,1,0,0,0,1,0,1,0,0,0,1,1,0,1
4298,0,-0.9109613101984924,-0.6235624849812617,-0.7886737194608813,0,1,0,0,1,0,0,0,0,0,0,0,0,0,0,0,0,0,0,0,0,0,0,0,0,0,1,0,0,1
4299,1,-0.1372743995179157,-0.2064514379395648,-0.2474084557592343,0,0,0,0,1,0,1,0,0,0,1,0,1,0,0,0,0,0,0,0,0,0,0,1,0,0,0,1,0,1
4300,0,-0.3408762181180675,-1.3348116010523623,-0.7387538722197015,0,0,0,0,1,0,1,0,1,1,0,1,0,1,0,1,0,1,0,1,0,1,0,0,0,0,0,1,0,2
4301,0,1.369379058123207,-1.4960059100684764,-0.4126093996342652,0,1,1,1,1,0,0,0,1,1,0,1,0,1,0,1,0,1,0,1,0,0,1,1,0,0,1,0,1,2
4302,0,0.758573602322752,0.7175076941527995,0.8768138574530868,0,1,0,0,1,0,0,1,0,0,1,0,0,0,0,0,0,0,1,0,0,1,0,0,0,0,1,0,1,0
4303,0,0.5142514200025698,-1.304899255049372,-0.5111917227985746,0,0,1,0,1,0,1,0,1,1,0,1,0,1,0,1,0,1,0,1,0,0,1,0,0,0,1,1,0,2
4304,0,0.6771328748826912,-1.520932865070968,-0.6004650863801275,0,0,1,0,1,0,0,0,1,1,0,1,0,1,0,1,0,1,0,1,0,1,0,0,1,0,0,0,1,2
4305,0,-0.1372743995179157,-1.502653098069141,-0.7755705867780439,0,0,1,0,1,0,0,0,1,1,0,1,0,1,0,1,0,1,0,1,0,0,1,1,0,0,1,1,0,2
4306,0,0.3106496014024181,1.506861269231708,0.9659107478671946,0,1,1,1,1,0,1,1,0,0,1,0,1,0,0,0,1,0,1,0,1,0,0,1,1,0,0,1,0,0
4307,1,0.188488510242327,1.0565142821866886,0.5737873698030271,1,0,0,0,1,0,1,1,0,0,0,0,0,0,0,0,0,0,1,0,1,0,0,1,0,1,0,1,0,1
4308,0,-0.3001558543980371,0.1657910900976468,-0.2428201534056482,0,1,0,0,1,0,0,1,0,0,0,0,0,0,0,0,0,0,0,0,0,0,0,0,0,1,0,1,0,1
4309,0,-0.4223169455581282,-0.4706771609659783,-0.5322582071623956,0,0,0,0,0,1,0,0,0,0,0,0,0,0,1,0,0,0,1,0,1,0,0,1,0,1,0,1,0,1
4310,0,1.6137012404433893,0.0278619390838584,1.0088819641402027,0,1,0,0,0,1,0,0,0,0,1,0,1,0,1,0,1,0,1,0,1,0,1,1,0,0,0,0,1,0
4311,0,-1.0331224013585834,-0.8196545310008642,-0.8763808836813543,1,0,0,0,0,1,0,0,0,0,0,0,1,0,0,0,0,0,0,0,1,0,0,1,1,0,0,0,0,1
4312,0,0.0256070553622056,0.576254949138679,0.1426634217333776,0,1,1,1,1,0,0,0,0,0,0,0,1,0,1,0,1,0,1,0,1,0,1,0,1,0,0,1,0,1
4313,0,-0.3815965818380978,0.4765471291287116,-0.2188198026330439,0,0,0,0,1,0,0,1,0,0,0,0,1,0,0,0,1,0,0,0,0,0,0,1,0,0,1,1,0,1
4314,1,-0.3408762181180675,1.2127232002023045,0.0707726651452183,1,1,0,0,1,0,1,1,0,0,0,0,1,0,0,0,0,0,1,0,1,0,0,1,0,1,0,1,0,1
4315,0,-1.2774445836787656,0.4915033021302069,-0.9706837325351072,1,0,0,0,1,0,0,1,0,0,0,0,0,0,0,0,0,0,1,0,0,0,0,0,0,1,0,0,0,1
4316,0,1.4915401492832985,0.8604222361670865,1.7834226960590285,0,1,0,0,1,0,1,0,0,0,1,0,1,0,1,0,1,0,1,0,1,0,1,0,0,0,1,0,1,0
4317,0,-1.1960038562387048,-1.4694171580658184,-0.9804559341824084,0,0,0,1,1,0,0,0,1,1,0,1,0,1,0,1,0,1,0,1,0,1,0,1,1,0,0,0,0,2
4318,0,0.9621754209229036,0.3652067301175816,0.8845345585288327,0,1,0,0,1,0,0,0,0,0,0,0,1,0,0,0,1,0,1,0,1,1,0,1,0,0,0,0,1,0
4319,0,1.3286586944031769,1.503537675231376,2.1436706082533306,0,1,0,0,1,0,1,1,0,0,1,0,0,0,1,0,1,0,1,0,1,1,0,1,1,0,0,0,1,0
4320,0,1.5729808767233588,-1.4594463760648215,-0.326468434774872,0,1,1,0,1,0,0,0,1,1,0,1,0,1,0,1,0,1,0,1,0,1,0,0,0,1,0,0,1,2
4321,1,-0.748079855318371,0.5180920541328647,-0.5389641875253292,0,0,0,0,1,0,1,1,0,0,0,0,0,0,1,0,0,0,0,0,0,0,0,1,0,0,0,1,0,1
4322,0,-1.2367242199587352,0.179085466098976,-0.9511613883864356,0,0,0,0,1,0,0,1,0,0,0,0,0,0,0,0,0,0,0,0,0,0,0,1,0,1,0,0,0,1
4323,0,-0.0151133083578247,0.641065032145158,0.221524868435639,1,0,0,0,1,0,1,1,0,0,0,0,0,0,0,0,0,0,1,0,0,1,0,0,0,1,0,1,0,1
4324,0,0.3106496014024181,0.0893484280900052,0.1990907170241146,0,1,0,0,1,0,0,0,0,0,1,0,0,0,1,0,0,0,0,0,1,0,0,0,0,1,0,1,0,1
4325,0,-1.2774445836787656,-1.462769970065154,-0.9966252881496136,0,1,0,0,1,0,0,0,1,1,0,1,0,1,0,1,0,1,0,1,0,0,0,0,1,0,0,0,0,2
4326,0,-1.2774445836787656,0.8089065291619363,-0.9664704356623433,1,1,0,0,1,0,0,1,0,0,0,0,0,0,0,0,0,0,1,0,1,0,0,1,0,1,0,0,0,1
4327,0,-1.0331224013585834,0.1707764810981453,-0.7863795682840882,0,0,0,0,1,0,0,1,0,0,0,0,0,0,0,0,0,0,0,0,0,0,0,1,0,0,1,0,0,1
4328,0,-0.7073594915983407,-0.454059190964317,-0.6920326011384735,0,0,1,0,1,0,1,0,0,0,0,0,0,0,0,0,0,0,0,0,0,0,0,1,0,1,0,1,0,1
4329,0,-0.62591876415828,0.9850570111795456,-0.2967106469143544,1,0,1,1,1,0,1,1,0,0,1,0,0,0,1,0,0,0,1,0,0,0,0,0,0,1,0,1,0,1
4330,0,-0.5444780367182193,0.4482965801258877,-0.3479981612032377,1,1,0,0,1,0,0,1,0,0,0,0,1,0,1,0,0,0,0,0,0,0,0,1,0,1,0,1,0,1
4331,0,1.5729808767233588,-1.303237458049206,-0.1683705358895273,0,1,0,0,1,0,1,0,1,1,0,1,0,1,0,1,0,1,0,1,0,0,1,0,0,0,0,0,1,2
4332,0,0.880734693482843,-0.1582593249347472,0.4386309826856128,0,0,1,1,1,0,1,0,0,0,1,0,0,0,0,0,1,0,0,0,0,0,1,0,0,0,0,0,1,0
4333,0,-0.055833672077855,0.8570986421667539,0.286775822098657,0,1,1,0,1,0,1,1,0,0,1,0,1,0,0,0,1,0,0,0,0,0,0,1,1,0,0,1,0,1
4334,0,-0.8702409464784621,0.3868100911197414,-0.6357597198692515,0,0,0,0,1,0,0,1,0,0,1,0,0,0,0,0,0,0,0,0,0,0,0,0,0,1,0,0,0,1
4335,1,-0.5851984004382496,0.6709773781481484,-0.3688661132536822,0,0,0,0,1,0,0,1,0,0,0,0,0,0,1,0,0,0,0,0,1,0,0,1,0,1,0,1,0,1
4336,1,1.6137012404433893,1.506861269231708,2.411931881916604,0,0,0,0,1,0,1,1,0,0,1,0,1,0,0,0,1,0,1,0,1,0,1,1,0,0,0,0,1,0
4337,1,1.5729808767233588,1.1595456961969886,2.0609488110131964,0,0,0,0,1,0,1,1,0,0,0,0,1,0,0,0,0,0,1,0,1,0,0,1,1,0,0,0,1,0
4338,1,-1.1145631287986442,-0.6435040489832552,-0.911035801938488,0,1,0,0,0,1,0,0,0,0,0,0,0,0,1,0,1,0,1,0,0,0,0,0,1,0,0,0,0,1
4339,0,0.2292088739623573,0.1408641350951549,0.1719359083834198,0,1,1,0,1,0,1,0,0,0,0,0,0,0,1,0,1,0,0,0,1,1,0,0,1,0,0,1,0,1
4340,0,-1.1145631287986442,-0.5354872439724572,-0.9020136112528304,0,1,0,1,1,0,0,0,0,0,0,0,0,0,0,0,1,0,0,0,0,0,0,1,0,0,0,0,0,1
4341,1,-1.2367242199587352,-0.6850489739874083,-0.9649042363012632,1,1,0,0,1,0,0,0,0,0,0,0,0,0,0,0,0,0,0,0,0,0,0,1,0,1,0,0,0,1
4342,1,0.7992939660427822,-0.1632447159352455,0.3633210584781946,0,0,0,0,1,0,1,0,0,0,1,0,0,0,1,0,0,0,0,0,0,0,1,0,0,0,0,0,1,0
4343,1,-0.9924020376385532,0.3652067301175816,-0.7383126893010874,1,0,0,0,1,0,1,1,0,0,0,0,0,0,0,0,0,0,0,0,0,0,0,1,0,1,0,0,0,1
4344,0,1.4508197855632678,0.5280628361338618,1.3458133590857524,0,0,0,0,1,0,1,0,0,0,0,0,1,0,1,0,0,0,1,0,1,0,1,1,0,1,0,0,1,0
4345,0,1.4915401492832985,-1.4694171580658184,-0.386756080603482,0,1,1,1,1,0,0,0,1,1,0,1,0,1,0,1,0,1,0,1,0,1,0,1,1,0,0,0,1,2
4346,0,0.3920903288424788,0.0544506910865167,0.1976789316845497,0,0,1,0,1,0,1,0,0,0,1,0,1,0,0,0,1,0,0,0,0,0,0,1,1,0,0,1,0,1
4347,0,0.7178532386027215,1.177825463198816,1.2170982425801034,0,0,0,0,1,0,0,1,0,0,0,0,1,0,0,0,1,0,1,0,1,0,1,1,0,0,1,0,1,0
4348,0,-1.2774445836787656,-1.517609271070636,-0.9973532399653268,1,0,0,0,1,0,0,0,1,1,0,1,0,1,0,1,0,1,0,1,0,0,0,1,0,0,1,0,0,2
4349,1,-1.2774445836787656,0.5164302571326987,-0.9703528453461469,1,1,1,0,1,0,1,1,0,0,1,0,0,0,0,0,0,0,0,0,0,0,0,1,0,1,0,0,0,1
4350,0,0.0256070553622056,-0.6717545979860794,-0.360505696945946,0,1,1,0,1,0,0,0,0,0,0,0,0,0,0,0,0,0,0,0,0,0,0,1,1,0,0,1,0,1
4351,0,-1.0331224013585834,-1.4760643460664828,-0.9393376861675792,0,0,0,0,1,0,0,0,1,1,0,1,0,1,0,1,0,1,0,1,0,0,0,0,0,0,1,0,0,2
4352,0,1.2879383306831464,0.898643567170907,1.623890952688188,0,1,1,1,1,0,1,1,0,0,1,0,1,0,1,0,0,0,0,0,0,0,0,1,0,1,0,0,1,0
4353,0,-1.2774445836787656,0.3369561811147576,-0.9727352331066628,1,0,0,0,1,0,0,1,0,0,0,0,0,0,1,0,0,0,0,0,0,0,0,1,0,1,0,0,0,1
4354,0,1.0843365120829946,-1.481049737066981,-0.4797574398473236,0,1,0,0,1,0,0,0,1,1,0,1,0,1,0,1,0,1,0,1,0,0,1,1,0,0,0,0,1,2
4355,0,-1.0738427650786138,-0.4789861459668089,-0.8670057466608058,0,0,1,0,1,0,1,0,0,0,0,0,0,0,0,0,0,0,0,0,0,0,0,0,0,1,0,0,0,1
4356,0,-1.1960038562387048,-1.5275800530716328,-0.9810735902684682,0,0,0,0,1,0,0,0,1,1,0,1,0,1,0,1,0,1,0,1,0,0,0,0,0,0,1,0,0,2
4357,0,-0.7073594915983407,-1.4727407520661506,-0.8598365242333275,0,0,1,0,1,0,0,0,1,1,0,1,0,1,0,1,0,1,0,1,0,0,0,0,1,0,0,1,0,2
4358,0,-0.7888002190384014,-0.0003886099189655,-0.6187080000648186,0,1,1,1,1,0,0,0,0,0,0,0,0,0,0,0,0,0,1,0,1,1,0,1,0,1,0,1,0,1
4359,0,-0.3815965818380978,1.127971553193832,-0.0135153314559959,0,0,0,0,1,0,1,1,0,0,0,0,1,0,0,0,0,0,1,0,1,0,0,1,1,0,0,1,0,1
4360,1,-0.055833672077855,0.8205391081630994,0.2329073877358815,0,1,1,0,1,0,1,1,0,0,1,0,0,0,0,0,0,0,1,0,0,0,0,0,0,1,0,1,0,1
4361,0,-0.1372743995179157,-0.1998042499389002,-0.2574453671577039,0,1,0,0,1,0,0,0,0,0,1,0,1,0,0,0,1,0,0,0,0,1,0,1,0,1,0,1,0,1
4362,0,0.6771328748826912,-1.46443176706532,-0.5504570025552251,0,0,1,0,1,0,0,0,1,1,0,1,0,1,0,1,0,1,0,1,0,1,0,0,1,0,0,0,1,2
4363,0,0.9621754209229036,0.6925807391503077,1.1572517796701078,0,0,1,0,1,0,1,1,0,0,0,0,0,0,0,0,0,0,1,0,0,0,0,1,0,0,0,0,1,0
4364,0,1.247217966963116,0.5164302571326987,1.198083258787838,0,0,0,0,1,0,1,0,0,0,1,0,1,0,1,0,1,0,0,0,1,0,1,1,1,0,0,0,1,0
4365,0,1.247217966963116,0.4998122871310375,1.2151570377382015,0,1,1,0,1,0,1,0,0,0,0,0,0,0,1,0,1,0,1,0,1,0,1,0,1,0,0,0,1,0
4366,1,-0.3408762181180675,0.5014740841312035,-0.1861722666556042,0,1,1,1,1,0,1,1,0,0,1,0,0,0,0,0,0,0,0,0,0,0,0,1,0,1,0,1,0,1
4367,1,0.1477681465222966,-0.3543513709543497,-0.1265684543508461,0,1,1,0,1,0,0,0,0,0,0,0,0,0,1,0,1,0,0,0,0,1,0,0,1,0,0,1,0,1
4368,1,-0.9516816739185228,0.534710024134526,-0.6741646929346046,1,0,0,0,1,0,0,1,0,0,0,0,0,0,0,0,0,0,1,0,0,0,0,1,0,1,0,0,0,1
4369,0,-1.1960038562387048,-1.329826210051864,-0.9762426373096444,1,1,0,0,0,1,0,0,0,0,0,0,0,0,0,0,0,0,0,0,0,0,0,0,0,1,0,0,0,1
4370,0,-0.4630373092781585,0.5363718211346925,-0.2491731874336905,0,0,1,0,1,0,0,0,0,0,1,0,0,0,1,0,1,0,1,0,1,1,0,0,0,0,1,1,0,1
4371,0,-0.7888002190384014,-1.3381351950526947,-0.8541893828750676,0,1,1,1,1,0,1,0,1,1,0,1,0,1,0,1,0,1,0,1,0,1,0,0,0,0,0,1,0,2
4372,0,-1.2774445836787656,-1.4827115340671475,-0.996889997900782,0,1,1,1,1,0,0,0,1,1,0,1,0,1,0,1,0,1,0,1,0,0,0,1,0,0,0,0,0,2
4373,0,-0.3001558543980371,-1.4860351280674795,-0.7763205977396879,0,0,1,1,1,0,0,0,1,1,0,1,0,1,0,1,0,1,0,1,0,1,0,0,0,0,1,1,0,2
4374,0,1.5729808767233588,-1.5009913010689746,-0.3936605932797918,0,1,1,1,1,0,0,0,1,1,0,1,0,1,0,1,0,1,0,1,0,0,1,1,0,0,0,0,1,2
4375,0,1.369379058123207,1.6464522172456624,2.2517824824597032,0,1,0,0,1,0,1,1,0,0,1,0,1,0,1,0,1,0,1,0,1,1,0,1,0,0,0,0,1,0
4376,0,0.5142514200025698,1.181149057199148,0.972462314208613,0,0,0,0,1,0,0,1,0,0,1,0,1,0,0,0,0,0,1,0,1,1,0,1,0,1,0,1,0,0
4377,0,-0.4223169455581282,0.5064594751317021,-0.2529232422419099,0,0,1,0,1,0,0,1,0,0,0,0,0,0,0,0,0,0,1,0,0,0,0,1,1,0,0,1,0,1
4378,0,1.4100994218432374,-1.4594463760648215,-0.4201536275425654,0,0,1,0,1,0,0,0,1,1,0,1,0,1,0,1,0,1,0,1,0,1,0,1,0,0,0,0,1,2
4379,0,1.4508197855632678,0.8371570781647607,1.629979276965062,0,0,1,0,1,0,1,1,0,0,0,0,0,0,1,0,0,0,1,0,0,0,1,1,0,0,0,0,1,0
4380,0,-1.318164947398796,-1.4876969250676455,-1.005779833710855,0,0,1,1,1,0,0,0,1,1,0,1,0,1,0,1,0,1,0,1,0,0,1,0,0,0,1,0,0,2
4381,1,0.6771328748826912,0.8670694241677506,0.9865360493124014,1,0,0,0,1,0,1,1,0,0,0,0,0,0,1,0,0,0,0,0,1,0,0,1,1,0,0,0,1,0
4382,1,-1.1552834925186746,-0.532163649972125,-0.9264330857981182,0,0,0,0,1,0,1,0,0,0,0,0,0,0,0,0,0,0,0,0,0,0,0,0,0,0,1,0,0,1
4383,0,1.247217966963116,0.5064594751317021,1.217870312687678,0,1,1,0,1,0,1,0,0,0,1,0,1,0,1,0,1,0,0,0,1,1,0,0,1,0,0,0,1,0
4384,0,-1.2367242199587352,0.4964886931307054,-0.9329846521395369,1,0,1,0,1,0,0,1,0,0,0,0,1,0,1,0,0,0,0,0,0,0,0,0,0,0,0,0,0,1
4385,0,-0.4630373092781585,-1.4760643460664828,-0.8192918140126962,0,1,0,0,1,0,0,0,1,1,0,1,0,1,0,1,0,1,0,1,0,1,0,1,0,0,1,1,0,2
4386,0,0.9214550572028734,-0.2396873779428873,0.3382398095549859,1,1,1,1,1,0,0,0,0,0,1,0,1,0,0,0,1,0,0,0,0,0,1,0,0,0,0,0,1,0
4387,0,-1.2774445836787656,-1.479387940066815,-0.9968458796089206,0,1,0,1,1,0,0,0,1,1,0,1,0,1,0,1,0,1,0,1,0,0,0,1,0,0,1,0,0,2
4388,0,-0.62591876415828,-1.5076384890696393,-0.8478142897010945,0,0,0,0,1,0,0,0,1,1,0,1,0,1,0,1,0,1,0,1,0,0,1,0,0,0,1,1,0,2
4389,0,-0.0965540357978854,1.1844726511994803,0.2896435110696483,0,1,0,0,1,0,1,1,0,0,1,0,0,0,0,0,0,0,1,0,1,0,0,1,0,0,0,1,0,1
4390,0,-0.4223169455581282,-0.2263930019415581,-0.4446833978175066,0,1,1,1,1,0,0,0,0,0,1,0,1,0,0,0,1,0,0,0,0,0,0,1,0,0,1,1,0,1
4391,0,-0.9516816739185228,-0.1748772949364084,-0.771930827699478,0,0,0,0,1,0,0,0,0,0,0,0,0,0,0,0,1,0,1,0,0,0,0,1,0,0,0,0,0,1
4392,0,-1.2774445836787656,-1.5142856770703037,-0.9973091216734652,0,1,1,1,1,0,0,0,1,1,0,1,0,1,0,1,0,1,0,1,0,0,0,0,0,0,1,0,0,2
4393,0,-0.4630373092781585,0.722493085153298,-0.2078122888136233,1,0,1,0,1,0,1,1,0,0,0,0,0,0,0,0,0,0,0,0,1,0,0,1,0,1,0,1,0,1
4394,0,-0.5444780367182193,-0.1732154979362424,-0.5008018650652138,0,1,0,0,1,0,1,0,0,0,0,0,0,0,1,0,1,0,0,0,0,0,0,0,0,1,0,1,0,1
4395,0,1.4915401492832985,1.302460238211275,2.2796652429161117,1,0,1,1,1,0,1,1,0,0,0,0,1,0,1,0,0,0,1,0,1,0,0,1,0,1,0,0,1,0
4396,1,-1.2774445836787656,-1.3181936310507012,-0.9947061424536424,1,1,0,0,0,1,0,0,0,0,0,0,0,0,0,0,0,0,0,0,0,0,0,1,0,1,0,0,0,1
4397,0,1.6137012404433893,1.302460238211275,2.328195363963657,0,0,1,0,1,0,1,1,0,0,1,0,1,0,1,0,1,0,1,0,0,0,1,1,0,0,0,0,1,0
4398,0,1.5322605130033284,0.1392023380949889,1.137795612959228,0,1,1,1,1,0,1,0,0,0,1,0,0,0,1,0,0,0,1,0,0,0,1,0,1,0,0,0,1,0
4399,0,1.369379058123207,1.274209689208451,1.9038215145488024,0,0,0,0,1,0,1,1,0,0,1,0,1,0,1,0,1,0,0,0,1,0,0,1,0,0,0,0,1,0
4400,0,-1.0331224013585834,-1.33148800705203,-0.9400215196914308,0,0,1,1,0,1,0,0,0,0,0,0,0,0,0,0,0,0,0,0,0,0,0,1,0,1,0,0,0,1
4401,1,0.5549717837226001,1.5101848632320405,1.1878257559300616,0,0,1,1,1,0,1,1,0,0,1,0,1,0,0,0,1,0,1,0,1,0,0,1,0,1,0,1,0,0
4402,0,0.2699292376823877,-0.5255164619714603,-0.1759809412356197,1,1,0,0,0,1,0,0,0,0,1,0,1,0,0,0,1,0,1,0,0,0,0,1,1,0,0,1,0,1
4403,0,-0.0151133083578247,-0.076831271926607,-0.1033181145398857,0,0,1,1,1,0,1,0,0,0,0,0,1,0,1,0,0,0,0,0,0,0,0,0,0,0,0,1,0,1
4404,0,-0.3408762181180675,0.8238627021634315,-0.0408466132641362,0,1,0,0,1,0,0,1,0,0,0,0,1,0,1,0,0,0,0,0,1,0,0,1,0,1,0,1,0,1
4405,0,-1.0738427650786138,0.6244470621434968,-0.7950929309267156,1,1,1,1,1,0,0,1,0,0,0,0,1,0,0,0,0,0,0,0,1,0,0,1,1,0,0,0,0,1
4406,0,0.188488510242327,0.4698999411280475,0.30759965585724,0,0,0,0,1,0,1,0,0,0,1,0,1,0,1,0,1,0,1,0,0,0,0,1,1,0,0,1,0,1
4407,0,-0.9924020376385532,-1.4760643460664828,-0.9269404461545244,0,1,0,1,1,0,0,0,1,1,0,1,0,1,0,1,0,1,0,1,0,0,0,0,0,0,1,0,0,2
4408,0,1.6137012404433893,0.2222921881032951,1.2115393378055666,0,0,1,1,1,0,1,0,0,0,1,0,0,0,1,0,0,0,1,0,0,0,1,1,0,0,0,0,1,0
4409,1,1.5729808767233588,-0.6119299059800988,0.4736829655694992,0,1,1,0,0,1,0,0,0,0,1,0,1,0,1,0,1,0,0,0,0,0,1,0,1,0,0,0,1,0
4410,0,-0.6666391278783103,0.9933659961803764,-0.3611454121779363,0,0,1,0,1,0,0,1,0,0,0,0,1,0,0,0,0,0,1,0,1,0,0,1,0,0,0,1,0,1
4411,0,1.002895784642934,-0.4939423189683041,0.2217675190408768,0,0,1,0,0,1,0,0,0,0,1,0,0,0,1,0,1,0,0,0,1,0,0,1,0,0,0,0,1,0
4412,0,1.369379058123207,-1.3065610520495383,-0.2561438775477925,0,1,0,0,1,0,1,0,1,1,0,1,0,1,0,1,0,1,0,1,0,1,0,0,0,0,0,0,1,2
4413,1,-0.62591876415828,0.8105683261621028,-0.345373122837484,1,0,0,0,1,0,0,1,0,0,0,0,1,0,1,0,0,0,1,0,0,0,0,1,0,1,0,1,0,1
4414,0,-0.4630373092781585,-1.462769970065154,-0.8062769179135817,0,0,0,1,1,0,0,0,1,1,0,1,0,1,0,1,0,1,0,1,0,0,0,0,0,0,1,1,0,2
4415,0,1.369379058123207,0.0444799090855196,0.9479766622255332,0,1,1,0,1,0,1,0,0,0,1,0,1,0,1,0,0,0,0,0,0,0,1,1,1,0,0,0,1,0
4416,0,-0.62591876415828,0.3535741511164189,-0.4222933646978437,0,0,1,0,1,0,1,0,0,0,0,0,1,0,0,0,0,0,1,0,1,0,0,1,0,0,0,1,0,1
4417,0,-1.2774445836787656,0.1890562480999726,-0.9746984970944952,1,1,0,1,1,0,0,1,0,0,0,0,0,0,0,0,0,0,0,0,0,0,0,1,0,0,1,0,0,1
4418,0,1.0436161483629645,-0.1482885429337505,0.5665078516458952,1,1,1,0,1,0,0,0,0,0,1,0,1,0,1,0,0,0,0,0,0,1,0,0,1,0,0,0,1,0
4419,0,-0.9924020376385532,-1.4527991880641573,-0.9441245208345416,0,0,1,1,1,0,0,0,1,1,0,1,0,1,0,1,0,1,0,1,0,0,0,0,1,0,0,0,0,2
4420,0,-0.2187151269579764,0.1524967140963176,-0.1554879946659971,0,1,0,0,1,0,0,0,0,0,1,0,0,0,1,0,1,0,1,0,0,1,0,0,1,0,0,1,0,1
4421,0,0.0663274190822359,0.8005975441611056,0.3178792178609474,0,1,1,0,1,0,1,1,0,0,0,0,1,0,0,0,0,0,0,0,1,0,0,0,0,0,1,1,0,1
4422,0,-0.0965540357978854,1.071470455188184,0.3271661182977733,0,1,0,0,1,0,0,1,0,0,0,0,1,0,0,0,0,0,1,0,1,1,0,1,0,0,0,1,0,1
4423,0,0.0256070553622056,0.0544506910865167,-0.0151477082548678,0,1,0,0,1,0,0,0,0,0,0,0,1,0,1,0,0,0,1,0,0,0,0,1,1,0,0,1,0,1
4424,0,-1.2774445836787656,-1.329826210051864,-0.9948605564751573,1,1,0,1,0,1,0,0,0,0,0,0,0,0,0,0,0,0,0,0,0,0,0,0,0,1,0,0,0,1
4425,0,-0.748079855318371,0.1475113230958195,-0.589016389642093,0,1,1,1,1,0,1,0,0,0,1,0,1,0,0,0,0,0,0,0,1,0,0,0,0,0,1,1,0,1
4426,0,-0.6666391278783103,0.4898415051300408,-0.4480363879989734,0,0,0,1,1,0,1,1,0,0,0,0,0,0,0,0,1,0,0,0,0,1,0,1,1,0,0,1,0,1
4427,0,0.6771328748826912,1.1927816362003112,1.1638474643033878,0,0,0,0,1,0,0,1,0,0,0,0,0,0,1,0,1,0,1,0,1,0,1,0,1,0,0,0,1,0
4428,0,-0.5444780367182193,1.2808568772091151,-0.1178109734163572,1,1,1,1,1,0,1,1,0,0,0,0,0,0,1,0,1,0,1,0,1,0,0,0,0,1,0,1,0,1
4429,0,1.5322605130033284,0.4964886931307054,1.5280660227652163,0,0,1,1,1,0,1,0,0,0,1,0,1,0,1,0,1,0,1,0,0,0,1,0,0,0,0,0,1,0
4430,0,-0.0151133083578247,-0.1117290089300958,-0.1831281045171672,0,0,1,1,1,0,0,0,0,0,1,0,1,0,0,0,1,0,0,0,0,0,0,0,0,0,0,1,0,1
4431,0,-0.5851984004382496,0.1674528870978128,-0.4668087211860012,0,0,0,0,1,0,0,1,0,0,0,0,0,0,0,0,0,0,0,0,0,0,0,1,0,1,0,1,0,1
4432,0,0.188488510242327,-0.8046983579993692,-0.392160571356504,0,1,0,0,0,1,0,0,0,0,1,0,1,0,0,0,1,0,0,0,0,0,1,1,0,0,1,1,0,1
4433,0,-1.1552834925186746,0.3618831361172495,-0.8723881782678972,0,0,0,0,1,0,1,1,0,0,0,0,0,0,0,0,0,0,0,0,0,0,0,1,0,1,0,0,0,1
4434,0,-0.6666391278783103,0.8620840331672525,-0.3991974389083981,0,0,1,0,1,0,1,1,0,0,1,0,1,0,1,0,0,0,0,0,0,0,0,0,0,1,0,1,0,1
4435,0,-0.62591876415828,0.5230774451333633,-0.4159623898157319,0,1,1,0,1,0,1,1,0,0,0,0,1,0,0,0,0,0,0,0,0,0,0,1,0,0,0,1,0,1
4436,0,-0.5444780367182193,-0.1383177609327537,-0.4332126419335413,0,0,0,1,1,0,0,0,0,0,1,0,1,0,1,0,0,0,0,0,0,0,0,1,0,1,0,1,0,1
4437,0,1.125056875803025,1.2093996062019725,1.6710534066880298,0,1,1,0,1,0,1,1,0,0,0,0,0,0,1,0,0,0,1,0,1,0,1,0,1,0,0,0,1,0
4438,0,0.758573602322752,-1.3231790220511994,-0.4665440114348328,0,1,1,1,1,0,1,0,1,1,0,1,0,1,0,1,0,1,0,1,0,0,1,1,0,0,1,0,1,2
4439,0,-0.1779947632379461,-1.477726143066649,-0.7905046285731294,0,1,1,1,1,0,0,0,1,1,0,1,0,1,0,1,0,1,0,1,0,0,1,1,1,0,0,1,0,2
4440,0,0.4328106925625091,-0.1582593249347472,0.1185968935229813,0,1,0,0,1,0,0,0,0,0,0,0,1,0,0,0,0,0,0,0,1,0,1,1,0,1,0,1,0,1
4441,0,0.3920903288424788,-1.479387940066815,-0.6371715052088165,0,1,1,0,1,0,0,0,1,1,0,1,0,1,0,1,0,1,0,1,0,0,1,0,0,1,0,1,0,2
4442,0,-1.1960038562387048,0.4566055651267183,-0.8989915082603244,1,1,0,0,1,0,0,1,0,0,0,0,0,0,0,0,0,0,1,0,0,0,0,1,0,1,0,0,0,1
4443,0,-1.2774445836787656,-0.6651074099854147,-0.9860368981028764,0,0,0,0,1,0,0,0,0,0,0,0,0,0,0,0,0,0,0,0,0,0,0,0,0,0,1,0,0,1
4444,0,-1.1960038562387048,-1.4926823160681442,-0.9776544226492092,1,0,0,0,1,0,0,0,1,1,0,1,0,1,0,1,0,1,0,1,0,0,0,0,0,0,1,0,0,2
4445,0,1.247217966963116,1.1047063951915064,1.7376940865446822,0,0,0,0,1,0,1,1,0,0,1,0,1,0,1,0,0,0,1,0,0,0,1,0,1,0,0,0,1,0
4446,1,-1.1960038562387048,0.50313588113137,-0.8906752102444494,1,1,0,0,1,0,0,1,0,0,0,0,0,0,0,0,0,0,1,0,0,0,0,1,0,1,0,0,0,1
4447,0,1.4508197855632678,1.4270950132237343,2.224076195170741,0,1,1,0,1,0,1,1,0,0,1,0,1,0,0,0,1,0,1,0,1,0,0,1,0,1,0,0,1,0
4448,1,-0.0965540357978854,1.1612074931971548,0.3033642998385452,1,0,0,0,1,0,1,1,0,0,0,0,1,0,0,0,0,0,1,0,1,0,0,1,0,1,0,1,0,1
4449,0,1.125056875803025,1.327387193213767,1.788584536206813,0,0,0,0,1,0,1,1,0,0,0,0,1,0,1,0,0,0,1,0,1,0,1,0,0,1,0,0,1,0
4450,0,-0.7073594915983407,-0.2047896409393986,-0.5912002450892325,1,1,0,0,1,0,1,0,0,0,0,0,1,0,0,0,1,0,0,0,0,0,0,1,1,0,0,1,0,1
4451,1,0.5142514200025698,0.9684390411778844,0.847298720197807,0,1,0,0,1,0,1,1,0,0,0,0,0,0,0,0,0,0,1,0,1,0,0,1,0,0,0,1,0,0
4452,0,1.5322605130033284,0.720831288153132,1.619346768626463,0,0,1,0,1,0,0,0,0,0,1,0,1,0,1,0,1,0,1,0,1,0,1,0,1,0,0,0,1,0
4453,0,-0.9109613101984924,1.1213243651931677,-0.5479422599191249,1,1,1,0,1,0,1,1,0,0,0,0,0,0,1,0,0,0,1,0,1,0,0,1,0,1,0,0,0,1
4454,0,-1.1552834925186746,-1.5076384890696393,-0.9645733491123027,0,1,0,0,1,0,0,0,1,1,0,1,0,1,0,1,0,1,0,1,0,0,0,0,0,0,1,0,0,2
4455,0,-1.2774445836787656,-0.4756625519664766,-0.9835221554667763,1,0,0,0,1,0,0,0,0,0,0,0,0,0,1,0,0,0,0,0,0,0,0,1,0,0,1,0,0,1
4456,0,1.4508197855632678,-1.3231790220511994,-0.2933135384410262,0,0,1,0,1,0,1,0,1,1,0,1,0,1,0,1,0,1,0,1,0,0,1,1,1,0,0,0,1,2
4457,0,-0.4223169455581282,0.3402797751150897,-0.3113799789582715,0,1,1,1,1,0,0,1,0,0,1,0,0,0,0,0,0,0,0,0,0,0,0,0,0,0,0,1,0,1
4458,0,0.2292088739623573,0.9933659961803764,0.5931994182220452,1,1,1,1,1,0,1,1,0,0,0,0,1,0,1,0,0,0,1,0,0,0,0,1,0,1,0,1,0,0
4459,0,-1.2774445836787656,1.179487260198982,-0.9615512461197966,1,0,0,0,1,0,1,1,0,0,0,0,1,0,0,0,0,0,1,0,1,0,0,1,1,0,0,0,0,1
4460,0,-0.5851984004382496,0.4466347831257217,-0.3577924219964696,0,1,1,0,1,0,0,1,0,0,0,0,0,0,1,0,1,0,0,0,0,0,0,0,0,1,0,1,0,1
4461,0,-0.1372743995179157,0.9784098231788813,0.1446487448671408,0,1,0,0,1,0,0,1,0,0,0,0,0,0,0,0,1,0,1,0,1,0,0,1,0,1,0,1,0,1
4462,0,-0.6666391278783103,0.787303168159777,-0.378373605149815,1,0,0,0,1,0,1,1,0,0,0,0,0,0,1,0,0,0,0,0,1,0,0,1,0,1,0,1,0,1
4463,0,-1.2774445836787656,0.1691146840979788,-0.9749632068456636,1,1,0,0,1,0,0,1,0,0,0,0,0,0,0,0,0,0,0,0,0,0,0,1,0,1,0,0,0,1
4464,0,-0.8295205827584317,0.5629605731373504,-0.626980179788832,1,1,0,0,1,0,0,1,0,0,1,0,0,0,1,0,0,0,0,0,0,0,0,0,0,0,0,0,0,1
4465,0,-0.055833672077855,-0.4889569279678058,-0.3336817754942117,0,1,0,0,0,1,0,0,0,0,0,0,0,0,1,0,0,0,1,0,1,1,0,1,0,1,0,1,0,1
4466,0,-1.1552834925186746,0.50313588113137,-0.8627042132043188,1,1,0,0,1,0,0,1,0,0,0,0,0,0,0,0,0,0,0,0,1,0,0,1,0,1,0,0,0,1
4467,0,0.6364125111626608,0.1591439020969822,0.509948201479574,0,0,1,0,1,0,1,0,0,0,0,0,0,0,1,0,1,0,0,0,1,1,0,1,0,0,1,1,0,0
4468,0,-0.7073594915983407,-1.3082228490497043,-0.8294831394326808,1,0,0,0,1,0,1,0,1,1,0,1,0,1,0,1,0,1,0,1,0,0,0,1,1,0,0,1,0,2
4469,0,0.7178532386027215,0.8421424691652587,1.0013597953778333,0,1,0,0,1,0,0,1,0,0,1,0,1,0,1,0,1,0,0,0,0,1,0,1,1,0,0,0,1,0
4470,0,-1.0331224013585834,-0.6684310039857471,-0.863498342457824,0,1,0,0,1,0,0,0,0,0,0,0,0,0,0,0,0,0,0,0,0,0,0,1,0,0,0,0,0,1
4471,1,0.3513699651224484,0.6310942501441613,0.4384545095181673,1,1,1,0,1,0,1,1,0,0,1,0,0,0,1,0,0,0,0,0,0,0,0,1,0,0,0,1,0,1
4472,0,1.4508197855632678,0.5180920541328647,1.365644531277454,0,1,1,1,1,0,0,1,0,0,1,0,0,0,1,0,0,0,0,0,0,0,1,0,1,0,0,0,1,0
4473,1,-0.2594354906780068,1.1080299891918384,0.1018981200534394,0,0,1,0,1,0,1,1,0,0,0,0,0,0,1,0,0,0,1,0,1,0,0,1,0,0,0,1,0,1
4474,0,1.002895784642934,-0.3792783259568415,0.3574974439524892,0,1,0,0,0,1,0,0,0,0,0,0,0,0,1,0,1,0,1,0,1,0,1,0,1,0,0,0,1,0
4475,0,-1.1960038562387048,-1.502653098069141,-0.9788456165294672,0,0,0,0,1,0,0,0,1,1,0,1,0,1,0,1,0,1,0,1,0,0,0,0,0,1,0,0,0,2
4476,0,-1.2774445836787656,-1.4577845790646555,-0.9965591107118212,1,0,0,0,1,0,0,0,1,1,0,1,0,1,0,1,0,1,0,1,0,0,0,0,0,0,1,0,0,2
4477,0,-0.5444780367182193,-0.5255164619714603,-0.5841854366832692,0,1,1,1,1,0,0,0,0,0,1,0,0,0,0,0,0,0,0,0,0,1,0,1,0,0,0,1,0,1
4478,0,-1.1960038562387048,-0.3510277769540174,-0.9438377519374423,0,0,0,0,1,0,0,0,0,0,0,0,0,0,0,0,0,0,1,0,0,0,0,1,0,1,0,0,0,1
4479,0,1.0843365120829946,-1.3397969920528607,-0.3470496179282175,0,0,0,0,1,0,1,0,1,1,0,1,0,1,0,1,0,1,0,1,0,0,1,0,0,1,0,0,1,2
4480,0,-1.2774445836787656,0.1541585110964841,-0.97516173915904,1,0,1,0,1,0,0,1,0,0,0,0,0,0,0,0,0,0,0,0,0,0,0,1,0,0,1,0,0,1
4481,0,0.3920903288424788,-0.8179927340006982,-0.2883943488984796,0,1,1,0,0,1,0,0,0,0,1,0,0,0,0,0,0,0,1,0,0,0,0,1,0,0,0,1,0,1
4482,0,-1.0331224013585834,0.3369561811147576,-0.767033697302862,1,0,0,0,1,0,1,1,0,0,0,0,0,0,0,0,0,0,0,0,0,0,0,1,0,1,0,0,0,1
4483,0,1.4100994218432374,-1.30157566104904,-0.2183124422766377,0,1,1,0,1,0,1,0,1,1,0,1,0,1,0,1,0,1,0,1,0,0,1,0,1,0,0,0,1,2
4484,0,-1.2774445836787656,0.1857326540996401,-0.9747426153863566,0,1,0,0,1,0,0,1,0,0,0,0,0,0,0,0,0,0,0,0,0,0,0,1,0,1,0,0,0,1
4485,0,1.369379058123207,0.895319973170575,1.6748034614962493,0,1,1,0,1,0,1,0,0,0,1,0,1,0,1,0,1,0,1,0,1,0,1,0,0,0,0,0,1,0
4486,0,1.1657772395230557,0.8122301231622688,1.4209909284175868,0,0,0,0,1,0,1,1,0,0,0,0,0,0,1,0,0,0,0,0,1,0,0,0,0,0,1,0,1,0
4487,0,-1.1552834925186746,-1.3514295710540236,-0.973529362360168,0,1,1,1,1,0,1,0,1,1,0,1,0,1,0,1,0,1,0,1,0,1,0,0,1,0,0,0,0,2
4488,1,0.3920903288424788,0.3120292261122658,0.418976283661357,1,0,1,0,1,0,0,1,0,0,1,0,0,0,0,0,0,0,0,0,0,0,0,1,1,0,0,1,0,1
4489,0,1.2879383306831464,-0.3626603559551803,0.4941759121391217,0,0,1,1,1,0,1,0,0,0,0,0,1,0,0,0,0,0,0,0,0,1,0,1,0,0,0,0,1,0
4490,1,0.880734693482843,1.6896589392499817,1.8314895750420288,0,0,1,0,1,0,1,1,0,0,1,0,1,0,1,0,1,0,1,0,1,1,0,1,0,0,0,0,1,0
4491,0,-1.2774445836787656,-1.4960059100684764,-0.9970664710682277,0,1,0,0,1,0,0,0,1,1,0,1,0,1,0,1,0,1,0,1,0,0,0,1,1,0,0,0,0,2
4492,0,0.880734693482843,-1.3530913680541898,-0.4627277791888212,0,1,1,1,1,0,1,0,1,1,0,1,0,1,0,1,0,1,0,1,0,0,1,1,0,0,0,0,1,2
4493,0,-0.5851984004382496,-1.3115464430500368,-0.8051960197629773,0,0,0,1,1,0,1,0,1,1,0,1,0,1,0,1,0,1,0,1,0,0,1,0,1,0,0,1,0,2
4494,0,-1.1960038562387048,0.6493740171459885,-0.9020797886906228,0,1,0,0,1,0,0,1,0,0,0,0,1,0,0,0,0,0,0,0,1,0,0,0,0,1,0,0,0,1
4495,0,-1.2774445836787656,0.1774236690988095,-0.97485291111601,1,0,0,0,1,0,0,1,0,0,0,0,0,0,0,0,0,0,0,0,0,0,0,1,0,1,0,0,0,1
4496,0,1.6137012404433893,0.830509890164096,1.904218579175555,0,0,1,1,1,0,1,0,0,0,1,0,1,0,1,0,1,0,1,0,1,0,1,0,1,0,0,0,1,0
4497,1,1.125056875803025,1.1030445981913404,1.5826403497977743,0,1,1,0,1,0,0,1,0,0,0,0,1,0,1,0,0,0,1,0,1,1,0,1,0,1,0,0,1,0
4498,0,-0.8702409464784621,-1.4876969250676455,-0.9191535676409864,0,0,1,1,1,0,0,0,1,1,0,1,0,1,0,1,0,1,0,1,0,1,0,1,0,0,1,0,0,2
4499,0,-0.8295205827584317,0.4499583771260538,-0.6046342649610303,1,0,0,1,1,0,1,1,0,0,1,0,0,0,0,0,0,0,0,0,0,0,0,1,0,1,0,0,0,1
4500,0,1.1657772395230557,1.300798441211109,1.8394749858689432,0,1,1,1,1,0,0,1,0,0,0,0,1,0,1,0,1,0,1,0,1,1,0,0,1,0,0,0,1,0
4501,0,0.2699292376823877,-1.46443176706532,-0.6693999174135729,0,0,0,0,1,0,0,0,1,1,0,1,0,1,0,1,0,1,0,1,0,0,1,0,1,0,0,1,0,2
4502,0,0.9214550572028734,1.0648232671875193,1.325408649099853,1,1,0,0,1,0,1,1,0,0,0,0,0,0,0,0,0,0,1,0,1,0,0,1,0,1,0,0,1,0
4503,0,-0.62591876415828,0.9850570111795456,-0.2921664628526297,1,0,0,0,1,0,1,1,0,0,1,0,1,0,0,0,0,0,1,0,0,0,0,1,0,1,0,1,0,1
4504,0,0.188488510242327,-1.4827115340671475,-0.6591203554098655,0,1,0,0,1,0,0,0,1,1,0,1,0,1,0,1,0,1,0,1,0,1,0,0,1,0,0,1,0,2
4505,0,1.6137012404433893,-1.288281285047711,-0.2222389702523028,0,0,1,0,1,0,1,0,1,1,0,1,0,1,0,1,0,1,0,1,0,0,1,1,0,0,1,0,1,2
4506,1,1.6137012404433893,0.4183842341228973,1.3749534908602106,0,1,1,0,1,0,1,0,0,0,0,0,1,0,1,0,1,0,1,0,0,0,1,0,1,0,0,0,1,0
4507,0,-0.9924020376385532,0.0428181120853536,-0.7523202469670834,0,0,0,0,1,0,0,0,0,0,1,0,0,0,0,0,1,0,0,0,1,0,0,0,0,0,0,0,0,1
4508,0,-0.4223169455581282,-1.491020519067978,-0.8291743113896509,0,0,1,1,1,0,0,0,1,1,0,1,0,1,0,1,0,1,0,1,0,0,0,0,0,0,1,1,0,2
4509,0,-1.2774445836787656,0.6493740171459885,-0.9685881136716904,1,0,0,0,1,0,0,1,0,0,0,0,1,0,0,0,0,0,1,0,0,0,0,0,0,1,0,0,0,1
4510,0,0.2292088739623573,0.112613586092331,0.1661343530036451,0,0,0,0,1,0,1,0,0,0,0,0,1,0,0,0,1,0,0,0,1,0,0,0,1,0,0,1,0,1
4511,0,-0.62591876415828,0.534710024134526,-0.3678513925408699,0,1,0,1,1,0,0,0,0,0,0,0,1,0,1,0,1,0,1,0,1,1,0,0,0,1,0,1,0,1
4512,1,1.5322605130033284,0.356897745116751,1.2939523070026708,0,0,0,0,1,0,1,0,0,0,0,0,1,0,1,0,1,0,1,0,0,0,1,1,0,0,0,0,1,0
4513,1,1.6137012404433893,0.9202469281730667,1.8355484578932784,1,0,1,1,1,0,1,0,0,0,1,0,1,0,1,0,1,0,1,0,1,0,1,0,1,0,0,0,1,0
4514,0,-0.1779947632379461,0.5264010391336954,-0.0153462405682443,0,0,0,0,1,0,0,1,0,0,0,0,0,0,0,0,0,0,0,0,1,0,0,1,0,1,0,1,0,1
4515,0,-0.7073594915983407,0.612814483142334,-0.5072431356769789,0,0,0,0,1,0,0,1,0,0,0,0,1,0,0,0,0,0,1,0,0,0,0,1,0,0,0,1,0,1
4516,0,1.6137012404433893,0.7573908221567865,1.84565154672954,0,1,1,1,1,0,1,0,0,0,1,0,1,0,1,0,1,0,1,0,1,0,1,1,0,0,0,0,1,0
4517,1,-0.8702409464784621,1.156222102196656,-0.506713716174642,1,0,1,0,1,0,1,1,0,0,0,0,0,0,1,0,0,0,1,0,1,0,0,1,0,1,0,0,0,1
4518,1,-0.9924020376385532,0.5480044001358552,-0.7472687025489526,1,1,0,0,1,0,1,1,0,0,0,0,0,0,1,0,0,0,0,0,0,0,0,1,0,1,0,0,0,1
4519,0,1.002895784642934,1.4835961112293827,1.7528046015072132,0,0,1,0,1,0,1,1,0,0,0,0,1,0,1,0,1,0,1,0,1,1,0,1,0,0,0,0,1,0
4520,0,-1.2774445836787656,-1.4893587220678115,-0.9969782344845048,1,1,1,1,1,0,0,0,1,1,0,1,0,1,0,1,0,1,0,1,0,0,0,0,0,0,0,0,0,2
4521,0,0.5549717837226001,-0.6385186579827569,-0.0959944780908924,0,0,1,0,0,1,0,0,0,0,1,0,1,0,0,0,0,0,1,0,0,0,0,0,0,1,0,1,0,1
4522,0,-0.0965540357978854,-1.46443176706532,-0.7467613421925465,0,1,1,0,1,0,0,0,1,1,0,1,0,1,0,1,0,1,0,1,0,1,0,0,1,0,0,1,0,2
4523,1,-0.9109613101984924,0.3502505571160864,-0.687929599995363,0,1,1,0,1,0,0,1,0,0,1,0,0,0,0,0,0,0,0,0,0,0,0,0,0,1,0,0,0,1
4524,0,-0.3815965818380978,1.1462513201956597,-0.0411775004530967,1,1,1,0,1,0,1,1,0,0,1,0,1,0,1,0,0,0,1,0,0,0,0,1,0,1,0,1,0,1
4525,0,-0.0151133083578247,0.9518210711762232,0.3086364357159832,0,1,0,0,1,0,0,1,0,0,1,0,1,0,1,0,0,0,0,0,1,0,0,1,1,0,0,1,0,1
4526,0,-0.7888002190384014,0.2987348501109366,-0.5837221946187243,0,1,0,0,1,0,0,1,0,0,1,0,0,0,0,0,0,0,0,0,0,0,0,1,1,0,0,1,0,1
4527,0,0.2699292376823877,0.5214156481331973,0.4066893393779557,1,0,0,0,1,0,0,1,0,0,0,0,0,0,1,0,1,0,0,0,0,0,1,1,0,1,0,1,0,1
4528,0,0.4735310562825394,0.7773323861587803,0.7471281385264871,0,0,0,0,1,0,0,1,0,0,0,0,1,0,1,0,0,0,1,0,0,0,0,1,1,0,0,1,0,0
4529,1,-0.9516816739185228,-0.5172074769706297,-0.8081740044636221,0,1,0,0,1,0,0,0,0,0,0,0,0,0,0,0,1,0,0,0,0,0,0,0,0,0,1,0,0,1
4530,0,1.4100994218432374,-1.4993295040688086,-0.4167124007773758,0,0,1,0,1,0,0,0,1,1,0,1,0,1,0,1,0,1,0,1,0,0,1,0,0,0,1,0,1,2
4531,0,-0.9516816739185228,0.4848561141295422,-0.7140476287773146,1,1,1,1,1,0,1,1,0,0,0,0,0,0,1,0,0,0,0,0,0,0,0,1,0,0,0,0,0,1
4532,0,-0.7073594915983407,0.4981504901308714,-0.515250605649824,1,0,0,0,1,0,1,1,0,0,0,0,1,0,0,0,0,0,0,0,0,0,0,1,0,1,0,1,0,1
4533,0,1.5729808767233588,1.3423433662152622,2.3273571164182902,0,0,1,0,1,0,1,1,0,0,0,0,1,0,1,0,0,0,1,0,1,0,1,1,0,0,0,0,1,0
4534,0,-1.2774445836787656,-0.5238546649712943,-0.9841618706987666,0,1,0,0,1,0,0,0,0,0,0,0,0,0,0,0,1,0,0,0,0,0,0,0,1,0,0,0,0,1
4535,0,-0.0965540357978854,1.1728400721983174,0.3381295138253324,1,0,1,1,1,0,1,1,0,0,0,0,0,0,1,0,0,0,1,0,1,0,0,1,0,1,0,1,0,1
4536,0,-1.2774445836787656,0.1524967140963176,-0.9751837983049708,1,1,0,0,1,0,0,1,0,0,0,0,0,0,0,0,0,0,0,0,0,0,0,1,0,1,0,0,0,1
4537,0,-0.62591876415828,-0.4972659129686364,-0.6367964997279946,0,1,1,0,0,1,0,0,0,0,0,0,1,0,0,0,0,0,1,0,1,0,0,1,0,0,1,1,0,1
4538,0,-1.1960038562387048,0.6992279271509723,-0.8856898432641107,1,0,0,0,1,0,0,1,0,0,0,0,0,0,0,0,1,0,0,0,1,0,0,0,0,1,0,0,0,1
4539,0,1.4100994218432374,0.4964886931307054,1.3295778276807553,1,1,1,1,1,0,1,0,0,0,1,0,0,0,1,0,0,0,1,0,1,0,1,1,0,1,0,0,1,0
4540,0,-1.2774445836787656,-1.4561227820644893,-0.9965370515658908,0,1,0,0,1,0,0,0,1,1,0,1,0,1,0,1,0,1,0,1,0,0,0,0,0,0,0,0,0,2
4541,1,-1.2774445836787656,-0.4723389579661445,-0.9834780371749148,1,0,0,0,1,0,1,0,0,0,0,0,0,0,0,0,0,0,0,0,0,0,0,0,0,0,1,0,0,1
4542,1,-0.0151133083578247,0.4831943171293762,0.1280602671272526,0,0,1,0,1,0,1,1,0,0,0,0,0,0,1,0,0,0,0,0,0,0,0,0,0,0,1,1,0,1
4543,0,0.3513699651224484,-1.504314895069307,-0.6536276280731206,0,1,1,1,1,0,0,0,1,1,0,1,0,1,0,1,0,1,0,1,0,1,0,0,0,0,0,1,0,2
4544,0,-1.2774445836787656,0.5247392421335293,-0.9702425496164933,1,1,1,0,1,0,0,1,0,0,0,0,0,0,0,0,0,0,1,0,0,0,0,1,0,1,0,0,0,1
4545,0,-1.2774445836787656,-0.6850489739874083,-0.9863016078540446,0,0,0,0,1,0,0,0,0,0,0,0,0,0,0,0,0,0,0,0,0,0,0,0,0,0,0,0,0,1
4546,0,-0.8295205827584317,0.6560212051466532,-0.6012592156336328,1,0,1,1,1,0,1,1,0,0,0,0,1,0,1,0,0,0,0,0,0,0,0,1,0,1,0,0,0,1
4547,0,1.2064976032430856,1.3539759452164248,1.856261995922208,0,1,1,1,1,0,1,1,0,0,1,0,1,0,0,0,0,0,1,0,1,0,0,1,0,1,0,0,1,0
4548,0,-0.4223169455581282,0.6493740171459885,-0.1870987507846937,1,0,0,0,1,0,0,1,0,0,0,0,1,0,0,0,0,0,0,0,1,0,0,1,0,0,1,1,0,1
4549,0,-0.62591876415828,0.9285559131738974,-0.3189242068665718,0,0,0,1,1,0,1,1,0,0,0,0,1,0,1,0,1,0,0,0,0,0,0,1,1,0,0,1,0,1
4550,0,1.6137012404433893,-1.2799723000468803,-0.1286861323601936,0,0,1,1,1,0,1,0,1,1,0,1,0,1,0,1,0,1,0,1,0,0,1,1,0,0,0,0,1,2
4551,0,0.9621754209229036,1.069808658188018,1.3908140167843854,0,1,1,1,1,0,1,1,0,0,0,0,1,0,0,0,1,0,1,0,0,0,0,1,1,0,0,0,1,0
4552,0,-0.9516816739185228,-1.4727407520661506,-0.940683294069352,0,0,0,0,1,0,0,0,1,1,0,1,0,1,0,1,0,1,0,1,0,0,0,1,1,0,0,0,0,2
4553,0,1.6137012404433893,1.696306127250646,2.711142137320652,0,1,1,0,1,0,1,1,0,0,1,0,1,0,1,0,1,0,1,0,1,0,1,1,0,0,0,0,1,0
4554,0,-0.5037576729981889,1.4437129832253957,-0.0335450359610738,0,1,0,0,1,0,0,1,0,0,1,0,1,0,1,0,1,0,1,0,1,0,0,1,0,0,0,1,0,1
4555,0,-0.5444780367182193,-1.481049737066981,-0.8348655710397721,0,1,1,1,1,0,0,0,1,1,0,1,0,1,0,1,0,1,0,1,0,0,1,0,0,0,1,1,0,2
4556,0,-1.2367242199587352,0.0993192100910018,-0.954315846254526,1,1,0,0,1,0,0,1,0,0,0,0,0,0,0,0,0,0,0,0,0,0,0,1,0,1,0,0,0,1
4557,0,0.8400143297628127,-0.3277626189516918,0.3379530406578867,0,1,0,0,0,1,0,0,0,0,0,0,0,0,1,0,1,0,1,0,1,1,0,0,1,0,0,0,1,0
4558,1,-0.2187151269579764,0.6809481601491449,0.00331579688913,1,0,0,0,1,0,1,1,0,0,0,0,0,0,0,0,0,0,0,0,1,0,0,1,0,1,0,1,0,1
4559,0,-1.0738427650786138,-1.4827115340671475,-0.9482054628317216,0,1,0,0,1,0,0,0,1,1,0,1,0,1,0,1,0,1,0,1,0,0,0,0,0,0,0,0,0,2
4560,0,-0.9516816739185228,0.8504514541660894,-0.6669954705071263,0,1,1,1,1,0,1,1,0,0,0,0,0,0,1,0,0,0,1,0,0,1,0,1,0,1,0,0,0,1
4561,0,-0.9924020376385532,-0.2995120699488677,-0.8086593056740976,0,0,1,1,1,0,1,0,0,0,0,0,1,0,0,0,0,0,0,0,0,0,0,0,0,1,0,0,0,1
4562,0,1.5729808767233588,1.656422999246659,2.567912102792601,0,0,1,1,1,0,1,1,0,0,1,0,1,0,1,0,1,0,1,0,1,0,1,0,0,0,0,0,1,0
4563,0,-0.9109613101984924,0.5081212721318681,-0.639289183218164,1,0,0,0,1,0,1,1,0,0,0,0,1,0,0,0,0,0,0,0,0,0,0,1,0,0,0,0,0,1
4564,0,-1.2774445836787656,-1.4876969250676455,-0.996956175338574,1,1,0,0,1,0,0,0,1,1,0,1,0,1,0,1,0,1,0,1,0,0,0,0,0,0,1,0,0,2
4565,0,1.5729808767233588,0.0677450670878454,1.0629930491082158,0,0,1,0,0,1,0,0,0,0,1,0,1,0,1,0,1,0,1,0,1,1,0,0,0,0,0,0,1,0
4566,0,1.4508197855632678,1.181149057199148,1.9741240126299515,0,1,1,0,1,0,0,1,0,0,0,0,1,0,0,0,1,0,1,0,1,1,0,1,0,1,0,0,1,0
4567,0,0.0663274190822359,1.3489905542159264,0.55629446707998,0,1,0,0,1,0,1,1,0,0,0,0,1,0,0,0,1,0,1,0,1,0,0,1,0,1,0,1,0,0
4568,0,-0.2594354906780068,0.6792863631489789,-0.0419716297066021,0,1,0,0,1,0,0,1,0,0,0,0,1,0,1,0,1,0,0,0,0,1,0,1,0,1,0,1,0,1
4569,0,-0.4223169455581282,-0.5305018529719588,-0.5405083277404783,1,0,0,0,1,0,0,0,0,0,1,0,0,0,0,0,0,0,0,0,0,0,0,1,1,0,0,1,0,1
4570,0,-1.0331224013585834,-1.522594662071134,-0.9481834036857908,0,1,0,0,1,0,0,0,1,1,0,1,0,1,0,1,0,1,0,1,0,0,0,1,0,0,1,0,0,2
4571,0,-0.5037576729981889,0.1674528870978128,-0.3262037250237036,0,0,1,0,1,0,0,1,0,0,0,0,0,0,0,0,0,0,0,0,0,0,0,1,0,0,0,1,0,1
4572,0,1.125056875803025,1.3755793062185846,1.822754153253471,0,0,1,0,1,0,1,1,0,0,0,0,1,0,1,0,0,0,1,0,1,0,0,1,0,1,0,0,1,0
4573,0,1.6137012404433893,-1.4694171580658184,-0.3737632436502981,0,1,1,1,1,0,0,0,1,1,0,1,0,1,0,1,0,1,0,1,0,0,1,0,0,1,0,0,1,2
4574,1,1.6137012404433893,1.3622849302172555,2.360379657876552,0,0,1,0,1,0,1,1,0,0,0,0,1,0,1,0,0,0,1,0,1,1,0,1,1,0,0,0,1,0
4575,0,-1.1552834925186746,-1.3132082400502028,-0.9608232943040832,0,1,0,0,1,0,1,0,1,1,0,1,0,1,0,1,0,1,0,1,0,0,0,0,0,0,1,0,0,2
4576,0,-0.6666391278783103,-1.4960059100684764,-0.8675131070172118,0,1,1,1,1,0,0,0,1,1,0,1,0,1,0,1,0,1,0,1,0,0,0,0,0,1,0,1,0,2
4577,1,1.2064976032430856,1.332372584214265,1.779363813207779,0,0,1,0,1,0,1,1,0,0,1,0,0,0,1,0,0,0,1,0,1,1,0,1,0,1,0,0,1,0
4578,0,-0.9109613101984924,-0.1266851819315907,-0.7280331272973801,0,0,0,0,1,0,0,0,0,0,0,0,0,0,0,0,1,0,0,0,1,0,0,1,0,0,1,0,0,1
4579,0,-0.055833672077855,0.544680806135523,0.1591857220354739,0,1,0,0,1,0,1,1,0,0,0,0,1,0,0,0,0,0,0,0,0,0,0,1,0,1,0,1,0,1
4580,0,1.5729808767233588,-1.517609271070636,-0.4002783370590025,0,0,1,0,1,0,0,0,1,1,0,1,0,1,0,1,0,1,0,1,0,0,1,0,1,0,0,0,1,2
4581,0,1.0436161483629645,-1.461108173064988,-0.4709558406209733,0,1,0,0,1,0,0,0,1,1,0,1,0,1,0,1,0,1,0,1,0,0,1,0,0,0,1,0,1,2
4582,0,1.5322605130033284,0.8438042661654253,1.7459000888309035,0,1,1,1,1,0,1,0,0,0,1,0,1,0,1,0,1,0,1,0,1,0,1,1,1,0,0,0,1,0
4583,0,1.5729808767233588,0.8421424691652587,1.7784814473705508,0,0,1,0,1,0,1,0,0,0,1,0,1,0,1,0,1,0,1,0,1,0,1,0,0,1,0,0,1,0
4584,1,1.4915401492832985,0.3103674291120993,1.2138114298364289,0,1,0,0,1,0,1,0,0,0,1,0,0,0,1,0,1,0,0,0,1,0,1,0,1,0,0,0,1,0
4585,1,-1.2774445836787656,0.6743009721484804,-0.96825722648273,1,0,0,0,1,0,1,1,0,0,0,0,0,0,0,0,0,0,0,0,1,0,0,1,0,1,0,0,0,1
4586,0,1.6137012404433893,1.7943521502604476,2.8203569688235604,0,0,1,1,1,0,1,1,0,0,1,0,1,0,1,0,1,0,1,0,1,0,1,1,0,0,0,0,1,0
4587,0,-0.2594354906780068,0.7025515211513048,-0.0367436121210257,0,0,1,0,1,0,0,1,0,0,0,0,0,0,0,0,1,0,0,0,1,0,0,0,1,0,0,1,0,1
4588,0,0.0256070553622056,1.0049985751815391,0.3213645629179985,0,0,1,0,1,0,1,1,0,0,0,0,0,0,1,0,1,0,0,0,1,0,0,1,1,0,0,1,0,1
4589,0,-0.9109613101984924,-1.4827115340671475,-0.9083666452808729,0,0,1,1,1,0,0,0,1,1,0,1,0,1,0,1,0,1,0,1,0,0,1,0,0,0,1,0,0,2
4590,1,1.002895784642934,1.2143849972024705,1.544080962710907,0,0,0,0,1,0,1,1,0,0,1,0,0,0,1,0,1,0,0,0,1,0,1,0,1,0,0,0,1,0
4591,0,-0.9109613101984924,-1.4478137970636586,-0.9075504568814368,0,0,0,0,1,0,0,0,1,1,0,1,0,1,0,1,0,1,0,1,0,0,0,1,0,1,0,0,0,2
4592,0,0.2699292376823877,-1.3481059770536914,-0.6022739363464452,0,0,1,1,1,0,1,0,1,1,0,1,0,1,0,1,0,1,0,1,0,1,0,1,0,0,1,1,0,2
4593,0,-0.8702409464784621,-1.477726143066649,-0.8971164808562146,0,0,0,0,1,0,0,0,1,1,0,1,0,1,0,1,0,1,0,1,0,0,0,0,0,0,0,0,0,2
4594,0,-0.4630373092781585,1.2642389072074542,-0.074817697997418,1,0,1,1,1,0,0,1,0,0,0,0,1,0,1,0,1,0,1,0,1,0,0,1,0,1,0,1,0,1
4595,0,1.4508197855632678,0.682609957149311,1.447197193783261,0,0,1,1,1,0,1,0,0,0,0,0,1,0,1,0,1,0,1,0,1,0,1,0,0,0,0,0,1,0
4596,0,-0.5851984004382496,0.8255244991635975,-0.2853281276141119,0,1,0,0,1,0,1,1,0,0,0,0,0,0,1,0,0,0,1,0,0,1,0,1,1,0,0,1,0,1
4597,0,-1.0738427650786138,1.1695164781979852,-0.7641660083318706,1,0,0,0,1,0,0,1,0,0,0,0,0,0,1,0,1,0,1,0,1,0,0,1,0,0,1,0,0,1
4598,0,-0.5851984004382496,-0.2828940999472064,-0.577898580093019,0,1,0,0,1,0,1,0,0,0,1,0,0,0,0,0,0,0,0,0,0,0,0,0,0,0,1,1,0,1
4599,0,0.7992939660427822,-0.4590445819648154,0.1459943527689138,0,0,1,1,1,0,0,0,0,0,0,0,0,0,1,0,0,0,0,0,0,1,0,1,0,0,0,0,1,1
4600,0,0.9621754209229036,1.697967924250812,1.8918654574543616,0,1,1,1,1,0,1,1,0,0,1,0,1,0,1,0,1,0,1,0,1,0,1,0,0,0,1,0,1,0
4601,0,0.5142514200025698,1.2924894562102784,1.0888904864308608,0,1,0,0,1,0,1,1,0,0,0,0,0,0,1,0,1,0,1,0,1,0,0,1,0,0,0,1,0,0
4602,0,1.4100994218432374,-1.2849576910473786,-0.2294964292635039,0,0,0,0,1,0,1,0,1,1,0,1,0,1,0,1,0,1,0,1,0,0,1,1,0,0,1,0,1,2
4603,0,-1.1960038562387048,-0.9858342310174764,-0.9611762406389748,0,1,1,0,0,1,0,0,0,0,1,0,0,0,0,0,1,0,0,0,0,0,0,0,0,0,1,0,0,1
4604,1,1.3286586944031769,1.141265929195161,1.860210583043804,0,1,0,0,1,0,0,1,0,0,0,0,1,0,1,0,0,0,1,0,1,0,0,1,0,0,0,0,1,0
4605,0,1.247217966963116,0.0827012400893406,0.8622548211388232,0,1,1,0,1,0,1,0,0,0,0,0,1,0,0,0,1,0,0,0,1,0,1,0,0,0,1,0,1,0
4606,0,-0.8702409464784621,-1.3215172250510334,-0.8731161300836102,0,0,1,1,1,0,1,0,1,1,0,1,0,1,0,1,0,1,0,1,0,0,1,0,0,0,1,0,0,2
4607,0,-1.2774445836787656,-0.1732154979362424,-0.9795073909073884,0,1,0,1,1,0,0,0,0,0,0,0,0,0,0,0,1,0,0,0,1,0,0,1,0,0,1,0,0,1
4608,0,0.9214550572028734,0.4333404071243925,0.9016083374791968,0,1,0,0,1,0,1,0,0,0,0,0,0,0,1,0,0,0,1,0,1,0,1,1,0,0,0,0,1,0
4609,0,-0.3001558543980371,-0.3211154309510272,-0.3589615567307968,0,1,1,1,1,0,1,0,0,0,0,0,0,0,0,0,1,0,0,0,0,1,0,1,0,0,1,1,0,1
4610,0,1.6137012404433893,1.7627780072572912,2.825805577868443,1,1,1,0,1,0,1,1,0,0,1,0,1,0,1,0,1,0,1,0,1,1,0,1,0,0,0,0,1,0
4611,0,1.6137012404433893,-1.3497677740538576,-0.2220404379389264,0,0,1,0,1,0,1,0,1,1,0,1,0,1,0,1,0,1,0,1,0,0,1,1,1,0,0,0,1,2
4612,0,1.3286586944031769,-0.6484894399837535,0.2886287903568359,0,0,0,1,0,1,0,0,0,0,0,0,1,0,0,0,1,0,1,0,0,0,1,0,0,0,1,0,1,0
4613,1,0.880734693482843,0.4898415051300408,0.9222998163621956,1,0,0,0,1,0,1,1,0,0,0,0,1,0,0,0,0,0,0,0,0,0,0,1,0,1,0,0,1,0
4614,0,-1.0331224013585834,-1.479387940066815,-0.942095079408917,0,1,1,1,1,0,0,0,1,1,0,1,0,1,0,1,0,1,0,1,0,0,0,0,0,0,1,0,0,2
4615,0,1.6137012404433893,-0.0003886099189655,1.1139937945,0,0,1,0,1,0,1,0,0,0,1,0,1,0,0,0,1,0,0,0,0,0,1,0,0,0,0,0,1,0
4616,0,-0.4630373092781585,-0.3377334009526884,-0.5093608136863264,0,1,1,0,1,0,0,0,0,0,0,0,0,0,0,0,0,0,1,0,0,0,0,0,0,0,0,1,0,1
4617,0,-1.2367242199587352,-1.46443176706532,-0.9881986944040853,0,0,0,0,1,0,0,0,1,1,0,1,0,1,0,1,0,1,0,1,0,0,0,1,0,0,0,0,0,2
4618,1,-1.1552834925186746,0.9966895901807084,-0.8194241688882804,0,1,0,0,1,0,0,1,0,0,0,0,0,0,1,0,0,0,1,0,1,0,0,1,0,1,0,0,0,1
4619,0,-1.1960038562387048,0.4948268961305394,-0.8947120339497681,1,1,1,0,1,0,1,1,0,0,0,0,0,0,0,0,1,0,0,0,0,0,0,1,0,0,0,0,0,1
4620,0,1.6137012404433893,1.696306127250646,2.6702224216191985,0,1,1,0,1,0,1,1,0,0,1,0,1,0,1,0,1,0,1,0,1,0,1,0,1,0,0,0,1,0
4621,0,-1.0738427650786138,-0.5088984919697991,-0.8669836875148751,0,0,0,0,1,0,0,0,0,0,1,0,0,0,0,0,0,0,0,0,0,0,0,1,0,1,0,0,0,1
4622,0,0.7992939660427822,0.6327560471443273,0.9051598599740396,0,1,0,0,1,0,0,1,0,0,0,0,0,0,1,0,0,0,0,0,1,0,0,1,1,0,0,0,1,0
4623,1,1.4915401492832985,1.0166311541827018,1.80984955288401,0,1,1,0,1,0,1,1,0,0,0,0,1,0,1,0,0,0,0,0,1,0,0,1,0,0,0,0,1,0
4624,0,-0.9924020376385532,0.9950277931805424,-0.679172119060874,1,1,0,0,1,0,0,1,0,0,0,0,0,0,1,0,0,0,1,0,1,0,0,1,0,1,0,0,0,1
4625,1,-0.9924020376385532,0.3087056321119333,-0.7410039051046331,0,0,0,0,1,0,0,1,0,0,0,0,0,0,1,0,0,0,0,0,0,0,0,1,0,0,0,0,0,1
4626,1,1.247217966963116,0.8255244991635975,1.4378441159086432,0,0,0,0,1,0,1,1,0,0,0,0,0,0,1,0,0,0,0,0,1,0,0,1,0,0,0,0,1,0
4627,0,1.125056875803025,1.722894879253304,2.104339151058888,0,1,0,0,1,0,1,1,0,0,1,0,1,0,1,0,1,0,1,0,1,1,0,1,1,0,0,0,1,0
4628,0,-0.8295205827584317,-0.3510277769540174,-0.7011430284078537,0,0,1,0,1,0,0,0,0,0,1,0,0,0,0,0,1,0,0,0,0,0,0,0,0,0,0,0,0,1
4629,0,-0.7888002190384014,-1.5109620830699717,-0.882557444541951,0,0,0,0,1,0,0,0,1,1,0,1,0,1,0,1,0,1,0,1,0,0,0,1,0,0,1,1,0,2
4630,0,-0.4223169455581282,0.0095821720820311,-0.3759691582433684,0,1,0,0,1,0,1,0,0,0,1,0,1,0,1,0,0,0,0,0,0,0,0,0,0,0,1,1,0,1
4631,0,-1.1145631287986442,0.9219087251732327,-0.8060563264542747,1,1,0,0,1,0,1,1,0,0,0,0,0,0,1,0,0,0,1,0,0,0,0,1,0,1,0,0,0,1
4632,0,-1.2774445836787656,-1.505976692069473,-0.9971988259438118,1,0,1,1,1,0,0,0,1,1,0,1,0,1,0,1,0,1,0,1,0,0,0,0,0,0,1,0,0,2
4633,0,1.6137012404433893,-1.3530913680541898,-0.2517320483616519,0,0,1,1,1,0,1,0,1,1,0,1,0,1,0,1,0,1,0,1,0,0,1,1,0,0,0,0,1,2
4634,0,-1.2367242199587352,-1.5292418500717988,-0.9823309615865182,0,0,0,0,1,0,0,0,1,1,0,1,0,1,0,1,0,1,0,1,0,0,0,0,0,0,0,0,0,2
4635,0,0.3106496014024181,-1.4827115340671475,-0.6628262919262236,0,0,1,1,1,0,0,0,1,1,0,1,0,1,0,1,0,1,0,1,0,0,1,0,0,0,0,1,0,2
4636,0,0.4735310562825394,-1.4876969250676455,-0.6259875182219504,0,1,1,1,1,0,0,0,1,1,0,1,0,1,0,1,0,1,0,1,0,1,0,0,0,0,0,1,0,2
4637,1,1.5729808767233588,0.2073360151017999,1.2054730726746234,0,1,1,0,1,0,0,0,0,0,1,0,1,0,0,0,1,0,1,0,0,1,0,1,0,0,0,0,1,0
4638,0,-1.2367242199587352,0.358559542116917,-0.9324111143453384,1,0,0,0,1,0,1,1,0,0,0,0,0,0,0,0,0,0,0,0,0,0,0,1,0,1,0,0,0,1
4639,1,-0.2594354906780068,0.9584682591768874,0.0548680209291817,0,1,0,0,1,0,1,1,0,0,0,0,0,0,0,0,0,0,1,0,1,0,0,1,0,1,0,1,0,1
4640,0,-1.2774445836787656,0.1741000750984774,-0.9748970294078716,1,1,1,1,1,0,0,1,0,0,0,0,0,0,0,0,0,0,0,0,0,0,0,1,0,1,0,0,0,1
4641,0,-1.2774445836787656,-1.341458789053027,-0.9950149704966722,0,0,0,0,0,1,0,0,0,0,0,0,0,0,0,0,0,0,0,0,0,0,0,0,0,0,1,0,0,1
4642,0,1.3286586944031769,0.3336325871144251,1.1207880114466564,1,1,1,1,1,0,0,0,0,0,1,0,0,0,0,0,1,0,1,0,1,0,1,1,0,0,0,0,1,0
4643,0,-1.1960038562387048,0.0162293600826957,-0.913175539093766,0,1,0,0,1,0,1,0,0,0,0,0,0,0,0,0,1,0,1,0,0,0,0,1,0,0,1,0,0,1
4644,0,-0.7888002190384014,-0.4723389579661445,-0.7363273661673242,0,1,0,0,1,0,0,0,0,0,0,0,0,0,0,0,1,0,0,0,0,0,0,1,0,0,1,1,0,1
4645,0,0.0256070553622056,1.3174164112127704,0.4984774455956087,1,0,1,0,1,0,1,1,0,0,0,0,1,0,1,0,0,0,1,0,1,0,0,1,0,1,0,1,0,0
4646,0,-1.2774445836787656,0.1973652331008032,-0.9745882013648418,0,0,0,0,1,0,0,1,0,0,0,0,0,0,0,0,0,0,0,0,0,0,0,1,0,0,1,0,0,1
4647,0,-1.1552834925186746,-0.6484894399837535,-0.9372420673041624,0,1,1,1,1,0,0,0,0,0,0,0,0,0,0,0,0,0,0,0,0,0,0,0,0,0,1,0,0,1
4648,0,-1.2367242199587352,0.184070857099474,-0.942249493430432,0,1,0,0,1,0,0,1,0,0,0,0,0,0,0,0,0,0,0,0,0,0,0,1,0,1,0,0,0,1
4649,0,1.6137012404433893,1.4686399382278874,2.468535650374786,0,1,1,0,1,0,1,1,0,0,1,0,1,0,0,0,1,0,1,0,1,0,1,1,1,0,0,0,1,0
4650,0,0.188488510242327,-1.2733251120462157,-0.6035974851022874,0,0,1,1,1,0,1,0,1,1,0,1,0,1,0,1,0,1,0,1,0,0,0,0,0,0,1,1,0,2
4651,0,-0.7073594915983407,0.7125223031523015,-0.4453892904872891,1,0,0,0,1,0,0,1,0,0,1,0,0,0,0,0,0,0,1,0,0,0,0,0,0,1,0,1,0,1
4652,0,-0.3815965818380978,-1.4993295040688086,-0.7948502803214779,0,0,0,0,1,0,0,0,1,1,0,1,0,1,0,1,0,1,0,1,0,1,0,1,1,0,0,1,0,2
4653,0,-0.0965540357978854,-0.4507355969639848,-0.3168727062950164,1,0,1,1,0,1,0,0,0,0,0,0,0,0,0,0,1,0,1,0,1,0,0,0,1,0,0,1,0,1
4654,0,0.3920903288424788,-1.519271068070802,-0.6696646271647413,0,0,1,1,1,0,0,0,1,1,0,1,0,1,0,1,0,1,0,1,0,1,0,1,0,1,0,1,0,2
4655,0,-0.0151133083578247,0.3319707901142591,0.0014187103390895,0,0,0,0,1,0,1,0,0,0,1,0,0,0,0,0,0,0,1,0,1,1,0,0,0,0,1,1,0,1
4656,0,-0.4223169455581282,0.3668685271177476,-0.2932253018573034,0,0,1,1,1,0,1,1,0,0,0,0,0,0,0,0,0,0,0,0,0,0,0,1,0,0,0,1,0,1
4657,0,0.3920903288424788,-1.3181936310507012,-0.5217359945534504,0,1,1,0,0,1,0,0,0,0,0,0,0,0,0,0,0,0,0,0,0,0,0,1,1,0,0,1,0,1
4658,0,-0.9924020376385532,-0.6750781919864114,-0.8428509818666865,0,0,0,0,1,0,0,0,0,0,0,0,0,0,0,0,0,0,0,0,0,0,0,0,0,0,1,0,0,1
4659,0,1.3286586944031769,1.3140928172124378,1.9613076488442132,0,0,1,1,1,0,1,1,0,0,1,0,0,0,1,0,0,0,1,0,1,0,1,1,1,0,0,0,1,0
4660,0,-1.2367242199587352,-1.504314895069307,-0.9918605126285815,1,0,0,0,1,0,0,0,1,1,0,1,0,1,0,1,0,1,0,1,0,0,0,0,0,0,1,0,0,2
4661,0,1.5322605130033284,0.8055829351616043,1.7706725097110825,0,0,1,1,1,0,1,0,0,0,1,0,1,0,1,0,1,0,1,0,1,0,1,1,0,0,0,0,1,0
4662,0,-0.4223169455581282,-1.4827115340671475,-0.8149682214102786,0,1,0,1,1,0,0,0,1,1,0,1,0,1,0,1,0,1,0,1,0,0,0,0,1,0,0,1,0,2
4663,1,-1.1552834925186746,0.3369561811147576,-0.8638292296467845,1,0,0,0,1,0,1,1,0,0,0,0,0,0,0,0,0,0,0,0,0,0,0,1,0,1,0,0,0,1
4664,0,-1.2367242199587352,0.3369561811147576,-0.9408597672367977,1,0,0,0,1,0,1,1,0,0,0,0,0,0,0,0,0,0,0,0,0,0,0,0,1,0,0,0,0,1
4665,0,1.4100994218432374,-0.950936494013988,0.0682579225091181,0,0,1,1,0,1,0,0,0,0,1,0,1,0,0,0,0,0,0,0,0,0,1,0,0,0,0,0,1,0
4666,0,-0.3001558543980371,-1.5142856770703037,-0.7710264027163193,0,0,0,0,1,0,0,0,1,1,0,1,0,1,0,1,0,1,0,1,0,0,0,1,1,0,0,1,0,2
4667,0,-0.5037576729981889,-1.5126238800701377,-0.8402259435009329,0,0,1,0,1,0,0,0,1,1,0,1,0,1,0,1,0,1,0,1,0,0,0,0,0,0,0,1,0,2
4668,0,-1.2367242199587352,-0.1183761969307601,-0.9502128451114156,0,0,0,1,1,0,0,0,0,0,1,0,0,0,0,0,0,0,0,0,1,0,0,1,1,0,0,0,0,1
4669,0,0.758573602322752,-1.4727407520661506,-0.5457804636179161,0,1,0,0,1,0,0,0,1,1,0,1,0,1,0,1,0,1,0,1,0,0,1,0,0,0,1,0,1,2
4670,0,0.5549717837226001,-0.9874960280176428,-0.2909532098264411,0,0,1,1,0,1,0,0,0,0,1,0,1,0,0,0,0,0,0,0,0,0,0,0,0,0,0,1,0,1
4671,0,-0.3001558543980371,1.179487260198982,0.047654680209842,1,0,0,0,1,0,1,1,0,0,0,0,1,0,0,0,0,0,1,0,1,0,0,1,0,1,0,1,0,1
4672,0,-0.7888002190384014,-0.6900343649879066,-0.7148858763226814,0,1,0,1,1,0,0,0,0,0,0,0,0,0,0,0,0,0,0,0,0,0,0,0,0,0,1,1,0,1
4673,1,-0.3001558543980371,1.2642389072074542,0.1678549663862398,1,0,0,0,1,0,1,1,0,0,1,0,1,0,0,0,0,0,1,0,1,0,0,1,0,0,1,1,0,1
4674,0,-0.2594354906780068,-0.4789861459668089,-0.43850683695691,0,1,1,1,1,0,0,0,0,0,0,0,0,0,1,0,0,0,0,0,0,1,0,0,0,0,1,1,0,1
4675,0,0.4328106925625091,1.1711782751981514,0.852284087178146,1,1,0,0,1,0,1,1,0,0,0,0,0,0,0,0,1,0,1,0,1,1,0,1,0,1,0,1,0,0
4676,0,-0.5444780367182193,-1.4876969250676455,-0.8392112227881205,0,1,0,1,1,0,0,0,1,1,0,1,0,1,0,1,0,1,0,1,0,0,0,1,0,1,0,1,0,2
4677,0,-0.9109613101984924,1.1661928841976528,-0.5686116796561932,1,1,1,0,1,0,0,1,0,0,0,0,1,0,0,0,1,0,1,0,1,0,0,1,0,1,0,0,0,1
4678,0,-1.2367242199587352,0.9784098231788813,-0.920278584083452,1,0,0,1,1,0,1,1,0,0,0,0,0,0,0,0,0,0,1,0,1,0,0,1,0,0,0,0,0,1
4679,0,1.6137012404433893,0.719169491152966,1.6673254110257412,0,0,1,0,1,0,1,0,0,0,1,0,1,0,0,0,1,0,1,0,1,0,1,1,0,0,0,0,1,0
4680,1,-0.5851984004382496,-0.2114368289400632,-0.5800824355401585,0,1,0,0,1,0,1,0,0,0,1,0,1,0,0,0,0,0,0,0,0,0,0,1,1,0,0,1,0,1
4681,1,-0.9516816739185228,0.6344178441444933,-0.6571791505679636,1,1,0,0,1,0,1,1,0,0,0,0,0,0,0,0,0,0,0,0,1,0,0,1,0,1,0,0,0,1
4682,1,-0.2187151269579764,0.7823177771592784,0.082949313698966,1,0,0,0,1,0,1,1,0,0,0,0,0,0,1,0,0,0,0,0,1,0,0,0,1,0,0,1,0,1
4683,0,-0.3408762181180675,0.9750862291785486,0.0190219087917902,0,1,0,0,1,0,1,1,0,0,0,0,0,0,0,0,0,0,1,0,1,0,0,1,0,1,0,1,0,1
4684,0,1.4915401492832985,1.305783832211607,2.198090521264373,1,1,0,0,1,0,0,1,0,0,0,0,1,0,1,0,1,0,1,0,1,1,0,1,0,0,0,0,1,0
4685,0,0.5549717837226001,1.4669781412277214,1.1358544081173263,0,0,1,0,1,0,1,1,0,0,0,0,1,0,1,0,1,0,1,0,1,0,1,1,1,0,0,1,0,0
4686,1,1.6137012404433893,1.4171242312227377,2.4128363068997625,0,0,0,0,1,0,1,1,0,0,1,0,1,0,1,0,1,0,0,0,1,0,1,1,0,0,0,0,1,0
4687,0,-0.4223169455581282,0.9950277931805424,-0.1609586628568112,1,1,1,0,1,0,0,1,0,0,0,0,0,0,1,0,0,0,1,0,1,0,0,1,1,0,0,1,0,1
4688,1,1.5322605130033284,0.8670694241677506,1.848717768013908,0,0,1,0,1,0,1,1,0,0,1,0,0,0,0,0,0,0,0,0,1,0,0,1,0,1,0,0,1,0
4689,0,-1.2367242199587352,-1.491020519067978,-0.9804559341824084,0,0,0,0,1,0,0,0,1,1,0,1,0,1,0,1,0,1,0,1,0,0,0,0,0,1,0,0,0,2
4690,0,-0.055833672077855,0.0544506910865167,-0.1146785746941975,0,1,1,0,1,0,0,0,0,0,0,0,0,0,1,0,1,0,0,0,1,0,0,1,1,0,0,1,0,1
4691,1,0.9621754209229036,1.1927816362003112,1.5036906665117902,1,0,1,0,1,0,1,1,0,0,0,0,0,0,1,0,0,0,1,0,1,0,0,1,0,0,0,0,1,0
4692,0,-0.6666391278783103,1.1944434332004772,-0.3339906035372416,0,0,1,1,1,0,0,1,0,0,1,0,0,0,1,0,0,0,1,0,1,0,0,0,0,0,0,1,0,1
4693,0,0.7992939660427822,-1.30157566104904,-0.4170212288204057,0,1,0,1,1,0,1,0,1,1,0,1,0,1,0,1,0,1,0,1,0,0,1,0,1,0,0,0,1,2
4694,0,-0.7888002190384014,-1.4926823160681442,-0.8946017382201145,0,1,1,1,1,0,0,0,1,1,0,1,0,1,0,1,0,1,0,1,0,0,0,1,0,0,1,1,0,2
4695,0,0.1070477828022663,-1.462769970065154,-0.6967532583676439,0,0,0,0,1,0,0,0,1,1,0,1,0,1,0,1,0,1,0,1,0,1,0,0,0,0,1,1,0,2
4696,0,1.0843365120829946,1.0315873271841969,1.489308103364972,0,0,0,0,1,0,0,1,0,0,0,0,0,0,1,0,0,0,1,0,1,0,1,0,0,1,0,0,1,0
4697,0,1.6137012404433893,0.9933659961803764,1.9710357321996528,0,1,1,0,1,0,0,1,0,0,0,0,0,0,1,0,0,0,1,0,1,0,0,1,0,1,0,0,1,0
4698,1,1.369379058123207,0.5247392421335293,1.317092351083978,1,0,1,0,1,0,1,0,0,0,0,0,1,0,1,0,0,0,1,0,1,0,1,1,0,0,0,0,1,0
4699,0,0.6771328748826912,1.392197276220246,1.277055001219753,0,0,1,0,1,0,1,1,0,0,1,0,1,0,1,0,1,0,0,0,1,0,1,0,1,0,0,0,1,0
4700,0,-1.2367242199587352,-0.62854787598176,-0.9591909175052116,0,0,0,0,1,0,0,0,0,0,0,0,0,0,0,0,0,0,0,0,0,0,0,1,0,0,1,0,0,1
4701,1,-0.4630373092781585,1.3157546142126038,-0.0034784200575263,0,1,0,0,1,0,1,1,0,0,0,0,1,0,1,0,0,0,1,0,1,0,0,1,0,1,0,1,0,1
4702,1,0.880734693482843,-0.3094828519498643,0.3031878266710995,0,1,0,0,0,1,0,0,0,0,0,0,1,0,1,0,0,0,1,0,1,1,0,1,0,1,0,0,1,0
4703,1,-0.3408762181180675,0.468238144127881,-0.2238934061971055,1,1,1,0,1,0,1,1,0,0,1,0,0,0,0,0,0,0,0,0,0,0,0,1,0,1,0,1,0,1
4704,0,-1.2774445836787656,-0.1200379939309264,-0.978801498237606,0,1,0,0,1,0,1,0,0,0,1,0,1,0,0,0,0,0,0,0,0,0,0,0,0,1,0,0,0,1
4705,0,-1.0738427650786138,0.4715617381282135,-0.7874163481428311,0,1,0,0,1,0,0,1,0,0,1,0,1,0,0,0,0,0,0,0,0,0,0,1,0,1,0,0,0,1
4706,0,-1.2774445836787656,-0.6750781919864114,-0.9861692529784606,1,0,0,0,1,0,0,0,0,0,0,0,0,0,0,0,0,0,0,0,0,0,0,1,0,0,1,0,0,1
4707,0,0.6771328748826912,1.476948923228718,1.328276338070844,0,1,0,1,1,0,1,1,0,0,1,0,1,0,1,0,0,0,1,0,1,1,0,1,1,0,0,0,1,0
4708,0,0.9621754209229036,-0.1150526029304281,0.4707711583066465,0,0,1,1,1,0,0,0,0,0,1,0,1,0,1,0,0,0,0,0,0,0,1,1,1,0,0,0,1,0
4709,1,0.9621754209229036,1.0664850641876853,1.2970405874329691,0,0,0,0,1,0,1,1,0,0,1,0,1,0,0,0,0,0,0,0,1,0,0,1,0,1,0,0,1,0
4710,0,-1.0738427650786138,-0.8046983579993692,-0.9098225489122992,0,0,1,1,0,1,0,0,0,0,0,0,1,0,1,0,1,0,0,0,0,0,1,0,0,0,1,0,0,1
4711,0,-0.0151133083578247,-1.4943441130683104,-0.737672974069097,0,1,0,0,1,0,0,0,1,1,0,1,0,1,0,1,0,1,0,1,0,1,0,0,0,0,1,1,0,2
4712,0,0.7178532386027215,1.4453747802255617,1.3904610704494942,0,1,1,1,1,0,1,1,0,0,1,0,1,0,1,0,0,0,1,0,1,1,0,1,0,1,0,0,1,0
4713,0,1.0436161483629645,1.3390197722149295,1.6434574151287211,0,1,1,1,1,0,1,1,0,0,0,0,0,0,1,0,1,0,1,0,1,1,0,1,0,0,0,0,1,0
4714,0,1.3286586944031769,0.8537750481664219,1.6227438770997913,0,0,1,1,1,0,1,0,0,0,1,0,1,0,1,0,1,0,1,0,1,0,1,1,0,0,1,0,1,0
4715,0,1.2879383306831464,0.719169491152966,1.395159668532734,0,0,0,0,1,0,1,0,0,0,1,0,1,0,1,0,1,0,1,0,1,0,1,1,1,0,0,0,1,0
4716,0,1.369379058123207,0.0710686610881779,0.9222998163621956,0,0,1,0,1,0,1,0,0,0,1,0,1,0,1,0,0,0,0,0,0,0,1,0,0,0,0,0,1,0
4717,0,0.2292088739623573,1.5268028332337018,0.9480428396633256,0,1,1,0,1,0,1,1,0,0,1,0,0,0,1,0,1,0,1,0,1,1,0,1,0,1,0,1,0,0
4718,0,-0.5037576729981889,-1.4876969250676455,-0.822049207254034,0,0,1,0,1,0,0,0,1,1,0,1,0,1,0,1,0,1,0,1,0,1,0,1,0,0,1,1,0,2
4719,0,0.1477681465222966,0.6693155811479823,0.347416414262158,1,1,0,0,1,0,1,1,0,0,0,0,0,0,0,0,0,0,0,0,1,0,0,1,0,1,0,1,0,1
4720,1,1.2879383306831464,1.2409737492051285,1.9448956442717704,0,1,0,0,1,0,1,1,0,0,0,0,0,0,1,0,1,0,1,0,1,1,0,0,0,1,0,0,1,0
4721,0,-1.2774445836787656,-1.479387940066815,-0.9968458796089206,1,1,0,0,1,0,0,0,1,1,0,1,0,1,0,1,0,1,0,1,0,0,0,0,0,0,1,0,0,2
4722,0,1.125056875803025,0.179085466098976,0.8580856425579205,0,0,0,0,1,0,0,0,0,0,0,0,1,0,1,0,1,0,1,0,0,1,0,1,1,0,0,0,1,0
4723,0,-1.2774445836787656,0.3186764141129299,-0.9729778837119004,1,1,0,0,1,0,0,1,0,0,0,0,1,0,0,0,0,0,0,0,0,0,0,1,0,1,0,0,0,1
4724,0,0.7178532386027215,0.5081212721318681,0.7775697599108564,0,0,1,1,1,0,1,0,0,0,1,0,1,0,1,0,1,0,0,0,1,1,0,1,0,0,0,0,1,0
4725,0,-1.2774445836787656,-0.0901256479279362,-0.9784044336108532,1,1,0,0,1,0,1,0,0,0,0,0,0,0,1,0,1,0,0,0,0,0,0,0,0,0,1,0,0,1
4726,0,1.6137012404433893,-0.5172074769706297,0.574074138700126,0,0,1,0,0,1,0,0,0,0,1,0,1,0,1,0,0,0,0,0,1,0,1,1,0,1,0,0,1,0
4727,0,1.125056875803025,-1.4710789550659844,-0.4768897508763323,0,1,1,0,1,0,0,0,1,1,0,1,0,1,0,1,0,1,0,1,0,0,1,1,0,0,0,0,1,2
4728,0,0.5549717837226001,-0.8811410200070108,-0.231349397521683,0,1,0,0,0,1,0,0,0,0,1,0,0,0,1,0,1,0,0,0,0,0,1,0,0,0,1,1,0,1
4729,0,1.4915401492832985,-0.3261008219515255,0.6585827267606473,0,0,1,1,0,1,0,0,0,0,0,0,1,0,1,0,0,0,1,0,1,0,1,1,1,0,0,0,1,0
4730,1,-0.055833672077855,1.0581760791868549,0.2639225469144491,0,1,0,0,1,0,1,1,0,0,0,0,0,0,1,0,1,0,1,0,0,0,0,1,0,0,0,1,0,1
4731,0,-0.5444780367182193,-1.491020519067978,-0.8479687037226095,0,1,1,1,1,0,0,0,1,1,0,1,0,1,0,1,0,1,0,1,0,1,0,0,0,0,1,1,0,2
4732,0,1.5729808767233588,-1.491020519067978,-0.3893149415314434,0,0,1,1,1,0,0,0,1,1,0,1,0,1,0,1,0,1,0,1,0,0,1,0,1,0,0,0,1,2
4733,0,-0.8295205827584317,0.6593447991469852,-0.5822883501332287,0,1,1,0,1,0,0,1,0,0,1,0,1,0,1,0,0,0,0,0,0,0,0,1,0,1,0,0,0,1
4734,0,0.2699292376823877,0.5064594751317021,0.3984833370917343,1,1,1,1,1,0,0,0,0,0,1,0,0,0,1,0,1,0,1,0,1,1,0,0,1,0,0,1,0,0
4735,0,0.4735310562825394,0.6809481601491449,0.6284278742733771,0,1,0,0,1,0,1,0,0,0,0,0,1,0,1,0,1,0,1,0,1,1,0,1,0,0,0,1,0,0
4736,0,0.9621754209229036,0.5480044001358552,1.0326617234534998,0,0,1,1,1,0,1,0,0,0,1,0,1,0,1,0,1,0,1,0,0,0,1,0,1,0,0,0,1,0
4737,0,1.6137012404433893,1.6863353452496497,2.6616634729980864,0,0,1,0,1,0,1,1,0,0,1,0,1,0,1,0,1,0,1,0,1,0,1,1,0,0,0,0,1,0
4738,0,-1.1145631287986442,1.307445629211773,-0.7667028101139015,1,1,0,0,1,0,1,1,0,0,0,0,1,0,1,0,0,0,1,0,1,0,0,0,0,0,1,0,0,1
4739,0,-0.8702409464784621,0.4732235351283796,-0.5957885474428187,0,0,0,0,1,0,1,1,0,0,1,0,0,0,0,0,0,0,0,0,0,0,0,1,0,0,0,0,0,1
4740,1,-0.3408762181180675,-0.8528904710041867,-0.5772588648610286,1,1,1,0,0,1,0,0,0,0,1,0,0,0,0,0,0,0,0,0,1,0,0,0,0,0,0,1,0,1
4741,1,-0.7073594915983407,0.9933659961803764,-0.4388377241458705,0,0,1,0,1,0,0,1,0,0,0,0,1,0,0,0,0,0,1,0,1,0,0,1,0,1,0,1,0,1
4742,0,1.6137012404433893,-1.461108173064988,-0.3346523779151626,0,1,0,0,1,0,0,0,1,1,0,1,0,1,0,1,0,1,0,1,0,0,1,1,0,0,1,0,1,2
4743,0,0.9621754209229036,-0.1748772949364084,0.4894993732018128,0,1,1,0,1,0,1,0,0,0,0,0,1,0,1,0,0,0,0,0,0,0,1,0,1,0,0,0,1,0
4744,1,1.2879383306831464,-1.4860351280674795,-0.4772206380652928,0,1,0,0,1,0,0,0,1,1,0,1,0,1,0,1,0,1,0,1,0,0,1,1,0,0,0,0,1,2
4745,0,0.0663274190822359,1.1861344481996463,0.5007054193346098,0,0,1,0,1,0,1,1,0,0,0,0,0,0,1,0,0,0,1,0,1,0,0,1,0,1,0,1,0,1
4746,0,-1.2367242199587352,0.3901336851200734,-0.9341096685820028,1,1,0,0,1,0,1,1,0,0,0,0,0,0,0,0,0,0,0,0,0,0,0,1,0,1,0,0,0,1
4747,0,0.1070477828022663,-1.4677553610656522,-0.6731279130758616,0,1,0,0,1,0,0,0,1,1,0,1,0,1,0,1,0,1,0,1,0,1,0,0,0,0,0,1,0,2
4748,0,-0.4223169455581282,-1.477726143066649,-0.7996812332803017,0,1,0,0,1,0,0,0,1,1,0,1,0,1,0,1,0,1,0,1,0,1,0,0,1,0,0,1,0,2
4749,0,-1.1145631287986442,-0.5172074769706297,-0.9100872586634676,1,1,0,0,1,0,0,0,0,0,0,0,0,0,0,0,1,0,0,0,0,0,0,1,0,1,0,0,0,1
4750,0,-0.9516816739185228,-0.8379342980026917,-0.8412186050678145,0,1,0,0,0,1,0,0,0,0,1,0,1,0,1,0,0,0,0,0,0,1,0,0,0,0,1,0,0,1
4751,0,-0.8702409464784621,-1.38300371405718,-0.8976017820666901,1,1,0,0,1,0,1,0,1,1,0,1,0,1,0,1,0,1,0,1,0,0,0,0,1,0,0,0,0,2
4752,0,-0.3815965818380978,-1.4727407520661506,-0.7935267315656358,0,1,0,0,1,0,0,0,1,1,0,1,0,1,0,1,0,1,0,1,0,1,0,0,0,0,1,1,0,2
4753,0,-1.1552834925186746,0.534710024134526,-0.8722117051004515,1,0,1,1,1,0,0,1,0,0,0,0,0,0,0,0,0,0,0,0,1,0,0,0,0,1,0,0,0,1
4754,0,1.4508197855632678,-1.3132082400502028,-0.2433275137620543,0,1,1,0,1,0,1,0,1,1,0,1,0,1,0,1,0,1,0,1,0,0,1,0,0,0,0,0,1,2
4755,0,0.0256070553622056,0.8803638001690798,0.3019083962071189,0,1,1,0,1,0,0,1,0,0,0,0,0,0,0,0,0,0,1,0,1,0,0,0,0,1,0,1,0,1
4756,0,-0.055833672077855,0.2555281281066175,-0.0544791654493104,0,1,0,0,1,0,0,0,0,0,1,0,1,0,1,0,1,0,1,0,0,0,0,1,0,0,0,1,0,1
4757,0,-1.2774445836787656,-0.1549357309344149,-0.9792647403021508,1,1,0,0,1,0,1,0,0,0,0,0,1,0,0,0,1,0,0,0,0,0,0,0,0,0,1,0,0,1
4758,0,0.9621754209229036,-1.4976677070686424,-0.5416995216207361,0,0,0,0,1,0,0,0,1,1,0,1,0,1,0,1,0,1,0,1,0,0,1,0,0,0,0,0,1,2
4759,0,-1.2774445836787656,0.4715617381282135,-0.970948442286276,1,1,0,0,1,0,0,1,0,0,0,0,0,0,0,0,0,0,1,0,0,0,0,1,0,1,0,0,0,1
4760,0,1.369379058123207,0.3436033691154218,1.205870137301376,0,1,1,1,1,0,0,0,0,0,1,0,1,0,1,0,1,0,1,0,0,1,0,1,0,1,0,0,1,0
4761,0,1.6137012404433893,-1.3215172250510334,-0.238606856532884,0,1,1,1,1,0,1,0,1,1,0,1,0,1,0,1,0,1,0,1,0,0,1,0,0,0,0,0,1,2
4762,1,0.0663274190822359,0.1458495260956535,-0.0020445755720306,0,1,0,0,1,0,0,1,0,0,0,0,0,0,0,0,0,0,0,0,0,0,0,0,1,0,0,1,0,1
4763,0,1.0436161483629645,0.8903345821700764,1.4258659996682717,0,0,1,1,1,0,0,1,0,0,0,0,1,0,1,0,0,0,1,0,0,0,0,1,0,1,0,0,1,0
4764,0,-1.2367242199587352,-0.6518130339840859,-0.9623233162273712,1,1,0,0,1,0,0,0,0,0,0,0,0,0,0,0,0,0,0,0,0,0,0,1,0,1,0,0,0,1
4765,0,0.188488510242327,-0.9625690730151508,-0.4247860481880129,0,1,0,0,0,1,0,0,0,0,0,0,0,0,0,0,0,0,1,0,0,0,1,0,1,0,0,1,0,1
4766,0,1.5729808767233588,1.608230886241842,2.520727589646828,0,0,0,0,1,0,1,1,0,0,1,0,1,0,1,0,1,0,1,0,1,0,1,1,1,0,0,0,1,0
4767,0,-1.2774445836787656,-1.4926823160681442,-0.9970223527763662,0,1,1,1,1,0,0,0,1,1,0,1,0,1,0,1,0,1,0,1,0,1,0,0,1,0,0,0,0,2
4768,1,1.5729808767233588,-1.4943441130683104,-0.3932194103611777,0,1,1,1,1,0,0,0,1,1,0,1,0,1,0,1,0,1,0,1,0,0,1,0,1,0,0,0,1,2
4769,0,0.1070477828022663,-1.491020519067978,-0.711952009913898,0,1,1,1,1,0,0,0,1,1,0,1,0,1,0,1,0,1,0,1,0,1,0,0,0,1,0,1,0,2
4770,0,-1.0738427650786138,-1.4976677070686424,-0.964110107047758,0,0,1,1,1,0,0,0,1,1,0,1,0,1,0,1,0,1,0,1,0,1,0,0,0,0,1,0,0,2
4771,0,-1.1960038562387048,0.4865179111297087,-0.8978444326719277,1,0,0,0,1,0,0,1,0,0,0,0,0,0,0,0,0,0,1,0,0,0,0,1,0,1,0,0,0,1
4772,0,1.4915401492832985,-0.1881716709377373,0.8183791798826561,0,0,1,1,1,0,0,0,0,0,0,0,1,0,1,0,1,0,0,0,0,1,0,0,0,0,0,0,1,0
4773,0,0.4735310562825394,-0.359336761954848,0.0422060711649586,1,1,0,0,0,1,0,0,0,0,0,0,1,0,1,0,0,0,1,0,1,1,0,1,0,0,1,1,0,1
4774,0,0.8400143297628127,0.8770402061687477,1.1394721080499617,0,0,1,0,1,0,1,1,0,0,0,0,0,0,0,0,1,0,0,0,1,1,0,1,0,1,0,0,1,0
4775,0,-0.3408762181180675,1.1479131171958254,0.0668902554614146,1,0,1,0,1,0,0,1,0,0,0,0,1,0,1,0,0,0,1,0,1,0,0,1,1,0,0,1,0,1
4776,0,-1.1145631287986442,0.1392023380949889,-0.8507040378180165,0,0,1,0,1,0,0,1,0,0,0,0,0,0,0,0,0,0,0,0,0,0,0,1,0,1,0,0,0,1
4777,0,-1.2367242199587352,-0.4391030179628221,-0.958926207754043,0,0,0,1,1,0,0,0,0,0,0,0,1,0,0,0,0,0,0,0,0,0,0,0,0,0,1,0,0,1
4778,0,1.2064976032430856,-1.341458789053027,-0.3823883697092028,0,1,0,1,1,0,1,0,1,1,0,1,0,1,0,1,0,1,0,1,0,0,1,1,0,0,1,0,1,2
4779,0,-0.5444780367182193,1.0648232671875193,-0.2367759474206357,0,0,1,0,1,0,0,1,0,0,0,0,0,0,1,0,0,0,1,0,1,0,0,1,0,1,0,1,0,1
4780,0,-0.9516816739185228,0.1757618720986434,-0.7157020647221174,0,1,0,0,1,0,0,1,0,0,0,0,0,0,0,0,0,0,0,0,0,0,0,0,0,0,1,0,0,1
4781,0,0.8400143297628127,-1.504314895069307,-0.5423171777067959,0,1,0,0,1,0,0,0,1,1,0,1,0,1,0,1,0,1,0,1,0,0,1,0,1,0,0,0,1,2
4782,0,-1.1145631287986442,0.464914550127549,-0.817681496359755,0,1,0,0,1,0,0,1,0,0,0,0,0,0,0,0,0,0,0,0,1,0,0,0,0,0,1,0,0,1
4783,1,1.5729808767233588,0.1475113230958195,1.1924140582836475,0,0,1,1,1,0,1,0,0,0,1,0,1,0,0,0,0,0,1,0,0,1,0,0,0,1,0,0,1,0
4784,0,-1.2774445836787656,-1.502653098069141,-0.9971547076519502,0,0,0,0,1,0,0,0,1,1,0,1,0,1,0,1,0,1,0,1,0,0,0,1,0,0,1,0,0,2
4785,0,-0.5851984004382496,0.5280628361338618,-0.3652263541751163,1,1,0,0,1,0,1,1,0,0,0,0,1,0,0,0,0,0,0,0,0,0,0,1,0,1,0,1,0,1
4786,0,1.6137012404433893,1.2924894562102784,2.3625635133236917,0,1,0,0,1,0,1,1,0,0,0,0,1,0,1,0,0,0,1,0,1,0,1,1,0,1,0,0,1,0
4787,0,-1.1552834925186746,-0.3344098069523561,-0.9020797886906228,0,0,1,0,1,0,0,0,0,0,1,0,1,0,0,0,0,0,0,0,0,0,0,0,0,0,1,0,0,1
4788,0,1.0843365120829946,-0.3526895739541836,0.3690123181283158,0,1,0,0,1,0,1,0,0,0,0,0,0,0,1,0,0,0,0,0,0,0,1,0,1,0,0,0,1,0
4789,0,-1.2774445836787656,0.2106596091021319,-0.974411728197396,1,0,0,0,1,0,0,1,0,0,0,0,0,0,0,0,0,0,0,0,0,0,0,0,0,0,1,0,0,1
4790,1,-0.055833672077855,0.6676537841478158,0.1560312641673834,0,0,1,0,1,0,1,1,0,0,0,0,0,0,0,0,0,0,0,0,1,0,0,1,0,1,0,1,0,1
4791,0,-1.1960038562387048,-1.4876969250676455,-0.9838751018016674,0,1,1,0,1,0,0,0,1,1,0,1,0,1,0,1,0,1,0,1,0,0,0,0,0,0,0,0,0,2
4792,1,1.3286586944031769,1.3789029002189168,2.073588701631489,1,0,1,0,1,0,1,1,0,0,0,0,1,0,1,0,0,0,1,0,1,1,0,1,0,1,0,0,1,0
4793,0,0.6771328748826912,1.1462513201956597,1.1651930722051609,0,1,1,0,1,0,0,1,0,0,0,0,0,0,1,0,1,0,1,0,1,1,0,1,1,0,0,0,1,0
4794,0,-1.2367242199587352,-1.5093002860698053,-0.9853310054330938,0,1,0,0,1,0,0,0,1,1,0,1,0,1,0,1,0,1,0,1,0,0,0,0,0,0,1,0,0,2
4795,0,0.8400143297628127,-1.461108173064988,-0.5549791274710191,1,0,1,0,1,0,0,0,1,1,0,1,0,1,0,1,0,1,0,1,0,1,0,0,0,0,0,0,1,2
4796,0,0.9214550572028734,0.9966895901807084,1.3219453631887326,0,0,1,0,1,0,0,1,0,0,1,0,0,0,0,0,0,0,1,0,1,1,0,1,0,1,0,0,1,0
4797,0,1.6137012404433893,1.638143232244832,2.6512736152647256,0,1,1,1,1,0,1,1,0,0,1,0,1,0,1,0,1,0,1,0,1,0,1,1,1,0,0,0,1,0
4798,1,0.1477681465222966,0.3369561811147576,0.1675240791972793,0,0,0,0,1,0,1,1,0,0,0,0,0,0,0,0,0,0,0,0,0,0,0,1,0,0,0,1,0,1
4799,0,-0.9109613101984924,-1.4943441130683104,-0.9189770944735408,0,0,1,1,1,0,0,0,1,1,0,1,0,1,0,1,0,1,0,1,0,0,0,1,0,0,0,0,0,2
4800,1,-1.2774445836787656,0.9717626351782166,-0.9643086393611344,1,1,0,0,1,0,1,1,0,0,0,0,0,0,0,0,0,0,1,0,1,0,0,1,0,1,0,0,0,1
4801,0,1.6137012404433893,0.534710024134526,1.5640003714863309,0,0,1,1,1,0,1,0,0,0,1,0,1,0,1,0,1,0,0,0,1,0,1,0,0,0,0,0,1,0
4802,0,-0.1779947632379461,-0.3360716039525224,-0.3362847547140346,0,0,0,0,1,0,0,0,0,0,0,0,1,0,0,0,1,0,0,0,0,0,0,0,0,0,0,1,0,1
4803,0,0.2292088739623573,0.895319973170575,0.5291175992933546,0,1,1,0,1,0,1,1,0,0,1,0,0,0,0,0,0,0,1,0,0,0,0,0,0,0,0,1,0,1
4804,0,1.1657772395230557,1.789366759259949,2.2438411899246504,0,0,0,0,1,0,1,1,0,0,1,0,1,0,1,0,1,0,1,0,1,1,0,1,0,1,0,0,1,0
4805,0,0.7992939660427822,-1.3364733980525287,-0.4185433098896242,0,1,1,1,1,0,1,0,1,1,0,1,0,1,0,1,0,1,0,1,0,0,1,0,0,0,1,0,1,2
4806,0,1.4100994218432374,-1.505976692069473,-0.4781471221943823,0,1,0,0,1,0,0,0,1,1,0,1,0,1,0,1,0,1,0,1,0,1,0,1,0,0,1,0,1,2
4807,0,0.0663274190822359,1.7079387062518092,0.7355250277669376,0,0,0,1,1,0,1,1,0,0,1,0,1,0,1,0,1,0,1,0,1,0,1,1,1,0,0,1,0,0
4808,0,0.880734693482843,0.5264010391336954,0.8912846571836278,0,0,0,0,1,0,0,0,0,0,1,0,0,0,1,0,1,0,1,0,1,0,1,0,0,1,0,0,1,0
4809,0,-1.2774445836787656,-1.477726143066649,-0.9968238204629898,0,0,1,0,1,0,0,0,1,1,0,1,0,1,0,1,0,1,0,1,0,0,0,1,0,0,0,0,0,2
4810,1,-0.7073594915983407,0.8338334841644282,-0.3771162338317649,1,0,0,0,1,0,1,1,0,0,0,0,1,0,0,0,0,0,0,0,1,0,0,0,0,1,0,1,0,1
4811,0,-1.1552834925186746,-0.6235624849812617,-0.920366820667175,1,0,0,0,1,0,0,0,0,0,0,0,0,0,0,0,0,0,0,0,0,0,0,1,0,0,1,0,0,1
4812,0,-0.9516816739185228,0.0494653000860181,-0.7320037735649065,1,0,0,0,1,0,0,0,0,0,0,0,1,0,0,0,1,0,1,0,0,0,0,0,0,0,1,0,0,1
4813,0,0.5549717837226001,1.1645310871974868,0.9315646576530906,0,0,0,1,1,0,0,1,0,0,0,0,1,0,1,0,0,0,1,0,1,0,0,1,0,1,0,1,0,0
4814,0,-0.4223169455581282,0.8388188751649267,-0.1261493305781628,1,0,0,0,1,0,1,1,0,0,0,0,0,0,0,0,1,0,1,0,0,0,0,1,0,1,0,1,0,1
4815,0,0.2292088739623573,0.1890562480999726,0.1402369156810003,1,1,0,0,1,0,0,1,0,0,0,0,0,0,0,0,0,0,0,0,0,1,0,1,0,0,0,1,0,1
4816,0,0.9214550572028734,0.3402797751150897,0.8533208670368887,0,0,1,1,1,0,1,0,0,0,1,0,1,0,0,0,1,0,1,0,0,1,0,1,1,0,0,0,1,0
4817,0,-1.2774445836787656,-1.491020519067978,-0.9970002936304354,0,0,0,0,1,0,0,0,1,1,0,1,0,1,0,1,0,1,0,1,0,0,0,0,0,0,1,0,0,2
4818,1,1.2879383306831464,0.5164302571326987,1.207943697018862,0,1,1,0,1,0,0,1,0,0,1,0,0,0,1,0,0,0,0,0,0,1,0,0,1,0,0,0,1,0
4819,0,0.8400143297628127,-1.4960059100684764,-0.5415009893073599,1,1,0,1,1,0,0,0,1,1,0,1,0,1,0,1,0,1,0,1,0,0,1,0,0,0,0,0,1,2
4820,0,1.0436161483629645,0.6493740171459885,1.1632518673632586,0,0,1,0,1,0,1,0,0,0,1,0,0,0,1,0,1,0,1,0,1,0,1,1,0,1,0,0,1,0
4821,0,0.9621754209229036,-0.3560131679545159,0.3000333688030092,0,1,1,0,0,1,0,0,0,0,0,0,0,0,1,0,1,0,1,0,1,1,0,1,0,0,0,0,1,0
4822,0,1.6137012404433893,1.3340343812144315,2.329364498697984,0,1,1,1,1,0,0,1,0,0,1,0,0,0,1,0,1,0,1,0,1,0,1,1,1,0,0,0,1,0
4823,0,-1.2774445836787656,-0.359336761954848,-0.9819780152516272,1,1,0,0,1,0,0,0,0,0,1,0,0,0,0,0,1,0,0,0,0,0,0,1,0,1,0,0,0,1
4824,1,1.6137012404433893,1.0797794401890146,2.1412220430550226,0,1,1,0,1,0,1,1,0,0,0,0,1,0,0,0,0,0,1,0,1,1,0,1,1,0,0,0,1,0
4825,0,-0.4223169455581282,0.6078290921418354,-0.2119594082485954,0,1,0,0,1,0,1,1,0,0,0,0,0,0,0,0,0,0,0,0,1,0,0,0,0,1,0,1,0,1
4826,1,-0.9924020376385532,1.3539759452164248,-0.6397965435745702,1,0,0,0,1,0,1,1,0,0,0,0,1,0,1,0,0,0,1,0,1,0,0,1,0,1,0,0,0,1
4827,0,-0.6666391278783103,0.5396954151350245,-0.4268816670514297,1,0,0,1,1,0,0,1,0,0,0,0,0,0,0,0,0,0,1,0,0,0,0,1,0,1,0,1,0,1
4828,0,0.2699292376823877,-0.7864185909975417,-0.301188653538287,0,0,0,0,0,1,0,0,0,0,0,0,1,0,1,0,1,0,0,0,0,0,0,0,0,0,0,1,0,1
4829,0,-0.8295205827584317,-0.6567984249845842,-0.7744455703355781,0,0,0,0,1,0,0,0,0,0,0,0,0,0,0,0,0,0,0,0,0,0,0,1,0,0,0,0,0,1
4830,0,0.880734693482843,0.3253236021135945,0.8434163105140033,0,1,1,0,1,0,0,0,0,0,1,0,1,0,0,0,0,0,1,0,1,0,1,1,0,0,0,0,1,0
4831,0,-0.5851984004382496,-0.8163309370005319,-0.6916796548035823,0,0,0,0,0,1,0,0,0,0,1,0,1,0,0,0,1,0,0,0,0,1,0,1,0,0,1,1,0,1
4832,0,-0.0151133083578247,0.1907180451001386,-0.0344053426523711,0,1,1,0,1,0,0,0,0,0,1,0,1,0,0,0,1,0,0,0,1,1,0,0,0,0,1,1,0,1
4833,0,0.3513699651224484,-1.4960059100684764,-0.6497672775352477,0,0,0,0,1,0,0,0,1,1,0,1,0,1,0,1,0,1,0,1,0,1,0,1,0,0,1,1,0,2
4834,0,1.4100994218432374,-1.3331498040521963,-0.2908649732427182,0,1,1,1,1,0,1,0,1,1,0,1,0,1,0,1,0,1,0,1,0,0,1,0,0,0,0,0,1,2
4835,0,1.3286586944031769,1.3124310202122718,1.9999773316607343,0,1,1,0,1,0,1,1,0,0,1,0,0,0,1,0,0,0,1,0,1,0,0,1,0,1,0,0,1,0
4836,0,-0.3001558543980371,0.4516201741262198,-0.1949297475900931,0,0,0,0,1,0,1,0,0,0,1,0,1,0,1,0,1,0,1,0,0,0,0,1,0,0,0,1,0,1
4837,0,-1.2774445836787656,0.1674528870978128,-0.9749852659915944,1,0,1,1,1,0,0,1,0,0,0,0,0,0,0,0,0,0,0,0,0,0,0,1,0,1,0,0,0,1
4838,0,1.4100994218432374,1.4935668932303794,2.234466052904102,0,0,1,0,1,0,1,1,0,0,0,0,1,0,1,0,1,0,1,0,1,1,0,1,1,0,0,0,1,0
4839,1,-1.0331224013585834,0.2987348501109366,-0.7652689656284059,1,1,0,0,1,0,1,1,0,0,0,0,0,0,0,0,0,0,0,0,0,0,0,0,0,0,1,0,0,1
4840,1,0.4328106925625091,-1.0406735320229583,-0.343895160060127,0,0,0,0,0,1,0,0,0,0,1,0,1,0,0,0,0,0,0,0,0,0,0,1,1,0,0,1,0,1
4841,0,-0.3408762181180675,0.9917041991802098,0.0015069469228125,0,0,0,0,1,0,0,1,0,0,1,0,0,0,0,0,0,0,1,0,1,0,0,1,0,1,0,1,0,1
4842,1,-0.9516816739185228,-0.3393951979528547,-0.7878134127695838,1,1,0,0,1,0,1,0,0,0,1,0,0,0,0,0,0,0,0,0,0,0,0,0,0,1,0,0,0,1
4843,0,1.4915401492832985,-1.481049737066981,-0.3984915462386156,0,1,1,1,1,0,0,0,1,1,0,1,0,1,0,1,0,1,0,1,0,0,1,0,0,0,0,0,1,2
4844,0,0.188488510242327,-1.477726143066649,-0.6725102569898018,0,0,0,1,1,0,0,0,1,1,0,1,0,1,0,1,0,1,0,1,0,1,0,0,0,0,0,1,0,2
4845,0,-0.5037576729981889,-0.84291968900319,-0.6416274526868184,0,1,1,1,0,1,0,0,0,0,1,0,0,0,1,0,1,0,0,0,0,0,1,1,1,0,0,1,0,1
4846,0,-1.0331224013585834,0.1458495260956535,-0.7901958005300996,0,1,0,0,1,0,0,1,0,0,0,0,0,0,0,0,0,0,0,0,0,0,0,0,0,0,0,0,0,1
4847,1,0.188488510242327,0.3818247001192428,0.2478634886768979,1,0,0,0,1,0,1,1,0,0,0,0,0,0,0,0,0,0,0,0,0,0,0,1,0,1,0,1,0,1
4848,0,-1.1145631287986442,0.9684390411778844,-0.7909899297836049,1,0,0,0,1,0,1,1,0,0,0,0,0,0,0,0,0,0,1,0,1,0,0,1,0,0,1,0,0,1
4849,0,0.3513699651224484,-0.4457502059634864,-0.0902811592948406,0,1,0,0,0,1,0,0,0,0,0,0,0,0,1,0,0,0,1,0,1,1,0,1,0,1,0,1,0,1
4850,0,0.880734693482843,1.1728400721983174,1.332335220922093,0,0,0,0,1,0,0,1,0,0,1,0,1,0,0,0,0,0,1,0,1,1,0,1,1,0,0,0,1,0
4851,1,-1.1960038562387048,0.1873944510998066,-0.9154696902705592,1,0,0,0,1,0,0,1,0,0,0,0,0,0,0,0,0,0,0,0,0,0,0,1,0,1,0,0,0,1
4852,1,1.4915401492832985,-1.477726143066649,-0.4074034411946194,0,1,0,0,1,0,0,0,1,1,0,1,0,1,0,1,0,1,0,1,0,0,1,0,1,0,0,0,1,2
4853,0,0.8400143297628127,0.9867188081797118,1.218995329130144,0,0,0,0,1,0,0,1,0,0,0,0,1,0,1,0,1,0,0,0,1,1,0,1,1,0,0,0,1,0
4854,0,-0.5851984004382496,-0.6102681089799328,-0.6473628306288011,0,1,1,1,0,1,0,0,0,0,0,0,1,0,1,0,0,0,1,0,0,1,0,0,1,0,0,1,0,1
4855,0,1.2879383306831464,1.305783832211607,1.9084759943401808,0,1,1,0,1,0,0,1,0,0,1,0,1,0,0,0,1,0,1,0,1,0,1,1,1,0,0,0,1,0
4856,0,-0.055833672077855,0.8770402061687477,0.3157615398516,1,0,1,1,1,0,1,1,0,0,0,0,1,0,0,0,0,0,0,0,1,0,0,1,0,1,0,1,0,1
4857,0,-0.5037576729981889,-1.3248408190513656,-0.7825633360380766,0,0,0,0,0,1,0,0,0,0,0,0,0,0,0,0,0,0,0,0,0,0,0,0,1,0,0,1,0,1
4858,0,1.002895784642934,-0.1715537009360761,0.5425075008732909,0,1,1,1,1,0,0,0,0,0,1,0,1,0,0,0,1,0,0,0,0,1,0,0,0,0,1,0,1,0
4859,1,1.247217966963116,1.4536837652263923,2.0789270149467187,0,1,1,0,1,0,1,1,0,0,1,0,1,0,1,0,0,0,1,0,1,0,1,0,1,0,0,0,1,0
4860,0,-0.7888002190384014,-0.8046983579993692,-0.7453274977070509,0,1,1,1,0,1,0,0,0,0,1,0,1,0,0,0,1,0,0,0,0,0,1,0,0,0,1,1,0,1
4861,1,0.6364125111626608,-0.1931570619382357,0.2249881543467592,0,0,1,0,1,0,0,0,0,0,0,0,1,0,0,0,0,0,0,0,1,1,0,1,0,0,0,1,0,1
4862,0,-1.2367242199587352,0.2056742181016338,-0.944918650088047,1,0,0,0,1,0,0,1,0,0,0,0,0,0,0,0,0,0,0,0,0,0,0,1,0,1,0,0,0,1
4863,0,1.002895784642934,-1.462769970065154,-0.5102652386694851,0,1,1,1,1,0,0,0,1,1,0,1,0,1,0,1,0,1,0,1,0,0,1,0,0,0,1,0,1,2
4864,0,1.5729808767233588,1.608230886241842,2.5030582137563355,0,1,1,0,1,0,1,1,0,0,0,0,1,0,1,0,1,0,1,0,1,1,0,1,0,0,0,0,1,0
4865,0,-1.0331224013585834,-0.5305018529719588,-0.8514540487796605,0,0,1,1,1,0,1,0,0,0,0,0,0,0,0,0,0,0,0,0,0,0,0,0,0,1,0,0,0,1
4866,0,-0.6666391278783103,-0.0568897079246137,-0.5350156004037333,0,0,0,0,1,0,1,0,0,0,0,0,0,0,0,0,0,0,0,0,1,0,0,1,0,0,0,1,0,1
4867,0,0.0663274190822359,1.1994288242009752,0.5504046751164825,0,1,1,0,1,0,1,1,0,0,0,0,0,0,1,0,0,0,1,0,1,0,0,0,0,1,0,1,0,0
4868,0,0.188488510242327,1.15456030519649,0.6539503061151998,1,0,1,0,1,0,1,1,0,0,0,0,0,0,1,0,0,0,1,0,1,0,0,1,0,1,0,1,0,0
4869,0,-0.6666391278783103,0.5247392421335293,-0.4547864866537683,0,1,0,0,1,0,1,1,0,0,0,0,1,0,0,0,0,0,0,0,0,0,0,1,0,0,1,1,0,1
4870,0,0.6364125111626608,-0.0120211889201281,0.3333647383043006,0,1,0,1,1,0,1,0,0,0,1,0,1,0,1,0,0,0,0,0,0,1,0,1,0,0,0,1,0,1
4871,0,1.0436161483629645,0.3469269631157543,0.8916596626644498,0,1,1,1,1,0,0,0,0,0,0,0,1,0,0,0,1,0,1,0,1,1,0,1,1,0,0,0,1,0
4872,0,1.6137012404433893,0.6693155811479823,1.6701269225589406,0,0,1,0,1,0,1,0,0,0,1,0,0,0,1,0,1,0,1,0,1,0,1,1,0,0,0,0,1,0
4873,0,-1.0331224013585834,-1.5109620830699717,-0.9418303696577486,0,0,0,0,1,0,0,0,1,1,0,1,0,1,0,1,0,1,0,1,0,0,0,0,0,0,1,0,0,2
4874,0,0.2292088739623573,0.6360796411446599,0.4208292519195359,1,0,0,0,1,0,0,1,0,0,1,0,1,0,1,0,0,0,0,0,0,0,0,1,1,0,0,1,0,1
4875,1,0.6364125111626608,1.7511454282561283,1.3937699423390997,1,0,1,0,1,0,1,1,0,0,1,0,1,0,1,0,1,0,1,0,1,0,0,0,0,1,0,1,0,0
4876,0,-0.9109613101984924,1.3174164112127704,-0.528662566375691,1,1,0,0,1,0,0,1,0,0,1,0,1,0,1,0,0,0,1,0,1,0,0,1,0,1,0,0,0,1
4877,0,-0.0965540357978854,0.328647196113927,0.01273505220154,0,0,0,0,1,0,0,0,0,0,1,0,1,0,1,0,1,0,1,0,0,1,0,0,1,0,0,1,0,1
4878,0,-0.055833672077855,-0.1898334679379036,-0.1751206345443223,0,1,1,0,1,0,1,0,0,0,0,0,0,0,0,0,0,0,1,0,0,0,0,1,1,0,0,1,0,1
4879,1,0.5549717837226001,0.144187729095487,0.4304249803993915,0,0,0,0,1,0,1,0,0,0,0,0,0,0,1,0,1,0,0,0,1,1,0,1,1,0,0,1,0,0
4880,0,0.7178532386027215,-1.4694171580658184,-0.5347508906525649,0,1,1,0,1,0,0,0,1,1,0,1,0,1,0,1,0,1,0,1,0,0,1,0,0,0,1,0,1,2
4881,0,-0.1779947632379461,0.3917954821202394,-0.0945606336053968,0,1,1,0,1,0,0,1,0,0,0,0,0,0,0,0,1,0,0,0,0,0,0,0,0,0,0,1,0,1
4882,0,1.369379058123207,-0.075169474926441,0.8191291908442999,0,0,0,0,0,1,0,0,0,0,1,0,1,0,1,0,1,0,1,0,1,0,1,1,0,0,0,0,1,0
4883,1,-0.9924020376385532,-1.1752790890364146,-0.9078813440703972,1,1,0,0,0,1,0,0,0,0,0,0,0,0,1,0,0,0,0,0,0,0,0,1,0,1,0,0,0,1
4884,0,0.3513699651224484,1.001674981181207,0.6918920371160081,0,0,1,1,1,0,0,1,0,0,0,0,0,0,1,0,0,0,1,0,1,0,0,1,0,0,0,1,0,0
4885,1,1.6137012404433893,1.5583769762368582,2.533764544891873,0,1,1,0,1,0,1,1,0,0,0,0,1,0,1,0,1,0,1,0,1,0,1,1,0,0,0,0,1,0
4886,0,-1.0331224013585834,-1.491020519067978,-0.9293890113528324,0,0,0,0,1,0,0,0,1,1,0,1,0,1,0,1,0,1,0,1,0,1,0,0,0,0,1,0,0,2
4887,0,0.2292088739623573,-1.4727407520661506,-0.6611056785436287,0,0,1,1,1,0,0,0,1,1,0,1,0,1,0,1,0,1,0,1,0,0,0,0,0,0,1,1,0,2
4888,0,0.4735310562825394,1.3722557122182522,0.9843080755734004,0,1,0,0,1,0,0,1,0,0,1,0,1,0,1,0,0,0,1,0,1,1,0,1,0,1,0,1,0,0
4889,0,0.5956921474426305,1.6182016682428386,1.3403426908949383,0,1,1,1,1,0,1,1,0,0,1,0,1,0,1,0,1,0,1,0,1,1,0,1,0,0,0,1,0,0
4890,0,0.8400143297628127,0.9235705221733987,1.1028318666590646,0,1,1,1,1,0,0,1,0,0,0,0,1,0,0,0,1,0,1,0,0,0,0,1,0,1,0,0,1,0
4891,0,-1.1552834925186746,0.0278619390838584,-0.8954399857654812,0,1,1,0,1,0,1,0,0,0,0,0,0,0,1,0,0,0,1,0,0,0,0,0,0,1,0,0,0,1
4892,1,-0.5037576729981889,0.6510358141461546,-0.2358274041456155,0,1,0,0,1,0,1,1,0,0,0,0,0,0,0,0,0,0,1,0,0,0,0,1,0,1,0,1,0,1
4893,0,-1.2367242199587352,-0.6684310039857471,-0.9727352331066628,1,1,0,0,1,0,0,0,0,0,0,0,0,0,0,0,0,0,0,0,0,0,0,0,0,0,1,0,0,1
4894,1,1.002895784642934,0.2106596091021319,0.8207615676431722,0,1,1,0,1,0,1,0,0,0,0,0,1,0,1,0,0,0,1,0,0,1,0,1,1,0,0,0,1,0
4895,1,0.4735310562825394,0.677624566148813,0.6135820690620143,0,0,1,0,1,0,0,1,0,0,1,0,1,0,0,0,1,0,0,0,0,0,0,1,0,1,0,1,0,0
4896,0,-0.3408762181180675,-0.5005895069689685,-0.4905664213533678,0,1,0,0,1,0,0,0,0,0,0,0,0,0,1,0,0,0,0,0,0,0,0,1,0,0,1,1,0,1
4897,0,-0.7073594915983407,-1.1486903370337564,-0.7985782759837665,0,1,1,1,0,1,0,0,0,0,1,0,0,0,0,0,0,0,0,0,0,0,0,1,0,0,0,1,0,1
4898,0,-1.1960038562387048,-1.3132082400502028,-0.9797941598044876,1,0,0,0,0,1,0,0,0,0,0,0,0,0,0,0,0,0,0,0,0,0,0,0,0,1,0,0,0,1
4899,0,-1.1552834925186746,0.641065032145158,-0.8586232712071388,1,0,0,1,1,0,1,1,0,0,0,0,1,0,1,0,0,0,0,0,0,0,0,0,0,0,0,0,0,1
4900,1,0.188488510242327,0.6959043331506402,0.3932773786520886,1,1,1,0,1,0,1,1,0,0,0,0,0,0,0,0,0,0,1,0,0,0,0,1,0,1,0,1,0,1
4901,0,-1.2774445836787656,0.3303089931140931,-0.9728234696903856,1,0,0,0,1,0,0,1,0,0,0,0,1,0,0,0,0,0,0,0,0,0,0,1,0,1,0,0,0,1
4902,0,-0.3408762181180675,-0.2795705059468741,-0.3964179865211296,0,0,0,0,1,0,0,0,0,0,1,0,0,0,0,0,1,0,0,0,0,0,0,0,1,0,0,1,0,1
4903,0,-1.1145631287986442,0.8654076271675846,-0.8048210142821554,1,0,0,0,1,0,1,1,0,0,0,0,1,0,0,0,0,0,1,0,0,0,0,1,0,1,0,0,0,1
4904,0,0.0256070553622056,1.422109622223236,0.6025524960966631,0,0,0,0,1,0,1,1,0,0,0,0,1,0,1,0,0,0,1,0,1,0,0,0,0,1,0,1,0,0
4905,0,1.0436161483629645,-1.4926823160681442,-0.4945150084749636,0,0,1,1,1,0,0,0,1,1,0,1,0,1,0,1,0,1,0,1,0,0,1,1,0,0,1,0,1,2
4906,0,1.6137012404433893,1.034910921184529,2.062272359769038,0,0,1,1,1,0,1,1,0,0,1,0,1,0,0,0,0,0,1,0,0,0,1,1,0,0,0,0,1,0
4907,0,1.5729808767233588,-1.3597385560548545,-0.2680778754963026,0,0,1,0,1,0,1,0,1,1,0,1,0,1,0,1,0,1,0,1,0,0,1,0,0,0,1,0,1,2
4908,1,-0.1779947632379461,1.3755793062185846,0.3850493172199365,1,0,0,0,1,0,1,1,0,0,0,0,1,0,1,0,0,0,1,0,1,0,0,1,0,1,0,1,0,1
4909,0,0.758573602322752,0.6344178441444933,0.8944391150517185,0,1,1,0,1,0,0,0,0,0,1,0,1,0,1,0,1,0,1,0,1,0,1,1,1,0,0,0,1,0
4910,0,-0.0965540357978854,0.684271754149477,0.1105894235501362,1,0,0,0,1,0,0,0,0,0,1,0,1,0,1,0,1,0,1,0,1,1,0,0,0,0,0,1,0,1
4911,1,1.6137012404433893,0.6659919871476498,1.703811238395123,0,1,1,0,1,0,0,1,0,0,1,0,1,0,0,0,1,0,0,0,0,0,1,1,1,0,0,0,1,0
4912,1,0.1477681465222966,0.8670694241677506,0.4001377730365369,1,1,0,0,1,0,1,1,0,0,1,0,0,0,0,0,0,0,1,0,0,0,0,1,0,1,0,1,0,1
4913,0,-0.748079855318371,0.3768393091187442,-0.5404200911567555,0,1,0,1,1,0,0,0,0,0,1,0,1,0,1,0,1,0,0,0,1,0,1,0,0,0,0,1,0,1
4914,0,1.6137012404433893,0.3253236021135945,1.3901301832605335,0,0,1,1,1,0,1,0,0,0,1,0,1,0,0,0,1,0,1,0,0,0,1,0,0,0,1,0,1,0
4915,0,-0.4223169455581282,-0.8495668770038544,-0.6308184711807742,0,0,1,1,0,1,0,0,0,0,0,0,1,0,0,0,0,0,1,0,0,0,0,0,0,1,0,1,0,1
4916,0,-1.2367242199587352,0.4915033021302069,-0.938830325811173,0,0,0,0,1,0,1,1,0,0,0,0,1,0,0,0,0,0,0,0,0,0,0,0,0,1,0,0,0,1
4917,0,-0.7073594915983407,-1.5009913010689746,-0.8736896678778086,0,0,0,0,1,0,0,0,1,1,0,1,0,1,0,1,0,1,0,1,0,0,0,0,0,0,1,1,0,2
4918,0,0.758573602322752,-1.502653098069141,-0.5263242969070365,0,1,1,1,1,0,0,0,1,1,0,1,0,1,0,1,0,1,0,1,0,0,1,0,1,0,0,0,1,2
4919,0,1.5322605130033284,-0.8512286740040206,0.1822154703871272,0,1,1,0,0,1,0,0,0,0,1,0,0,0,1,0,1,0,0,0,0,0,1,1,1,0,0,0,1,0
4920,0,1.5729808767233588,-1.4843733310673135,-0.3927120500047716,0,0,1,1,1,0,0,0,1,1,0,1,0,1,0,1,0,1,0,1,0,0,1,0,0,0,0,0,1,2
4921,0,0.2699292376823877,1.1695164781979852,0.6563326938757157,0,0,1,1,1,0,1,1,0,0,0,0,0,0,0,0,1,0,1,0,1,0,0,1,1,0,0,1,0,0
4922,0,1.1657772395230557,-0.1649065129354117,0.6007877644222068,0,0,1,1,1,0,1,0,0,0,1,0,1,0,0,0,0,0,0,0,0,0,0,0,0,1,0,0,1,0
4923,0,0.7992939660427822,-0.4989277099688025,0.1128615155809986,0,0,0,0,1,0,0,0,0,0,1,0,0,0,0,0,0,0,0,0,0,0,0,1,0,0,0,0,1,1
4924,0,-1.2774445836787656,-0.9642308700153168,-0.9900075443704028,1,0,0,0,0,1,0,0,0,0,0,0,0,0,0,0,0,0,1,0,0,0,0,1,0,1,0,0,0,1
4925,0,1.2879383306831464,1.4536837652263923,2.0299336518346287,0,1,1,0,1,0,1,1,0,0,1,0,0,0,1,0,1,0,1,0,1,1,0,1,0,0,1,0,1,0
4926,0,1.2064976032430856,-0.1532739339342488,0.6500678964313961,0,1,1,0,1,0,0,0,0,0,0,0,1,0,1,0,1,0,0,0,0,0,1,1,1,0,0,0,1,0
4927,0,-0.0965540357978854,-1.519271068070802,-0.7245036639484677,0,1,1,0,1,0,0,0,1,1,0,1,0,1,0,1,0,1,0,1,0,0,1,0,0,0,1,1,0,2
4928,1,-1.1552834925186746,-0.6235624849812617,-0.9256610156905436,1,0,1,1,1,0,0,0,0,0,0,0,0,0,0,0,0,0,0,0,0,0,0,0,0,1,0,0,0,1
4929,1,1.247217966963116,0.6394032351449919,1.3455265901886535,0,1,1,0,1,0,0,0,0,0,1,0,1,0,1,0,1,0,1,0,1,1,0,1,0,0,0,0,1,0
4930,0,-1.2774445836787656,-0.6717545979860794,-0.986125134686599,0,0,0,0,1,0,0,0,0,0,0,0,0,0,0,0,0,0,0,0,0,0,0,1,1,0,0,0,0,1
4931,0,-0.7073594915983407,1.285842268209614,-0.3264463756289413,0,1,1,0,1,0,1,1,0,0,0,0,0,0,1,0,1,0,1,0,1,0,0,1,0,1,0,1,0,1
4932,0,-0.2187151269579764,0.5280628361338618,-0.0308758793034587,0,1,1,1,1,0,0,1,0,0,1,0,1,0,0,0,0,0,0,0,0,1,0,1,1,0,0,1,0,1
4933,0,-1.1552834925186746,-0.25131995694405,-0.9070651556709616,0,0,0,1,0,1,0,0,0,0,1,0,1,0,1,0,0,0,1,0,1,0,0,1,0,0,1,0,0,1
4934,0,1.6137012404433893,1.5284646302338678,2.414137796509673,0,0,1,0,1,0,1,1,0,0,1,0,1,0,1,0,0,0,1,0,1,0,1,1,0,1,0,0,1,0
4935,1,0.5142514200025698,-1.33148800705203,-0.4876766732364458,0,1,1,0,1,0,1,0,1,1,0,1,0,1,0,1,0,1,0,1,0,1,0,0,1,0,0,1,0,2
4936,1,0.5142514200025698,1.07313225218835,0.9288293235576836,0,0,0,0,1,0,1,1,0,0,1,0,1,0,0,0,1,0,1,0,0,0,0,1,0,1,0,1,0,0
4937,0,0.1477681465222966,0.3851482941195749,0.1440972662188732,0,0,0,0,1,0,0,0,0,0,1,0,1,0,1,0,1,0,1,0,0,1,0,1,0,0,1,1,0,1
4938,0,-0.62591876415828,0.8188773111629334,-0.3266007896504562,1,1,1,1,1,0,0,1,0,0,1,0,0,0,1,0,0,0,1,0,0,0,0,1,0,1,0,1,0,1
4939,0,-1.2774445836787656,-1.5242564590713006,-0.9974414765490496,0,1,0,0,1,0,0,0,1,1,0,1,0,1,0,1,0,1,0,1,0,0,0,0,0,0,1,0,0,2
4940,1,-0.6666391278783103,0.3220000081132624,-0.4492937593170235,0,1,0,0,1,0,1,1,0,0,0,0,0,0,0,0,0,0,0,0,0,0,0,1,0,0,0,1,0,1
4941,0,-1.1960038562387048,-1.4943441130683104,-0.980125046993448,1,1,0,0,1,0,0,0,1,1,0,1,0,1,0,1,0,1,0,1,0,0,0,1,0,0,1,0,0,2
4942,0,-1.1552834925186746,-0.4607063789649817,-0.9062489672715256,1,1,1,1,1,0,1,0,0,0,0,0,0,0,0,0,0,0,0,0,0,0,0,1,0,1,0,0,0,1
4943,0,1.5729808767233588,0.6526976111463211,1.6277733623719917,0,0,1,0,1,0,0,0,0,0,1,0,1,0,1,0,1,0,1,0,1,0,1,1,1,0,0,0,1,0
4944,0,-0.9109613101984924,-1.341458789053027,-0.8937634906747478,0,1,1,1,1,0,1,0,1,1,0,1,0,1,0,1,0,1,0,1,0,0,0,1,0,0,1,0,0,2
4945,0,-0.5037576729981889,-1.4860351280674795,-0.8293066662652352,0,1,1,1,1,0,0,0,1,1,0,1,0,1,0,1,0,1,0,1,0,0,1,0,0,0,1,1,0,2
4946,0,-1.1552834925186746,0.5396954151350245,-0.8554026359012562,1,1,0,0,1,0,0,1,0,0,0,0,0,0,0,0,0,0,1,0,0,0,0,1,0,1,0,0,0,1
4947,0,-0.2594354906780068,1.116338974192669,0.1039275614790641,1,1,0,0,1,0,1,1,0,0,0,0,0,0,1,0,0,0,1,0,1,0,0,1,0,1,0,1,0,1
4948,0,-1.1552834925186746,-0.3078210549496983,-0.9054768971639507,0,0,0,0,1,0,0,0,0,0,0,0,0,0,0,0,0,0,1,0,0,0,0,0,1,0,0,0,0,1
4949,0,-1.1145631287986442,-0.4573827849646494,-0.8707999197608866,1,1,0,0,0,1,0,0,0,0,0,0,1,0,0,0,0,0,1,0,1,0,0,1,0,0,1,0,0,1
4950,0,-1.1552834925186746,0.893658176170409,-0.8445715952492813,1,0,1,0,1,0,1,1,0,0,0,0,1,0,0,0,0,0,1,0,0,0,0,1,0,1,0,0,0,1
4951,1,-0.1372743995179157,0.6493740171459885,0.0344191926514205,0,1,1,0,1,0,1,1,0,0,0,0,0,0,0,0,0,0,0,0,1,0,0,1,0,1,0,1,0,1
4952,0,-1.2367242199587352,1.177825463198816,-0.9182050243659662,0,1,0,0,1,0,0,1,0,0,1,0,1,0,0,0,0,0,1,0,1,0,0,0,0,1,0,0,0,1
4953,0,-0.1372743995179157,-1.5076384890696393,-0.761254201069018,0,0,0,0,1,0,0,0,1,1,0,1,0,1,0,1,0,1,0,1,0,0,1,0,0,0,1,1,0,2
4954,0,-1.2774445836787656,0.8670694241677506,-0.9656983655547686,1,1,0,1,1,0,0,1,0,0,0,0,0,0,0,0,0,0,1,0,1,0,0,1,0,1,0,0,0,1
4955,0,-1.2774445836787656,0.1541585110964841,-0.97516173915904,1,1,0,0,1,0,0,1,0,0,0,0,0,0,0,0,0,0,0,0,0,0,0,0,0,0,1,0,0,1
4956,1,-0.9924020376385532,0.9867188081797118,-0.6780029843265468,1,0,0,0,1,0,0,1,0,0,0,0,0,0,1,0,0,0,1,0,1,0,0,1,1,0,0,0,0,1
4957,0,-0.7888002190384014,-1.4744025490663168,-0.8947561522416294,0,1,0,0,1,0,0,0,1,1,0,1,0,1,0,1,0,1,0,1,0,0,0,1,0,1,0,1,0,2
4958,0,1.0843365120829946,0.9966895901807084,1.46380773066908,0,0,1,0,1,0,1,1,0,0,1,0,1,0,0,0,0,0,1,0,0,0,0,1,0,1,0,0,1,0
4959,0,-1.2774445836787656,-1.4827115340671475,-0.996889997900782,1,0,1,1,1,0,0,0,1,1,0,1,0,1,0,1,0,1,0,1,0,0,0,1,1,0,0,0,0,2
4960,1,0.7178532386027215,1.0282637331838649,1.119265930377438,1,1,0,0,1,0,1,1,0,0,0,0,0,0,0,0,0,0,1,0,1,0,0,1,0,1,0,0,1,0
4961,0,-0.5851984004382496,-0.6784017859867437,-0.6669292930693342,0,1,1,0,1,0,0,0,0,0,0,0,0,0,0,0,0,0,0,0,0,0,0,1,0,0,0,1,0,1
4962,0,-0.62591876415828,0.3253236021135945,-0.4693896412598934,0,0,1,1,1,0,0,0,0,0,1,0,1,0,0,0,0,0,1,0,1,0,0,0,0,0,1,1,0,1
4963,0,0.5956921474426305,0.2937494591104381,0.548353174544927,0,1,1,0,1,0,0,0,0,0,0,0,1,0,1,0,0,0,1,0,1,0,1,0,0,1,0,1,0,0
4964,0,-0.2594354906780068,0.3386179781149237,-0.1962312372000045,1,0,0,0,1,0,1,1,0,0,0,0,0,0,0,0,0,0,0,0,0,0,0,1,0,0,0,1,0,1
4965,0,-1.0738427650786138,-0.5587524019747828,-0.8711749252417085,1,0,0,0,0,1,0,0,0,0,0,0,0,0,1,0,0,0,1,0,1,0,0,1,0,1,0,0,0,1
4966,0,-0.5444780367182193,-0.4872951309676395,-0.6041048454586935,0,1,1,1,1,0,1,0,0,0,0,0,0,0,0,0,0,0,0,0,0,0,0,0,1,0,0,1,0,1
4967,0,-1.1960038562387048,-0.0386099409227862,-0.937109712428578,1,0,0,0,1,0,1,0,0,0,0,0,0,0,0,0,1,0,1,0,0,0,0,1,0,1,0,0,0,1
4968,1,1.4508197855632678,-0.3909109049580044,0.6072952124717641,0,0,1,1,0,1,0,0,0,0,0,0,1,0,1,0,0,0,1,0,1,0,1,1,0,1,0,0,1,0
4969,0,-1.2367242199587352,-1.4926823160681442,-0.9828383219429244,0,0,1,0,1,0,0,0,1,1,0,1,0,1,0,1,0,1,0,1,0,0,0,0,0,0,0,0,0,2
4970,0,-1.0331224013585834,-1.343120586053193,-0.9392273904379256,0,1,0,0,0,1,0,0,0,0,0,0,0,0,0,0,0,0,0,0,0,1,0,1,1,0,0,0,0,1
4971,0,-0.5851984004382496,-1.502653098069141,-0.8340493826403362,0,0,0,0,1,0,0,0,1,1,0,1,0,1,0,1,0,1,0,1,0,0,0,1,0,0,1,1,0,2
4972,0,1.5729808767233588,-1.3198554280508674,-0.1791353991037101,0,0,1,0,1,0,1,0,1,1,0,1,0,1,0,1,0,1,0,1,0,0,1,0,1,0,0,0,1,2
4973,1,-0.7888002190384014,0.965115447177552,-0.4494481733385383,0,1,1,0,1,0,1,1,0,0,1,0,1,0,0,0,0,0,0,0,1,0,0,0,1,0,0,1,0,1
4974,0,-1.1960038562387048,-0.9276713360116622,-0.957823250457508,1,1,0,0,0,1,0,0,0,0,0,0,1,0,0,0,1,0,0,0,0,0,0,1,0,0,1,0,0,1
4975,0,1.6137012404433893,1.2958130502106109,2.2352381230116767,0,1,1,0,1,0,1,1,0,0,0,0,1,0,1,0,0,0,1,0,1,0,1,1,0,0,0,0,1,0
4976,0,1.369379058123207,-0.2662761299455452,0.6303029016774868,0,1,1,1,0,1,0,0,0,0,0,0,1,0,1,0,0,0,1,0,1,0,1,1,1,0,0,0,1,0
4977,0,-0.3408762181180675,-1.461108173064988,-0.7985782759837665,0,1,1,1,1,0,0,0,1,1,0,1,0,1,0,1,0,1,0,1,0,1,0,1,1,0,0,1,0,2
4978,0,-1.2774445836787656,-0.6867107709875744,-0.9863236669999754,1,0,0,0,1,0,0,0,0,0,0,0,0,0,0,0,0,0,0,0,0,0,0,1,0,1,0,0,0,1
4979,0,0.9621754209229036,-1.3397969920528607,-0.3943664859495743,0,0,1,1,1,0,1,0,1,1,0,1,0,1,0,1,0,1,0,1,0,0,1,1,0,0,1,0,1,2
4980,1,-0.4223169455581282,-1.30157566104904,-0.7636586479754646,0,0,1,0,1,0,1,0,1,1,0,1,0,1,0,1,0,1,0,1,0,1,0,0,0,0,0,1,0,2
4981,0,-0.748079855318371,-0.46569176996548,-0.6913267084686912,1,1,0,0,0,1,0,0,0,0,0,0,0,0,1,0,0,0,1,0,1,0,0,1,0,1,0,1,0,1
4982,1,1.1657772395230557,1.3174164112127704,1.8199967600121327,1,0,1,0,1,0,1,1,0,0,0,0,1,0,1,0,0,0,1,0,1,1,0,1,1,0,0,0,1,0
4983,1,0.3106496014024181,-0.8462432830035223,-0.28338692277221,1,0,1,0,0,1,0,0,0,0,0,0,1,0,0,0,0,0,1,0,0,0,0,1,0,1,0,1,0,1
4984,0,0.3920903288424788,-0.1698919039359101,0.1133026984996127,0,0,0,0,1,0,0,0,0,0,1,0,1,0,1,0,0,0,0,0,0,0,0,0,0,0,0,1,0,1
4985,0,1.6137012404433893,0.6161380771426661,1.6601561885982627,0,0,1,1,1,0,1,0,0,0,1,0,0,0,1,0,1,0,1,0,1,0,1,1,0,0,0,0,1,0
4986,0,-0.8295205827584317,0.4915033021302069,-0.5830163019489419,0,0,0,0,1,0,1,1,0,0,0,0,0,0,0,0,1,0,0,0,0,0,0,1,1,0,0,0,0,1
4987,0,1.5729808767233588,-1.3397969920528607,-0.2422466156114499,0,1,1,0,1,0,1,0,1,1,0,1,0,1,0,1,0,1,0,1,0,0,1,0,0,0,0,0,1,2
4988,0,-0.2594354906780068,-1.5142856770703037,-0.8030121643158379,0,0,1,0,1,0,0,0,1,1,0,1,0,1,0,1,0,1,0,1,0,1,0,0,0,0,1,1,0,2
4989,0,-1.0331224013585834,-1.1619847130350858,-0.9166829432967478,0,0,0,1,0,1,0,0,0,0,1,0,0,0,0,0,0,0,0,0,0,0,0,0,0,0,1,0,0,1
4990,0,-1.0738427650786138,-0.640180454982923,-0.8799544653221281,0,0,1,1,1,0,0,0,0,0,0,0,0,0,0,0,0,0,0,0,0,0,0,0,0,0,1,0,0,1
4991,0,1.0436161483629645,1.3855500882195813,1.7056642066533023,1,0,0,0,1,0,0,1,0,0,1,0,1,0,1,0,0,0,1,0,1,1,0,1,0,1,0,0,1,0
4992,0,0.758573602322752,-1.153675728034255,-0.3310126188365967,0,1,1,0,0,1,0,0,0,0,0,0,1,0,0,0,0,0,0,0,0,0,0,1,1,0,0,0,1,1
4993,0,1.6137012404433893,0.0295237360840249,1.0521178901643795,0,1,1,1,0,1,0,0,0,0,1,0,1,0,1,0,1,0,1,0,1,0,1,1,0,0,0,0,1,0
4994,0,-0.5851984004382496,1.0398963121850275,-0.2378127272793787,1,0,0,0,1,0,0,1,0,0,1,0,0,0,0,0,0,0,1,0,1,0,0,1,0,1,0,1,0,1
4995,0,-1.0331224013585834,0.3436033691154218,-0.7618277388632162,1,0,0,0,1,0,1,1,0,0,0,0,0,0,0,0,0,0,0,0,0,0,0,1,0,0,0,0,0,1
4996,0,0.5956921474426305,0.3087056321119333,0.5367280046394469,0,0,0,0,1,0,1,0,0,0,1,0,1,0,0,0,1,0,0,0,1,0,1,0,0,0,1,1,0,0
4997,1,-1.2367242199587352,-0.6667692069855808,-0.9644409942367188,1,1,0,0,1,0,0,0,0,0,0,0,0,0,0,0,0,0,0,0,0,0,0,1,0,1,0,0,0,1
4998,1,1.2064976032430856,1.5284646302338678,2.1060377052955523,0,1,0,0,1,0,1,1,0,0,0,0,1,0,1,0,1,0,1,0,1,1,0,1,0,0,0,0,1,0
4999,0,-0.6666391278783103,-1.4976677070686424,-0.8727411246027884,0,0,1,1,1,0,0,0,1,1,0,1,0,1,0,1,0,1,0,1,0,0,1,0,0,0,1,1,0,2
5000,0,-1.0738427650786138,-0.5072366949696331,-0.8678219350602416,0,1,0,0,1,0,0,0,0,0,0,0,0,0,0,0,1,0,0,0,0,0,0,1,1,0,0,0,0,1
5001,0,-0.5444780367182193,-0.3244390249513595,-0.544081909381252,1,1,0,0,1,0,0,0,0,0,0,0,0,0,1,0,1,0,0,0,0,0,0,1,1,0,0,1,0,1
5002,0,1.4915401492832985,-0.6916961619880726,0.3001657236785933,0,0,1,1,0,1,0,0,0,0,1,0,0,0,1,0,0,0,0,0,1,0,1,1,1,0,0,0,1,0
5003,0,-0.8702409464784621,0.3186764141129299,-0.6377450430030148,1,1,1,1,1,0,1,1,0,0,0,0,0,0,0,0,0,0,0,0,0,0,0,1,0,1,0,0,0,1
5004,0,1.2879383306831464,1.541759006235197,2.0619414725800778,0,0,1,0,1,0,1,1,0,0,0,0,1,0,1,0,1,0,1,0,1,0,0,1,0,1,0,0,1,0
5005,0,0.2699292376823877,1.327387193213767,0.8184453573204484,1,0,1,0,1,0,0,1,0,0,1,0,0,0,1,0,1,0,1,0,1,1,0,1,1,0,0,1,0,0
5006,0,-0.7073594915983407,-0.3011738669490337,-0.6088034435419332,1,0,0,0,1,0,1,0,0,0,1,0,0,0,0,0,0,0,0,0,0,0,0,1,0,0,1,1,0,1
5007,0,-0.3001558543980371,-1.4677553610656522,-0.7668792832813471,0,1,0,0,1,0,0,0,1,1,0,1,0,1,0,1,0,1,0,1,0,0,0,0,0,0,1,1,0,2
5008,0,-1.0738427650786138,-1.4993295040688086,-0.9542276096708032,0,0,0,0,1,0,0,0,1,1,0,1,0,1,0,1,0,1,0,1,0,0,1,0,1,0,0,0,0,2
5009,0,1.369379058123207,1.696306127250646,2.498161083359719,0,1,1,0,1,0,1,1,0,0,1,0,1,0,1,0,1,0,1,0,1,1,0,0,0,0,0,0,1,0
5010,0,1.1657772395230557,0.7939503561604415,1.3418647719641568,0,0,0,0,1,0,1,0,0,0,0,0,1,0,1,0,1,0,1,0,1,0,1,0,1,0,0,0,1,0
5011,1,0.4328106925625091,0.9883806051798778,0.8281293223840267,0,0,1,0,1,0,1,1,0,0,1,0,1,0,0,0,0,0,1,0,0,0,0,1,0,1,0,1,0,0
5012,0,-0.8295205827584317,-1.4843733310673135,-0.9071313331087536,0,0,0,0,1,0,0,0,1,1,0,1,0,1,0,1,0,1,0,1,0,0,0,0,0,0,1,0,0,2
5013,1,-0.3815965818380978,-1.0007904040189717,-0.6667528199018885,0,1,0,0,0,1,0,0,0,0,0,0,0,0,0,0,0,0,0,0,1,0,0,1,0,0,0,1,0,1
5014,1,1.5729808767233588,-0.4141760629603302,0.6552959140169727,0,1,1,0,0,1,0,0,0,0,0,0,1,0,1,0,0,0,1,0,1,0,0,1,0,0,0,0,1,0
5015,0,0.0663274190822359,0.0079203750818651,-0.0539276868010428,0,0,0,0,1,0,1,0,0,0,0,0,0,0,0,0,1,0,1,0,0,0,0,0,0,0,1,1,0,1
5016,0,-1.1145631287986442,-1.4926823160681442,-0.9581100193546068,1,0,0,0,1,0,0,0,1,1,0,1,0,1,0,1,0,1,0,1,0,0,0,0,1,0,0,0,0,2
5017,0,0.3513699651224484,-0.9742016520163136,-0.3918076250216127,0,0,1,0,0,1,0,0,0,0,0,0,1,0,0,0,1,0,0,0,0,1,0,0,0,0,1,1,0,1
5018,0,1.6137012404433893,-1.4976677070686424,-0.3970356426071893,0,0,1,1,1,0,0,0,1,1,0,1,0,1,0,1,0,1,0,1,0,0,1,0,1,0,0,0,1,2
5019,1,-0.748079855318371,1.0249401391835322,-0.4440216234395856,0,1,0,0,1,0,1,1,0,0,0,0,0,0,0,0,0,0,1,0,1,0,0,1,0,1,0,1,0,1
5020,0,0.3513699651224484,-1.4926823160681442,-0.6482231373200984,0,0,0,0,1,0,0,0,1,1,0,1,0,1,0,1,0,1,0,1,0,0,1,1,0,0,1,1,0,2
5021,0,-0.3815965818380978,0.5679459641378485,-0.2068637455386032,0,0,1,1,1,0,1,1,0,0,1,0,0,0,0,0,0,0,0,0,0,1,0,0,1,0,0,1,0,1
5022,0,1.5729808767233588,1.48027251722905,2.427880644424502,0,1,1,1,1,0,0,1,0,0,1,0,1,0,1,0,1,0,1,0,1,0,1,0,1,0,0,0,1,0
5023,0,-1.2774445836787656,0.184070857099474,-0.9747646745322872,1,0,0,0,1,0,0,1,0,0,0,0,0,0,0,0,0,0,0,0,0,0,0,1,0,1,0,0,0,1
5024,0,1.6137012404433893,-1.3082228490497043,-0.2129300106695464,0,1,1,0,1,0,1,0,1,1,0,1,0,1,0,1,0,1,0,1,0,0,1,0,0,0,1,0,1,2
5025,0,-1.0738427650786138,0.1674528870978128,-0.8390788679125364,0,1,1,1,1,0,0,1,0,0,0,0,0,0,0,0,0,0,0,0,0,0,0,1,0,1,0,0,0,1
5026,0,-0.3815965818380978,-1.4876969250676455,-0.8093210800520187,0,1,1,1,1,0,0,0,1,1,0,1,0,1,0,1,0,1,0,1,0,1,0,1,1,0,0,1,0,2
5027,1,-0.9109613101984924,0.6909189421501416,-0.6300022827813382,1,1,1,0,1,0,1,1,0,0,0,0,0,0,0,0,0,0,0,0,1,0,0,0,0,1,0,0,0,1
5028,0,1.6137012404433893,1.5002140812310438,2.3578869743863824,0,0,0,0,1,0,0,1,0,0,1,0,1,0,1,0,1,0,1,0,1,0,1,1,0,1,0,0,1,0
5029,0,-1.0331224013585834,-0.4806479429669752,-0.849115779311006,0,0,1,0,1,0,0,0,0,0,1,0,0,0,0,0,0,0,0,0,0,0,0,1,0,0,0,0,0,1
5030,0,-1.0738427650786138,0.9883806051798778,-0.7519011231944002,1,1,0,1,1,0,0,1,0,0,0,0,0,0,1,0,0,0,1,0,1,0,0,0,0,0,1,0,0,1
5031,0,-0.9516816739185228,1.221032185203135,-0.6056931039657041,0,1,1,1,1,0,0,1,0,0,0,0,1,0,0,0,1,0,1,0,1,0,0,1,0,1,0,0,0,1
5032,0,-0.8295205827584317,0.8105683261621028,-0.5392068381305668,0,0,0,0,1,0,1,1,0,0,0,0,1,0,0,0,0,0,0,0,1,0,0,1,0,1,0,0,0,1
5033,0,-1.2774445836787656,-1.5076384890696393,-0.9972208850897424,0,0,0,0,1,0,0,0,1,1,0,1,0,1,0,1,0,1,0,1,0,0,0,1,0,0,1,0,0,2
5034,1,0.6364125111626608,-1.158661119034753,-0.3930870554855935,0,0,1,1,0,1,0,0,0,0,0,0,1,0,0,0,0,0,0,0,0,1,0,0,0,0,0,1,0,1
5035,0,-0.5037576729981889,0.466576347127715,-0.2816663093896153,0,1,0,0,1,0,0,1,0,0,0,0,0,0,0,0,0,0,1,0,0,0,0,0,0,1,0,1,0,1
5036,1,-0.6666391278783103,0.684271754149477,-0.3990871431787446,1,0,1,0,1,0,1,1,0,0,0,0,0,0,0,0,0,0,0,0,1,0,0,1,1,0,0,1,0,1
5037,0,-1.2367242199587352,0.4948268961305394,-0.9384112020384896,1,0,0,0,1,0,0,1,0,0,0,0,0,0,0,0,0,0,1,0,0,0,0,1,0,0,1,0,0,1
5038,0,-0.9109613101984924,-1.5109620830699717,-0.9240727571835332,0,0,0,0,1,0,0,0,1,1,0,1,0,1,0,1,0,1,0,1,0,1,0,1,0,0,1,0,0,2
5039,1,-1.2367242199587352,0.4931650991303729,-0.9197271054351844,1,0,0,0,1,0,0,1,0,0,0,0,0,0,0,0,0,0,0,0,1,0,0,1,0,1,0,0,0,1
5040,0,-0.5037576729981889,1.0648232671875193,-0.1998709962785704,0,1,1,1,1,0,1,1,0,0,0,0,1,0,0,0,1,0,1,0,0,0,0,0,0,0,1,1,0,1
5041,0,-0.5037576729981889,-1.4660935640654862,-0.8215859651894892,0,1,1,0,1,0,0,0,1,1,0,1,0,1,0,1,0,1,0,1,0,1,0,0,0,0,1,1,0,2
5042,0,-0.5444780367182193,-1.4943441130683104,-0.8537923182483149,0,1,1,1,1,0,0,0,1,1,0,1,0,1,0,1,0,1,0,1,0,1,0,0,0,0,1,1,0,2
5043,1,-0.5444780367182193,0.85876043916692,-0.2734161888115325,1,1,0,0,1,0,1,1,0,0,1,0,0,0,0,0,0,0,1,0,0,0,0,1,0,1,0,1,0,1
5044,0,-0.4223169455581282,1.3240635992134344,-0.0437584205269889,0,1,1,0,1,0,0,1,0,0,1,0,1,0,0,0,1,0,1,0,1,0,0,1,0,1,0,1,0,1
5045,0,0.1070477828022663,0.5081212721318681,0.2453708051867284,0,0,0,0,1,0,1,1,0,0,0,0,0,0,0,0,1,0,0,0,0,0,0,0,1,0,0,1,0,1
5046,0,-1.2774445836787656,-0.6518130339840859,-0.9858604249354308,0,0,0,0,1,0,0,0,0,0,0,0,0,0,0,0,0,0,0,0,0,0,0,0,0,0,1,0,0,1
5047,0,0.2699292376823877,0.2787932861089434,0.1990245395863224,0,1,0,0,1,0,1,1,0,0,0,0,0,0,0,0,0,0,0,0,0,0,0,1,1,0,0,1,0,1
5048,1,0.880734693482843,1.141265929195161,1.3929758130855945,0,0,1,0,1,0,0,1,0,0,0,0,0,0,1,0,1,0,1,0,1,1,0,1,0,1,0,0,1,0
5049,0,-1.2774445836787656,-1.481049737066981,-0.9968679387548512,1,0,0,0,1,0,0,0,1,1,0,1,0,1,0,1,0,1,0,1,0,0,0,1,0,0,0,0,0,2
5050,0,1.369379058123207,1.3722557122182522,2.0742725351553406,1,1,1,0,1,0,1,1,0,0,1,0,0,0,1,0,0,0,1,0,1,0,1,1,1,0,0,0,1,0
5051,0,0.9621754209229036,1.3489905542159264,1.550632529052325,0,1,0,0,1,0,1,1,0,0,1,0,0,0,0,0,1,0,1,0,1,0,0,1,0,0,1,0,1,0
5052,0,-0.5851984004382496,-0.6351950639824246,-0.6761279569224371,0,1,0,1,1,0,0,0,0,0,0,0,0,0,0,0,0,0,0,0,0,0,0,1,1,0,0,1,0,1
5053,0,-0.6666391278783103,0.5047976781315361,-0.4463819520541707,0,0,1,1,1,0,1,1,0,0,0,0,1,0,0,0,0,0,0,0,0,0,0,1,1,0,0,1,0,1
5054,0,1.4508197855632678,-0.3427187919531868,0.6155453330498467,0,0,0,0,1,0,0,0,0,0,1,0,0,0,1,0,0,0,0,0,0,1,0,1,1,0,0,0,1,0
5055,1,0.8400143297628127,-1.3181936310507012,-0.4430069027267733,0,0,1,0,1,0,1,0,1,1,0,1,0,1,0,1,0,1,0,1,0,0,1,0,1,0,0,0,1,2
5056,0,1.6137012404433893,0.6626683931473177,1.5945081703084922,0,0,1,1,1,0,1,0,0,0,1,0,0,0,1,0,1,0,1,0,1,0,1,0,1,0,0,0,1,0
5057,0,-0.9516816739185228,0.3685303241179136,-0.6860766317371839,0,1,0,0,1,0,1,1,0,0,0,0,0,0,0,0,0,0,0,0,0,0,0,1,0,1,0,0,0,1
5058,0,-0.0965540357978854,-0.5305018529719588,-0.3277919835307142,0,0,0,0,1,0,0,0,0,0,1,0,0,0,0,0,0,0,0,0,0,0,0,1,0,0,1,1,0,1
5059,0,0.1477681465222966,1.1429277261953277,0.5893611268301029,1,0,0,0,1,0,1,1,0,0,0,0,1,0,0,0,0,0,1,0,1,0,0,1,0,1,0,1,0,1
5060,0,-0.5851984004382496,-0.9825106370171444,-0.7378494472365427,0,0,0,0,0,1,0,0,0,0,0,0,0,0,1,0,1,0,0,0,0,0,0,1,0,1,0,1,0,1
5061,1,0.9214550572028734,0.3818247001192428,0.8271366608171451,0,0,1,1,1,0,1,0,0,0,1,0,0,0,1,0,1,0,1,0,0,1,0,0,0,1,0,0,1,0
5062,0,0.2699292376823877,-0.2945266789483693,-0.0420819254362556,1,0,1,0,0,1,0,0,0,0,1,0,0,0,1,0,0,0,1,0,1,0,0,0,0,1,0,1,0,1
5063,0,-0.4630373092781585,0.5845639341395097,-0.1883340629568131,1,1,0,0,1,0,1,1,0,0,0,0,1,0,0,0,0,0,0,0,0,0,0,1,0,1,0,1,0,1
5064,0,-1.2367242199587352,-0.8096837489998675,-0.971742571539781,1,1,0,0,0,1,0,0,0,0,0,0,1,0,1,0,1,0,0,0,0,0,0,1,1,0,0,0,0,1
5065,1,0.0256070553622056,-1.3248408190513656,-0.6317449553098637,0,1,0,0,1,0,1,0,1,1,0,1,0,1,0,1,0,1,0,1,0,1,0,1,0,0,0,1,0,2
5066,0,0.4735310562825394,-0.3477041829536853,0.0488458740900999,0,1,1,0,0,1,0,0,0,0,0,0,1,0,1,0,0,0,1,0,1,0,1,0,0,0,0,1,0,1
5067,0,-0.0965540357978854,0.0511270970861842,-0.1571644897567304,0,0,1,1,1,0,0,0,0,0,1,0,0,0,0,0,1,0,0,0,1,0,0,0,0,0,0,1,0,1
5068,0,1.5729808767233588,-1.4577845790646555,-0.347005499636356,0,0,1,0,1,0,0,0,1,1,0,1,0,1,0,1,0,1,0,1,0,0,1,1,0,0,0,0,1,2
5069,0,-1.1552834925186746,0.3519123541162524,-0.8566158889274449,1,0,0,0,1,0,1,1,0,0,0,0,0,0,0,0,0,0,0,0,0,0,0,0,0,1,0,0,0,1
5070,0,0.1070477828022663,0.677624566148813,0.3312691194408839,1,1,0,1,1,0,0,1,0,0,0,0,0,0,1,0,0,0,1,0,0,1,0,1,0,1,0,1,0,1
5071,0,-1.2774445836787656,0.3519123541162524,-0.9725367007932864,0,1,1,0,1,0,0,1,0,0,0,0,0,0,1,0,0,0,0,0,0,0,0,0,1,0,0,0,0,1
5072,1,-0.3815965818380978,1.3190782082129364,-0.0418613339769486,0,1,1,0,1,0,1,1,0,0,0,0,1,0,1,0,0,0,1,0,1,0,0,1,0,1,0,1,0,1
5073,0,-0.4223169455581282,-0.5088984919697991,-0.5507437714523241,0,0,0,1,0,1,0,0,0,0,0,0,0,0,1,0,0,0,1,0,1,1,0,1,1,0,0,1,0,1
5074,0,0.6771328748826912,-1.505976692069473,-0.5993180107917311,0,0,0,1,1,0,0,0,1,1,0,1,0,1,0,1,0,1,0,1,0,1,0,0,1,0,0,0,1,2
5075,0,0.3920903288424788,0.9102761461720702,0.7039804490860331,0,0,1,1,1,0,0,1,0,0,0,0,0,0,1,0,0,0,1,0,1,0,0,1,0,1,0,1,0,0
5076,0,0.0256070553622056,0.965115447177552,0.3726961954987431,1,0,1,1,1,0,0,1,0,0,0,0,0,0,1,0,0,0,1,0,1,1,0,1,0,1,0,1,0,1
5077,0,-1.0331224013585834,-1.4926823160681442,-0.9421833159926396,0,0,1,1,1,0,0,0,1,1,0,1,0,1,0,1,0,1,0,1,0,0,1,0,0,0,1,0,0,2
5078,0,1.4100994218432374,1.179487260198982,1.9452927088985232,0,0,1,1,1,0,1,1,0,0,1,0,0,0,1,0,1,0,0,0,1,1,0,1,0,0,0,0,1,0
5079,0,-0.7073594915983407,1.0282637331838649,-0.3655793005100076,0,1,0,0,1,0,1,1,0,0,0,0,1,0,0,0,1,0,0,0,1,0,0,0,0,1,0,1,0,1
5080,0,1.4100994218432374,0.9435120861753926,1.803761228607136,0,1,1,0,1,0,1,1,0,0,0,0,1,0,1,0,0,0,0,0,1,0,1,1,0,1,0,0,1,0
5081,0,0.8400143297628127,0.1641292930974807,0.6396559795521046,0,1,1,1,1,0,0,0,0,0,1,0,1,0,0,0,1,0,1,0,0,0,1,1,0,0,1,0,1,0
5082,0,-0.4630373092781585,-1.4943441130683104,-0.8513216939040763,0,1,1,1,1,0,0,0,1,1,0,1,0,1,0,1,0,1,0,1,0,1,0,0,0,0,1,1,0,2
5083,0,0.3106496014024181,0.2189685941029625,0.2503561721670671,0,0,1,1,1,0,0,0,0,0,1,0,1,0,0,0,1,0,0,0,1,0,0,1,0,0,1,1,0,1
5084,0,-0.4223169455581282,-1.462769970065154,-0.8062107404757897,0,0,1,1,1,0,0,0,1,1,0,1,0,1,0,1,0,1,0,1,0,1,0,0,0,0,0,1,0,2
5085,0,0.2699292376823877,-0.803036560999203,-0.3464319618421578,0,1,0,0,0,1,0,0,0,0,0,0,0,0,0,0,1,0,0,0,1,0,0,1,0,1,0,1,0,1
5086,0,0.5142514200025698,-1.4744025490663168,-0.5952811870864125,1,1,0,0,1,0,0,0,1,1,0,1,0,1,0,1,0,1,0,1,0,1,0,1,0,1,0,1,0,2
5087,0,-1.2367242199587352,-1.4760643460664828,-0.9873163285668572,0,0,1,0,1,0,0,0,1,1,0,1,0,1,0,1,0,1,0,1,0,0,0,0,0,0,1,0,0,2
5088,0,1.002895784642934,-1.4960059100684764,-0.4445731020878531,0,0,1,1,1,0,0,0,1,1,0,1,0,1,0,1,0,1,0,1,0,0,1,0,0,0,0,0,1,2
5089,0,-0.9924020376385532,-0.344380588953353,-0.79617382907732,0,1,1,1,1,0,0,0,0,0,0,0,0,0,0,0,0,0,1,0,0,0,0,1,0,1,0,0,0,1
5090,1,-1.0331224013585834,0.9950277931805424,-0.7088196111917382,1,1,1,0,1,0,1,1,0,0,1,0,1,0,0,0,0,0,0,0,1,0,0,1,1,0,0,0,0,1
5091,0,-1.0738427650786138,-1.1387195550327598,-0.9137049585961028,1,1,0,0,0,1,0,0,0,0,0,0,1,0,0,0,0,0,0,0,0,0,0,1,1,0,0,0,0,1
5092,0,-1.0331224013585834,-1.4727407520661506,-0.939271508729787,0,0,1,1,1,0,0,0,1,1,0,1,0,1,0,1,0,1,0,1,0,0,0,0,0,0,1,0,0,2
5093,0,0.6771328748826912,0.0461417060856861,0.4055643229354899,0,1,0,0,1,0,1,0,0,0,0,0,0,0,0,0,1,0,1,0,0,0,1,1,0,0,0,0,1,0
5094,0,1.3286586944031769,0.8338334841644282,1.5727799115667502,0,0,0,0,1,0,1,1,0,0,1,0,1,0,0,0,1,0,0,0,0,1,0,1,0,1,0,0,1,0
5095,0,0.9214550572028734,-0.6551366279844181,0.0806772216681036,0,0,0,0,1,0,0,0,0,0,0,0,0,0,0,0,0,0,0,0,0,1,0,0,0,0,0,0,1,1
5096,0,1.5729808767233588,0.7341256641544608,1.7577017319038293,0,1,1,1,1,0,1,0,0,0,1,0,1,0,1,0,1,0,1,0,1,0,1,0,0,0,0,0,1,0
5097,0,0.1070477828022663,1.0631614701873533,0.4957421115002016,0,1,0,0,1,0,1,1,0,0,1,0,1,0,1,0,1,0,0,0,0,0,0,1,0,0,1,1,0,1
5098,1,-1.1960038562387048,0.4067516551217346,-0.9008885948103648,1,1,0,0,1,0,1,1,0,0,0,0,0,0,0,0,0,0,0,0,0,0,0,1,0,1,0,0,0,1
5099,0,-0.8702409464784621,-1.4843733310673135,-0.9081239946756352,1,0,0,1,1,0,0,0,1,1,0,1,0,1,0,1,0,1,0,1,0,0,0,0,1,0,0,0,0,2
5100,0,-1.2774445836787656,0.3502505571160864,-0.972558759939217,1,0,0,0,1,0,0,1,0,0,0,0,0,0,1,0,0,0,0,0,0,0,0,0,0,1,0,0,0,1
5101,0,-0.62591876415828,1.392197276220246,-0.2680778754963026,0,1,0,0,1,0,1,1,0,0,1,0,1,0,1,0,1,0,1,0,0,0,0,1,0,0,0,1,0,1
5102,0,1.6137012404433893,1.5085230662318745,2.471270984470193,0,0,1,0,1,0,1,1,0,0,1,0,0,0,1,0,1,0,1,0,1,0,1,1,1,0,0,0,1,0
5103,0,-0.1779947632379461,0.6011819041411709,0.0181174838086315,0,0,1,1,1,0,0,1,0,0,1,0,0,0,0,0,0,0,0,0,1,1,0,1,0,0,0,1,0,1
5104,0,-0.5851984004382496,-1.4843733310673135,-0.8423215623643496,0,0,1,0,1,0,0,0,1,1,0,1,0,1,0,1,0,1,0,1,0,0,1,0,0,0,1,1,0,2
5105,1,0.3106496014024181,1.1445895231954937,0.7863934182831375,1,0,1,0,1,0,0,1,0,0,0,0,1,0,0,0,1,0,1,0,1,1,0,1,1,0,0,1,0,0
5106,0,0.7992939660427822,-0.1765390919365744,0.3370486156747279,0,0,0,0,1,0,0,0,0,0,0,0,0,0,1,0,0,0,0,0,1,0,0,1,0,1,0,0,1,0
5107,0,0.5956921474426305,-0.2047896409393986,0.1957377268426478,0,0,1,0,1,0,0,0,0,0,0,0,1,0,0,0,0,0,1,0,0,0,0,1,0,0,0,1,0,1
5108,0,-0.3815965818380978,-0.5005895069689685,-0.5287508029594138,0,0,0,0,1,0,0,0,0,0,0,0,0,0,1,0,0,0,0,0,0,0,0,0,1,0,0,1,0,1
5109,0,1.369379058123207,0.036170924084689,0.8017686429968373,0,1,1,1,1,0,0,0,0,0,1,0,1,0,1,0,1,0,0,0,0,0,1,0,0,0,1,0,1,0
5110,0,-0.9924020376385532,0.290425865110106,-0.7268639925630528,0,0,0,0,1,0,1,1,0,0,0,0,0,0,0,0,0,0,0,0,0,0,0,1,0,1,0,0,0,1
5111,1,0.5956921474426305,0.6892571451499756,0.777613878202718,1,1,0,0,1,0,0,1,0,0,1,0,0,0,0,0,0,0,0,0,1,0,0,0,0,0,1,1,0,1
5112,0,-1.0331224013585834,-1.4860351280674795,-0.933050829577329,1,0,0,0,1,0,0,0,1,1,0,1,0,1,0,1,0,1,0,1,0,0,0,0,0,0,1,0,0,2
5113,0,1.5729808767233588,1.624848856243503,2.5972728260263658,0,0,1,1,1,0,1,1,0,0,1,0,1,0,1,0,1,0,1,0,1,0,1,0,1,0,0,0,1,0
5114,1,0.7178532386027215,0.6194616711429987,0.809114338591761,0,0,0,0,1,0,1,1,0,0,1,0,1,0,0,0,0,0,0,0,0,0,0,1,0,1,0,0,1,0
5115,0,0.5549717837226001,0.0295237360840249,0.3385706967439464,0,1,1,0,1,0,0,0,0,0,1,0,1,0,1,0,1,0,0,0,0,0,1,0,0,0,1,1,0,0
5116,0,-1.2774445836787656,0.1873944510998066,-0.974720556240426,1,1,0,0,1,0,0,1,0,0,0,0,0,0,0,0,0,0,0,0,0,0,0,0,0,1,0,0,0,1
5117,0,1.369379058123207,-0.1133908059302618,0.8442766172053007,0,0,0,0,0,1,0,0,0,0,1,0,0,0,1,0,1,0,1,0,1,0,1,1,0,0,0,0,1,0
5118,0,0.3920903288424788,0.7025515211513048,0.6397221569898968,0,0,1,0,1,0,1,1,0,0,0,0,0,0,1,0,1,0,0,0,0,0,0,1,1,0,0,1,0,0
5119,0,-1.1145631287986442,0.3618831361172495,-0.8295493168704728,0,0,0,0,1,0,0,1,0,0,0,0,0,0,0,0,1,0,0,0,0,0,0,1,0,0,1,0,0,1
5120,0,-1.0331224013585834,-0.4989277099688025,-0.8596159327740204,1,1,1,1,1,0,0,0,0,0,1,0,0,0,0,0,0,0,0,0,0,1,0,1,0,1,0,0,0,1
5121,0,-0.1372743995179157,0.2040124211014678,-0.139031871801693,0,1,0,0,1,0,1,0,0,0,0,0,1,0,1,0,0,0,0,0,1,1,0,0,1,0,0,1,0,1
5122,0,-0.2187151269579764,-0.4956041159684701,-0.4162932770046925,0,0,1,1,1,0,0,0,0,0,0,0,1,0,0,0,0,0,0,0,0,0,0,0,0,0,1,1,0,1
5123,1,-0.7073594915983407,0.3502505571160864,-0.4995444937471637,1,0,0,0,1,0,0,1,0,0,0,0,1,0,0,0,0,0,0,0,0,0,0,1,1,0,0,1,0,1
5124,0,-0.3001558543980371,-1.4843733310673135,-0.7913428761184962,0,0,1,1,1,0,0,0,1,1,0,1,0,1,0,1,0,1,0,1,0,0,1,0,0,0,1,1,0,2
5125,0,-0.8702409464784621,0.9717626351782166,-0.5297875828181567,1,0,1,0,1,0,1,1,0,0,0,0,0,0,0,0,0,0,1,0,1,0,0,1,0,1,0,0,0,1
5126,0,1.002895784642934,1.272547892208285,1.6085598462663495,0,1,1,0,1,0,1,1,0,0,1,0,1,0,1,0,1,0,1,0,0,0,0,1,0,1,0,0,1,0
5127,0,1.4100994218432374,1.7810577742591185,2.4372778405909807,1,1,0,0,1,0,1,1,0,0,1,0,1,0,1,0,1,0,1,0,1,1,0,1,0,0,0,0,1,0
5128,1,0.5956921474426305,1.1612074931971548,1.0886037175337615,0,0,1,0,1,0,1,1,0,0,0,0,0,0,1,0,0,0,1,0,1,0,0,0,0,1,0,1,0,0
5129,0,-0.7888002190384014,0.5696077611380149,-0.5518467287488593,0,0,0,0,1,0,0,1,0,0,0,0,0,0,0,0,0,0,1,0,0,0,0,1,0,0,1,1,0,1
5130,0,-0.9924020376385532,-1.140381352032926,-0.9058739617907036,1,1,0,0,0,1,0,0,0,0,1,0,0,0,0,0,0,0,0,0,0,0,0,1,0,1,0,0,0,1
5131,0,0.4735310562825394,1.0415581091851935,0.9195865414127192,1,0,1,0,1,0,1,1,0,0,0,0,0,0,0,0,0,0,1,0,1,0,0,1,0,1,0,1,0,0
5132,0,1.5729808767233588,0.0478035030858521,1.064493071031504,0,1,1,1,1,0,1,0,0,0,1,0,0,0,0,0,0,0,1,0,0,1,0,1,0,1,0,0,1,0
5133,1,-0.3408762181180675,1.3124310202122718,0.0680152719038805,1,1,1,0,1,0,1,1,0,0,0,0,1,0,1,0,0,0,1,0,1,0,0,1,0,1,0,1,0,1
5134,1,-0.7073594915983407,0.5131066631323666,-0.468749926027903,1,1,0,0,1,0,1,1,0,0,0,0,1,0,0,0,0,0,0,0,0,0,0,1,0,1,0,1,0,1
5135,0,-1.2774445836787656,-1.4960059100684764,-0.9970664710682277,0,0,0,0,1,0,0,0,1,1,0,1,0,1,0,1,0,1,0,1,0,0,0,0,0,1,0,0,0,2
5136,1,-1.2367242199587352,0.2605135191071156,-0.9377053093687072,0,1,0,0,1,0,1,1,0,0,0,0,0,0,0,0,0,0,0,0,0,0,0,1,0,0,1,0,0,1
5137,1,0.9214550572028734,1.719571285252972,1.810092203489248,0,1,0,0,1,0,1,1,0,0,1,0,1,0,1,0,1,0,1,0,1,0,0,1,0,1,0,0,1,0
5138,1,1.5729808767233588,1.397182667220744,2.3574457914677684,0,1,0,0,1,0,1,1,0,0,0,0,1,0,0,0,1,0,1,0,1,0,1,1,0,1,0,0,1,0
5139,0,0.7178532386027215,-1.3231790220511994,-0.449249641025162,0,1,1,1,1,0,1,0,1,1,0,1,0,1,0,1,0,1,0,1,0,0,1,0,0,0,1,0,1,2
5140,0,-1.2774445836787656,0.8138919201624348,-0.9664042582245512,0,1,0,0,1,0,0,1,0,0,0,0,0,0,0,0,0,0,1,0,1,0,0,1,0,1,0,0,0,1
5141,0,-1.1145631287986442,-1.5126238800701377,-0.967816043564116,0,1,0,0,1,0,0,0,1,1,0,1,0,1,0,1,0,1,0,1,0,0,0,1,0,0,1,0,0,2
5142,0,1.369379058123207,1.3224018022132684,1.9850212307197184,0,0,0,0,1,0,1,1,0,0,1,0,1,0,1,0,1,0,1,0,0,1,0,1,0,0,0,0,1,0
5143,0,0.6771328748826912,0.7457582431556239,0.9111599476671908,0,0,1,1,1,0,0,0,0,0,1,0,1,0,1,0,1,0,1,0,1,1,0,1,0,0,1,0,1,0
5144,1,-1.1960038562387048,-1.1304105700319294,-0.9692278289036812,0,0,1,0,0,1,0,0,0,0,0,0,1,0,0,0,0,0,0,0,0,0,0,1,0,1,0,0,0,1
5145,0,1.369379058123207,-1.2982520670487077,-0.2493496606011362,0,1,1,1,1,0,1,0,1,1,0,1,0,1,0,1,0,1,0,1,0,1,0,1,1,0,0,0,1,2
5146,0,-0.8702409464784621,0.7125223031523015,-0.6117152508047858,0,1,0,1,1,0,1,1,0,0,0,0,0,0,0,0,0,0,0,0,1,0,0,0,0,1,0,0,0,1
5147,0,-0.1779947632379461,-1.152013931034089,-0.6480466641526529,0,1,0,0,0,1,0,0,0,0,0,0,0,0,0,0,1,0,0,0,0,0,0,1,1,0,0,1,0,1
5148,0,1.3286586944031769,1.1495749141959914,1.794650801337756,0,1,1,0,1,0,1,1,0,0,1,0,1,0,1,0,0,0,1,0,0,0,1,1,0,1,0,0,1,0
5149,0,1.2064976032430856,-1.5142856770703037,-0.5100446472101781,0,0,0,0,1,0,0,0,1,1,0,1,0,1,0,1,0,1,0,1,0,0,1,1,1,0,0,0,1,2
5150,0,-1.2367242199587352,-1.4843733310673135,-0.9867427907726588,0,0,1,0,1,0,0,0,1,1,0,1,0,1,0,1,0,1,0,1,0,0,0,0,0,0,0,0,0,2
5151,0,-1.2367242199587352,-1.4760643460664828,-0.990294313267502,0,0,0,0,1,0,0,0,1,1,0,1,0,1,0,1,0,1,0,1,0,0,0,0,1,0,0,0,0,2
5152,0,0.9214550572028734,-1.299913864048874,-0.3934179426745541,0,0,1,1,1,0,1,0,1,1,0,1,0,1,0,1,0,1,0,1,0,0,1,1,1,0,0,0,1,2
5153,1,0.3513699651224484,0.9900424021800438,0.6934141181852265,0,1,1,0,1,0,0,1,0,0,0,0,1,0,0,0,0,0,1,0,1,0,0,1,0,1,0,1,0,0
5154,0,-0.62591876415828,1.3107692232121058,-0.2365774151072594,1,0,1,1,1,0,1,1,0,0,1,0,0,0,1,0,0,0,1,0,1,0,0,1,0,1,0,1,0,1
5155,0,-0.0965540357978854,0.9850570111795456,0.1581048238848693,0,0,0,0,1,0,0,1,0,0,0,0,0,0,0,0,1,0,1,0,1,1,0,1,0,0,0,1,0,1
5156,0,-0.62591876415828,-0.2878794909477047,-0.5880016689292806,0,1,0,0,1,0,0,0,0,0,1,0,1,0,0,0,0,0,0,0,0,1,0,0,0,0,1,1,0,1
5157,0,-0.6666391278783103,0.1159371800926631,-0.5139270568939818,0,0,1,1,1,0,0,0,0,0,1,0,1,0,0,0,1,0,0,0,1,0,1,0,0,0,0,1,0,1
5158,0,1.6137012404433893,-1.329826210051864,-0.2215330775825203,0,1,0,0,1,0,1,0,1,1,0,1,0,1,0,1,0,1,0,1,0,0,1,0,0,0,0,0,1,2
5159,0,-0.9516816739185228,0.3818247001192428,-0.7036357118980231,0,1,0,0,1,0,1,1,0,0,0,0,0,0,0,0,0,0,0,0,0,0,0,1,0,1,0,0,0,1
5160,0,-1.2774445836787656,0.3186764141129299,-0.9729778837119004,0,0,0,0,1,0,0,1,0,0,0,0,1,0,0,0,0,0,0,0,0,0,0,0,0,1,0,0,0,1
5161,0,-0.3815965818380978,-0.3526895739541836,-0.4267493121758455,0,1,0,1,1,0,0,0,0,0,0,0,1,0,0,0,1,0,0,0,0,0,0,0,0,1,0,1,0,1
5162,0,-0.9924020376385532,-1.505976692069473,-0.9355435130674984,0,1,0,1,1,0,0,0,1,1,0,1,0,1,0,1,0,1,0,1,0,0,0,0,0,0,0,0,0,2
5163,0,-0.5444780367182193,-0.9908196220179748,-0.7365700167725618,0,1,1,1,0,1,0,0,0,0,1,0,1,0,0,0,0,0,0,0,0,0,0,1,0,0,1,1,0,1
5164,0,-1.0331224013585834,-0.3693075439558449,-0.8273875205692641,0,0,0,0,1,0,1,0,0,0,1,0,0,0,0,0,0,0,0,0,0,0,0,1,0,1,0,0,0,1
5165,1,-1.2774445836787656,0.1624674960973147,-0.9750514434293864,1,1,0,0,1,0,0,1,0,0,0,0,0,0,0,0,0,0,0,0,0,0,0,1,0,1,0,0,0,1
5166,0,1.1657772395230557,1.304122035211441,1.8016656097437191,0,1,0,0,1,0,1,1,0,0,1,0,0,0,1,0,0,0,1,0,1,1,0,0,0,1,0,0,1,0
5167,0,1.002895784642934,0.1857326540996401,0.8139452915505848,0,0,1,0,1,0,0,0,0,0,1,0,1,0,0,0,1,0,1,0,0,0,1,1,1,0,0,0,1,0
5168,0,-0.9516816739185228,0.53304822713436,-0.6911722944471762,1,1,0,0,1,0,0,1,0,0,0,0,0,0,0,0,0,0,0,0,1,0,0,1,0,1,0,0,0,1
5169,0,-0.7073594915983407,0.0029349840813665,-0.5863251738385473,0,1,0,1,1,0,0,0,0,0,1,0,0,0,1,0,0,0,0,0,1,1,0,0,0,0,1,1,0,1
5170,0,-1.2774445836787656,-1.4993295040688086,-0.9971105893600888,0,0,0,0,1,0,0,0,1,1,0,1,0,1,0,1,0,1,0,1,0,0,0,0,0,0,1,0,0,2
5171,0,-0.8295205827584317,-0.626886078981594,-0.7825633360380766,0,0,1,0,1,0,0,0,0,0,0,0,0,0,0,0,0,0,0,0,0,0,0,0,0,0,0,0,0,1
5172,0,0.880734693482843,-1.4876969250676455,-0.4985738913262127,0,1,0,0,1,0,0,0,1,1,0,1,0,1,0,1,0,1,0,1,0,0,1,0,0,0,1,0,1,2
5173,0,-1.1552834925186746,-0.6634456129852487,-0.9309331515679816,0,1,1,1,1,0,0,0,0,0,0,0,0,0,0,0,0,0,0,0,0,0,0,0,0,1,0,0,0,1
5174,0,-1.0331224013585834,0.5164302571326987,-0.7734087904768351,1,0,0,0,1,0,0,1,0,0,0,0,0,0,0,0,0,0,1,0,0,0,0,1,0,0,1,0,0,1
5175,0,-0.5037576729981889,-1.4760643460664828,-0.8323287692577414,0,0,1,0,1,0,0,0,1,1,0,1,0,1,0,1,0,1,0,1,0,1,0,0,0,0,1,1,0,2
5176,0,-0.2594354906780068,-0.6302096729819263,-0.49974302606054,0,0,0,1,0,1,0,0,0,0,1,0,0,0,0,0,1,0,0,0,1,0,0,0,0,0,1,1,0,1
5177,1,0.1477681465222966,0.642726829145324,0.3272984731733574,1,1,1,0,1,0,1,1,0,0,0,0,0,0,0,0,0,0,0,0,1,0,0,1,0,1,0,1,0,1
5178,0,0.8400143297628127,1.4686399382278874,1.5169923315080036,0,0,1,0,1,0,1,1,0,0,0,0,1,0,1,0,1,0,1,0,1,1,0,1,0,0,0,0,1,0
5179,0,-1.1960038562387048,0.1524967140963176,-0.9213594822340566,1,1,0,0,1,0,0,0,0,0,0,0,0,0,0,0,1,0,1,0,1,0,0,1,0,1,0,0,0,1
5180,0,1.4508197855632678,-0.0136829859202946,0.997014143629485,0,0,0,0,0,1,0,0,0,0,1,0,1,0,1,0,1,0,1,0,1,0,1,0,1,0,0,0,1,0
5181,0,1.6137012404433893,0.8654076271675846,1.8167320064143893,0,1,1,1,1,0,1,0,0,0,1,0,1,0,1,0,1,0,1,0,1,0,1,1,1,0,0,0,1,0
5182,0,-0.8295205827584317,-1.3231790220511994,-0.8820721433314754,0,1,0,0,1,0,1,0,1,1,0,1,0,1,0,1,0,1,0,1,0,1,0,0,1,0,0,0,0,2
5183,1,0.0663274190822359,0.4931650991303729,0.1934876939577162,1,0,1,1,1,0,1,1,0,0,0,0,1,0,0,0,0,0,0,0,0,0,0,1,0,0,1,1,0,1
5184,0,1.4508197855632678,0.6626683931473177,1.5138378736399134,0,0,1,0,1,0,1,1,0,0,1,0,1,0,0,0,0,0,0,0,0,0,1,1,0,0,0,0,1,0
5185,0,0.7178532386027215,0.2006888271011353,0.5287205346666018,0,0,0,1,1,0,0,0,0,0,1,0,0,0,1,0,1,0,1,0,0,1,0,1,1,0,0,0,1,0
5186,1,-1.2774445836787656,-0.9409657120129912,-0.9896987163273728,1,0,0,0,0,1,0,0,0,0,0,0,0,0,0,0,0,0,1,0,0,0,0,1,0,1,0,0,0,1
5187,1,0.3513699651224484,1.3174164112127704,0.8180482926936955,0,0,0,0,1,0,1,1,0,0,0,0,1,0,1,0,0,0,1,0,1,0,0,1,0,1,0,1,0,0
5188,1,-0.0965540357978854,1.221032185203135,0.281437508783427,0,1,1,0,1,0,1,1,0,0,0,0,0,0,0,0,1,0,1,0,1,0,0,1,0,1,0,1,0,1
5189,0,-1.2774445836787656,-0.3477041829536853,-0.981823601230112,0,1,0,0,1,0,1,0,0,0,0,0,1,0,0,0,0,0,0,0,0,0,0,0,0,1,0,0,0,1
5190,1,-0.1372743995179157,1.302460238211275,0.3022392833960795,0,1,1,1,1,0,1,1,0,0,0,0,0,0,1,0,0,0,1,0,1,0,0,1,0,1,0,1,0,1
5191,0,-0.3815965818380978,0.8753784091685812,-0.0359274237215895,0,0,1,1,1,0,1,0,0,0,1,0,1,0,1,0,1,0,1,0,1,0,1,1,1,0,0,1,0,1
5192,0,1.125056875803025,-1.4893587220678115,-0.4808162788519973,0,1,0,1,1,0,0,0,1,1,0,1,0,1,0,1,0,1,0,1,0,0,1,0,0,0,1,0,1,2
5193,0,1.6137012404433893,-1.2733251120462157,-0.1611351360242569,0,0,1,0,1,0,1,0,1,1,0,1,0,1,0,1,0,1,0,1,0,0,1,0,1,0,0,0,1,2
5194,0,-0.4223169455581282,0.8188773111629334,-0.1227522221048346,1,1,0,1,1,0,0,1,0,0,0,0,1,0,1,0,0,0,1,0,0,0,0,1,0,1,0,1,0,1
5195,0,1.6137012404433893,0.3436033691154218,1.348526634035229,0,1,0,0,1,0,0,0,0,0,1,0,1,0,1,0,1,0,1,0,0,0,1,1,0,0,0,0,1,0
5196,1,1.369379058123207,1.440389389225063,2.187766840968805,0,0,0,0,1,0,1,1,0,0,0,0,1,0,1,0,0,0,1,0,1,1,0,0,0,0,0,0,1,0
5197,0,1.6137012404433893,1.5085230662318745,2.5231540956992053,0,0,1,0,1,0,1,1,0,0,0,0,1,0,1,0,1,0,1,0,1,0,1,1,0,1,0,0,1,0
5198,1,0.5956921474426305,0.5180920541328647,0.6821198354687068,1,0,1,0,1,0,1,1,0,0,1,0,0,0,0,0,0,0,0,0,0,0,0,0,0,1,0,1,0,1
5199,0,0.758573602322752,1.5533915852363596,1.5103966468747236,0,0,0,0,1,0,1,1,0,0,0,0,1,0,1,0,1,0,1,0,1,1,0,1,0,1,0,0,1,0
5200,0,1.5322605130033284,1.3872118852197473,2.25765021527727,0,0,1,1,1,0,1,1,0,0,0,0,1,0,1,0,0,0,1,0,1,1,0,1,0,1,0,0,1,0
5201,0,-0.9516816739185228,-1.491020519067978,-0.9331611253069824,0,1,0,0,1,0,0,0,1,1,0,1,0,1,0,1,0,1,0,1,0,1,0,1,0,1,0,0,0,2
5202,0,1.0843365120829946,1.5400972092350305,1.8862624343879637,0,1,1,1,1,0,1,1,0,0,1,0,1,0,0,0,1,0,1,0,1,0,1,1,0,0,1,0,1,0
5203,0,-1.1960038562387048,0.1973652331008032,-0.9062269081255948,0,1,0,1,1,0,0,0,0,0,0,0,0,0,0,0,1,0,1,0,1,0,0,0,0,0,1,0,0,1
5204,1,0.2292088739623573,-1.326502616051532,-0.584119259245477,0,1,1,0,0,1,0,0,0,0,0,0,0,0,0,0,0,0,0,0,0,0,0,1,0,1,0,1,0,1
5205,0,0.188488510242327,0.8787020031689138,0.4864331519174452,0,0,0,0,1,0,1,1,0,0,1,0,1,0,1,0,0,0,0,0,0,0,0,0,0,0,0,1,0,1
5206,0,0.188488510242327,0.0278619390838584,0.0150292033783331,0,1,0,0,1,0,0,0,0,0,1,0,1,0,1,0,1,0,0,0,0,0,1,0,0,0,0,1,0,1
5207,1,-0.3408762181180675,-0.801374763999037,-0.5940238157683625,1,0,1,0,0,1,0,0,0,0,0,0,0,0,1,0,0,0,0,0,1,0,0,1,1,0,0,1,0,1
5208,0,-0.748079855318371,-0.1765390919365744,-0.6612821517110744,0,0,1,1,1,0,0,0,0,0,1,0,1,0,0,0,1,0,0,0,0,0,0,0,0,0,0,1,0,1
5209,0,1.6137012404433893,1.5018758782312098,2.458564916414109,0,1,1,0,1,0,1,1,0,0,1,0,1,0,0,0,1,0,1,0,1,0,1,1,1,0,0,0,1,0
5210,0,0.8400143297628127,-0.143303151933252,0.3990568748859326,1,1,1,0,0,1,0,0,0,0,0,0,1,0,1,0,1,0,1,0,1,1,0,1,0,1,0,0,1,0
5211,0,-0.9924020376385532,0.6693155811479823,-0.6682969601170378,1,0,1,0,1,0,1,1,0,0,0,0,0,0,0,0,0,0,0,0,1,0,0,1,0,1,0,0,0,1
5212,0,1.6137012404433893,-0.8728320350061801,0.2132085704197642,0,1,1,1,0,1,0,0,0,0,1,0,1,0,1,0,0,0,0,0,0,0,1,0,1,0,0,0,1,0
5213,1,-0.62591876415828,0.9235705221733987,-0.293401775024749,0,0,1,0,1,0,1,1,0,0,0,0,0,0,0,0,0,0,1,0,1,0,0,1,0,1,0,1,0,1
5214,0,-1.2367242199587352,0.2920876621102721,-0.9416318373443722,1,0,1,1,1,0,0,1,0,0,0,0,1,0,0,0,0,0,0,0,0,0,0,1,0,0,0,0,0,1
5215,0,-0.9924020376385532,-1.4827115340671475,-0.9368450026774098,1,0,1,0,1,0,0,0,1,1,0,1,0,1,0,1,0,1,0,1,0,0,0,0,0,0,0,0,0,2
5216,0,0.6364125111626608,-0.9991286070188056,-0.2979018407946123,1,0,1,0,0,1,0,0,0,0,0,0,1,0,1,0,0,0,0,0,0,1,0,0,0,0,1,1,0,1
5217,0,-0.9109613101984924,-1.3381351950526947,-0.8865942682472695,0,0,0,0,1,0,1,0,1,1,0,1,0,1,0,1,0,1,0,1,0,0,0,1,0,0,1,0,0,2
5218,0,-1.318164947398796,-1.4976677070686424,-1.005779833710855,0,1,1,1,1,0,0,0,1,1,0,1,0,1,0,1,0,1,0,1,0,1,0,1,0,0,1,0,0,2
5219,0,-1.2774445836787656,-1.4677553610656522,-0.9966914655874056,0,1,0,0,1,0,0,0,1,1,0,1,0,1,0,1,0,1,0,1,0,0,0,0,0,0,1,0,0,2
5220,0,-0.1372743995179157,-0.2247312049413921,-0.2405480613747858,0,0,0,0,1,0,0,0,0,0,1,0,0,0,1,0,1,0,0,0,0,1,0,0,1,0,0,1,0,1
5221,1,1.3286586944031769,1.4187860282229037,2.10345678522166,0,0,1,1,1,0,1,1,0,0,0,0,1,0,1,0,0,0,1,0,1,1,0,1,0,1,0,0,1,0
5222,0,-0.9924020376385532,0.0245383450835263,-0.7529158439072124,0,0,0,0,1,0,1,0,0,0,1,0,1,0,1,0,0,0,0,0,0,0,0,1,0,0,0,0,0,1
5223,0,1.1657772395230557,-1.3065610520495383,-0.3269757951312782,0,1,1,0,1,0,1,0,1,1,0,1,0,1,0,1,0,1,0,1,0,0,1,0,0,0,0,0,1,2
5224,1,0.5142514200025698,1.17616366619865,0.9618077467240838,0,0,0,0,1,0,1,1,0,0,0,0,0,0,1,0,0,0,1,0,1,1,0,1,0,0,0,1,0,0
5225,0,1.6137012404433893,1.3190782082129364,2.285003556231341,0,1,1,1,1,0,1,1,0,0,0,0,1,0,1,0,0,0,1,0,1,1,0,1,1,0,0,0,1,0
5226,0,-0.8295205827584317,-1.4494755940638249,-0.8707558014690251,0,1,1,1,1,0,0,0,1,1,0,1,0,1,0,1,0,1,0,1,0,0,0,1,0,1,0,0,0,2
5227,0,-1.0331224013585834,1.044881703185526,-0.7235551206734474,0,1,0,0,1,0,1,1,0,0,0,0,0,0,0,0,0,0,1,0,1,0,0,0,0,1,0,0,0,1
5228,0,-0.9516816739185228,-0.6767399889865777,-0.8521820005953736,0,1,0,0,1,0,0,0,0,0,0,0,0,0,0,0,0,0,0,0,0,0,0,1,0,0,1,0,0,1
5229,1,0.4328106925625091,1.422109622223236,0.9944994009933846,1,0,1,0,1,0,1,1,0,0,0,0,0,0,1,0,1,0,1,0,1,1,0,1,0,1,0,1,0,0
5230,0,1.0436161483629645,0.9833952141793793,1.4488075114362022,0,1,1,1,1,0,1,1,0,0,0,0,0,0,1,0,1,0,0,0,1,0,1,0,0,0,0,0,1,0
5231,1,-0.6666391278783103,1.1296333501939984,-0.3053798912651205,1,1,1,0,1,0,1,1,0,0,0,0,0,0,1,0,0,0,1,0,1,0,0,1,0,1,0,1,0,1
5232,0,-1.2367242199587352,-1.477726143066649,-0.9880222212366396,0,1,1,1,1,0,0,0,1,1,0,1,0,1,0,1,0,1,0,1,0,0,0,0,0,0,1,0,0,2
5233,0,-0.9924020376385532,1.2093996062019725,-0.6339067516110726,1,0,1,0,1,0,0,1,0,0,0,0,1,0,1,0,0,0,1,0,1,0,0,0,0,1,0,0,0,1
5234,0,0.3106496014024181,1.3622849302172555,0.8597841967945847,0,0,1,0,1,0,1,1,0,0,1,0,0,0,1,0,0,0,1,0,1,1,0,0,0,0,0,1,0,0
5235,0,-0.9516816739185228,0.544680806135523,-0.6596938932040637,0,1,0,0,1,0,1,1,0,0,1,0,0,0,0,0,0,0,0,0,0,0,0,1,0,1,0,0,0,1
5236,0,0.3513699651224484,0.8238627021634315,0.6397221569898968,0,1,0,0,1,0,0,1,0,0,0,0,1,0,0,0,1,0,1,0,0,1,0,1,0,1,0,1,0,1
5237,0,-0.2594354906780068,-0.3327480099521901,-0.3850795855127485,0,0,0,0,1,0,0,0,0,0,0,0,1,0,1,0,0,0,0,0,0,0,0,1,1,0,0,1,0,1
5238,0,0.0256070553622056,-0.3659839499555126,-0.1863707989689806,0,0,1,0,1,0,0,0,0,0,0,0,1,0,0,0,1,0,0,0,0,1,0,1,1,0,0,1,0,1
5239,0,1.4508197855632678,1.3622849302172555,2.224782087840524,0,1,1,1,1,0,0,1,0,0,0,0,1,0,1,0,1,0,1,0,1,1,0,0,1,0,0,0,1,0
5240,1,1.3286586944031769,1.3656085242175875,1.961395885427936,0,0,1,0,1,0,0,1,0,0,0,0,1,0,1,0,1,0,1,0,1,0,1,1,1,0,0,0,1,0
5241,0,0.9214550572028734,-0.0186683769207927,0.5945229669778874,0,1,0,0,1,0,0,0,0,0,0,0,1,0,0,0,1,0,0,0,1,1,0,1,0,1,0,0,1,0
5242,0,-0.5037576729981889,0.7956121531606076,-0.2286581817181372,1,1,0,0,1,0,1,1,0,0,0,0,0,0,1,0,0,0,1,0,0,0,0,1,0,1,0,1,0,1
5243,0,-0.5444780367182193,0.7623762131572851,-0.244320175328936,0,1,0,0,1,0,0,1,0,0,0,0,0,0,0,0,1,0,0,0,1,1,0,1,1,0,0,1,0,1
5244,0,0.5142514200025698,0.8155537171626008,0.8437251385570331,0,0,0,0,1,0,1,1,0,0,0,0,0,0,1,0,0,0,0,0,1,0,0,1,1,0,0,1,0,0
5245,0,1.5322605130033284,-1.4827115340671475,-0.3831824989627081,0,0,1,1,1,0,0,0,1,1,0,1,0,1,0,1,0,1,0,1,0,0,1,1,1,0,0,0,1,2
5246,0,-1.2367242199587352,0.4981504901308714,-0.9332052435988438,1,0,0,0,1,0,0,1,0,0,0,0,0,0,0,0,0,0,1,0,0,0,0,1,0,1,0,0,0,1
5247,0,-0.2187151269579764,0.9900424021800438,0.1962671463449846,1,0,0,0,1,0,1,1,0,0,0,0,0,0,0,0,0,0,1,0,1,0,0,1,0,0,1,1,0,1
5248,0,-0.8295205827584317,-1.4860351280674795,-0.8890648925915082,0,0,1,0,1,0,0,0,1,1,0,1,0,1,0,1,0,1,0,1,0,0,1,1,0,1,0,0,0,2
5249,0,1.6137012404433893,0.0810394430891746,1.0552944071784007,0,1,0,1,0,1,0,0,0,0,1,0,1,0,1,0,1,0,1,0,1,0,1,0,1,0,0,0,1,0
5250,0,-0.8295205827584317,0.9900424021800438,-0.488029619571337,0,1,0,0,1,0,1,1,0,0,0,0,0,0,0,0,0,0,1,0,1,0,0,0,0,1,0,0,0,1
5251,1,-1.1145631287986442,0.142525932095321,-0.8652630741322802,1,0,0,0,1,0,0,1,0,0,0,0,0,0,0,0,0,0,0,0,0,0,0,1,0,0,1,0,0,1
5252,1,1.5729808767233588,1.42044782522307,2.397306668164548,0,1,1,0,1,0,1,1,0,0,1,0,1,0,1,0,0,0,1,0,1,0,0,1,0,1,0,0,1,0
5253,1,0.1070477828022663,0.2738078951084448,0.0844934539141152,0,1,0,0,1,0,0,0,0,0,0,0,0,0,1,0,1,0,1,0,1,1,0,1,0,1,0,1,0,1
5254,0,1.5322605130033284,1.6614083902471577,2.454108968936106,0,1,1,1,1,0,1,1,0,0,1,0,1,0,1,0,1,0,1,0,1,0,1,0,1,0,0,0,1,0
5255,0,-0.055833672077855,0.3751775121185782,-0.022912527622475,0,0,0,0,1,0,1,1,0,0,0,0,0,0,0,0,0,0,0,0,0,0,0,1,0,1,0,1,0,1
5256,0,0.7992939660427822,1.0465435001856922,1.1958332259029063,1,1,1,1,1,0,1,1,0,0,0,0,0,0,1,0,1,0,0,0,1,0,1,1,0,0,0,0,1,0
5257,1,0.188488510242327,1.2077378092018058,0.6460310727260777,1,1,0,0,1,0,1,1,0,0,0,0,0,0,1,0,0,0,1,0,1,0,0,1,0,1,0,1,0,0
5258,0,1.4915401492832985,1.327387193213767,2.179715252704099,1,1,0,0,1,0,1,1,0,0,0,0,1,0,0,0,1,0,1,0,1,1,0,1,0,0,0,0,1,0
5259,1,-0.0965540357978854,0.4366640011247251,0.0316397402641519,0,1,1,0,1,0,1,1,0,0,0,0,0,0,0,0,0,0,0,0,0,0,0,0,0,0,1,1,0,1
5260,0,0.0256070553622056,0.8604222361670865,0.3131806197777078,0,0,0,0,1,0,1,1,0,0,1,0,0,0,0,0,0,0,0,0,1,0,0,1,0,1,0,1,0,1
5261,1,0.880734693482843,1.5184938482328711,1.6756196498956852,0,1,1,0,1,0,1,1,0,0,0,0,1,0,1,0,1,0,1,0,1,0,1,1,0,1,0,0,1,0
5262,0,1.0843365120829946,0.1308933530941583,0.7902537688210104,0,0,0,0,1,0,1,0,0,0,1,0,0,0,0,0,1,0,0,0,1,1,0,0,0,0,0,0,1,0
5263,1,0.9214550572028734,-0.6617838159850825,0.0879346806793048,0,1,0,0,0,1,0,0,0,0,1,0,1,0,0,0,0,0,1,0,0,0,0,1,0,1,0,0,1,1
5264,1,1.4915401492832985,-1.1619847130350858,-0.0641631305128887,0,1,1,0,0,1,0,0,0,0,0,0,0,0,1,0,0,0,0,0,0,1,0,1,1,0,0,0,1,0
5265,0,1.369379058123207,0.8022593411612722,1.6413617962653049,0,0,0,0,1,0,1,1,0,0,0,0,1,0,0,0,0,0,1,0,0,1,0,1,0,0,0,0,1,0
5266,0,0.188488510242327,-0.1998042499389002,-0.0338097457122422,0,1,1,1,1,0,0,0,0,0,1,0,0,0,1,0,1,0,0,0,0,1,0,1,0,0,1,1,0,1
5267,1,-0.9516816739185228,-1.4926823160681442,-0.9249771821666918,0,1,1,0,1,0,0,0,1,1,0,1,0,1,0,1,0,1,0,1,0,1,0,0,1,0,0,0,0,2
5268,0,1.4915401492832985,0.7357874611546272,1.72695128247643,0,1,1,1,1,0,1,0,0,0,1,0,0,0,1,0,1,0,1,0,1,0,1,0,0,0,0,0,1,0
5269,0,-0.9109613101984924,-0.1698919039359101,-0.723886007862408,0,1,0,0,1,0,0,0,0,0,0,0,1,0,0,0,0,0,1,0,0,0,0,1,0,0,1,0,0,1
5270,0,0.3106496014024181,-0.3161300399505289,-0.06200133421168,1,1,0,1,1,0,0,0,0,0,1,0,1,0,0,0,0,0,0,0,0,0,0,1,0,0,1,1,0,1
5271,0,-0.7888002190384014,0.0544506910865167,-0.6388259411536192,0,1,0,1,1,0,0,0,0,0,0,0,0,0,0,0,0,0,1,0,1,0,0,0,1,0,0,1,0,1
5272,0,-1.0738427650786138,0.8421424691652587,-0.775791178237351,1,0,0,0,1,0,1,1,0,0,0,0,1,0,0,0,0,0,1,0,0,0,0,1,0,1,0,0,0,1
5273,0,1.4915401492832985,-1.4827115340671475,-0.4156976800645636,0,0,1,1,1,0,0,0,1,1,0,1,0,1,0,1,0,1,0,1,0,0,1,0,0,0,0,0,1,2
5274,1,1.369379058123207,1.440389389225063,2.162773828629319,0,0,1,0,1,0,1,1,0,0,0,0,1,0,1,0,1,0,1,0,1,1,0,1,1,0,0,0,1,0
5275,0,-0.8702409464784621,-0.3659839499555126,-0.7375406191935128,1,1,0,0,1,0,1,0,0,0,0,0,0,0,1,0,0,0,0,0,0,0,0,0,0,1,0,0,0,1
5276,0,0.5549717837226001,-0.2612907389450469,0.1236925562329735,0,1,1,1,1,0,0,0,0,0,1,0,0,0,1,0,1,0,0,0,0,1,0,0,0,0,1,1,0,1
5277,0,-1.0738427650786138,0.8155537171626008,-0.75095257991938,1,0,0,0,1,0,0,1,0,0,0,0,0,0,0,0,0,0,1,0,1,0,0,0,0,1,0,0,0,1
5278,0,0.9621754209229036,1.4902432992300467,1.620582080798583,0,0,1,1,1,0,1,1,0,0,1,0,0,0,1,0,1,0,1,0,1,0,0,1,0,0,1,0,1,0
5279,0,1.5322605130033284,-1.3165318340505352,-0.2159962319539139,0,1,1,1,1,0,1,0,1,1,0,1,0,1,0,1,0,1,0,1,0,0,1,0,1,0,0,0,1,2
5280,0,0.0256070553622056,0.4782089261288781,0.1110306064687503,0,0,1,1,1,0,1,0,0,0,0,0,0,0,1,0,1,0,1,0,1,1,0,1,0,1,0,1,0,1
5281,0,1.6137012404433893,0.0660832700876794,1.0943832137676055,0,0,1,1,1,0,1,0,0,0,1,0,1,0,0,0,1,0,0,0,0,0,1,0,1,0,0,0,1,0
5282,0,-1.1960038562387048,1.0116457631822036,-0.8765794159947307,1,0,1,0,1,0,1,1,0,0,0,0,0,0,0,0,0,0,1,0,1,0,0,1,0,1,0,0,0,1
5283,0,-0.5444780367182193,-0.5305018529719588,-0.5850457433745665,0,0,0,1,1,0,0,0,0,0,0,0,0,0,0,0,1,0,0,0,0,0,0,0,0,0,1,1,0,1
5284,1,-1.1145631287986442,-0.6335332669822583,-0.9184256158252732,1,0,0,0,0,1,0,0,0,0,0,0,0,0,0,0,0,0,1,0,1,0,0,0,0,1,0,0,0,1
5285,0,1.5729808767233588,0.5297246331340278,1.511190776128229,0,0,1,0,1,0,0,0,0,0,0,0,1,0,1,0,1,0,1,0,1,0,1,1,1,0,0,0,1,0
5286,0,-0.9924020376385532,0.3236618051134285,-0.7367023716481461,1,1,1,0,1,0,0,1,0,0,1,0,0,0,0,0,0,0,0,0,0,0,0,1,0,1,0,0,0,1
5287,0,-1.2774445836787656,-1.4694171580658184,-0.9967135247333362,0,1,0,0,1,0,0,0,1,1,0,1,0,1,0,1,0,1,0,1,0,0,0,0,1,0,0,0,0,2
5288,0,-1.2774445836787656,0.4948268961305394,-0.970639614243246,1,0,0,0,1,0,0,1,0,0,0,0,0,0,0,0,0,0,1,0,0,0,0,1,0,1,0,0,0,1
5289,0,1.1657772395230557,1.6730409692483204,2.079699085054293,0,0,0,0,1,0,1,1,0,0,1,0,1,0,1,0,1,0,1,0,1,1,0,1,0,0,1,0,1,0
5290,0,1.5729808767233588,-0.1682301069357438,0.8130629257133567,0,0,1,1,0,1,0,0,0,0,1,0,1,0,0,0,1,0,1,0,1,0,1,0,0,0,0,0,1,0
5291,0,1.4508197855632678,0.720831288153132,1.5367352671159824,0,0,1,0,1,0,1,1,0,0,0,0,1,0,1,0,0,0,0,0,0,1,0,0,1,0,0,0,1,0
5292,0,0.5549717837226001,-1.032364547022128,-0.3273066823202388,0,1,0,0,0,1,0,0,0,0,0,0,0,0,1,0,1,0,0,0,0,1,0,0,1,0,0,1,0,1
5293,0,0.0256070553622056,0.5097830691320341,0.1427516583171005,0,1,0,0,1,0,1,1,0,0,1,0,0,0,0,0,0,0,0,0,0,1,0,0,0,0,0,1,0,1
5294,0,0.8400143297628127,1.305783832211607,1.4500207644623908,0,0,1,1,1,0,1,1,0,0,1,0,1,0,1,0,1,0,0,0,1,0,1,1,0,0,0,0,1,0
5295,1,0.7178532386027215,1.461992750227223,1.3906816619088012,0,0,1,0,1,0,1,1,0,0,1,0,1,0,1,0,0,0,1,0,1,0,0,0,0,0,0,0,1,0
5296,0,1.002895784642934,-0.7864185909975417,-0.0094785077506773,0,0,0,0,0,1,0,0,0,0,1,0,0,0,1,0,1,0,0,0,0,1,0,1,1,0,0,0,1,0
5297,0,0.880734693482843,-1.4760643460664828,-0.5238536725627979,0,0,1,1,1,0,0,0,1,1,0,1,0,1,0,1,0,1,0,1,0,0,1,1,0,0,0,0,1,2
5298,1,1.125056875803025,1.3672703212177542,1.8183423240673304,0,0,1,0,1,0,1,1,0,0,0,0,1,0,1,0,0,0,1,0,1,0,0,1,0,1,0,0,1,0
5299,1,-0.1779947632379461,1.2143849972024705,0.2349147700155753,1,0,1,0,1,0,1,1,0,0,0,0,0,0,0,0,1,0,1,0,1,0,0,1,1,0,0,1,0,1
5300,0,-1.2774445836787656,0.5081212721318681,-0.9704631410758002,1,0,1,1,1,0,0,1,0,0,0,0,0,0,0,0,0,0,1,0,0,0,0,1,0,0,1,0,0,1
5301,0,-0.1372743995179157,0.8122301231622688,0.1846860947313658,1,1,1,1,1,0,1,1,0,0,0,0,0,0,1,0,0,0,0,0,1,0,0,1,0,1,0,1,0,1
5302,0,-0.9109613101984924,0.0245383450835263,-0.7336140912178477,0,0,1,1,1,0,0,0,0,0,0,0,1,0,0,0,1,0,0,0,1,0,0,1,0,1,0,0,0,1
5303,0,0.4328106925625091,-0.8080219519997013,-0.1618630878399701,0,1,0,1,0,1,0,0,0,0,1,0,1,0,1,0,0,0,0,0,0,0,0,1,0,1,0,1,0,1
5304,1,-0.7888002190384014,0.1890562480999726,-0.6311714175156655,0,1,1,0,1,0,0,1,0,0,0,0,0,0,0,0,0,0,0,0,0,0,0,0,0,0,0,1,0,1
5305,0,0.4328106925625091,0.466576347127715,0.5208454195693412,0,0,1,0,1,0,0,0,0,0,1,0,0,0,1,0,1,0,1,0,1,0,1,1,0,1,0,1,0,0
5306,0,-0.5444780367182193,0.6277706561438292,-0.3591159707523117,1,1,1,1,1,0,1,1,0,0,0,0,0,0,0,0,0,0,0,0,1,0,0,1,0,1,0,1,0,1
5307,0,-1.2774445836787656,0.8421424691652587,-0.9660292527437292,0,1,1,1,1,0,0,1,0,0,0,0,0,0,0,0,0,0,1,0,1,0,0,1,0,1,0,0,0,1
5308,0,1.4915401492832985,0.5878875281398422,1.4451236340657752,0,0,0,0,1,0,0,0,0,0,1,0,0,0,1,0,1,0,1,0,1,0,1,1,1,0,0,0,1,0
5309,0,1.1657772395230557,-1.479387940066815,-0.4415951173872083,0,0,1,0,1,0,0,0,1,1,0,1,0,1,0,1,0,1,0,1,0,0,1,0,1,0,0,0,1,2
5310,0,0.4328106925625091,0.0494653000860181,0.2768933247217022,0,1,1,0,1,0,1,0,0,0,1,0,1,0,0,0,1,0,0,0,0,0,0,0,0,0,0,1,0,1
5311,0,-1.0738427650786138,-1.504314895069307,-0.9412347727176196,1,0,1,0,1,0,0,0,1,1,0,1,0,1,0,1,0,1,0,1,0,0,0,0,0,0,0,0,0,2
5312,0,-1.2774445836787656,-0.4490737999638187,-0.983169209131885,1,1,0,0,1,0,0,0,0,0,0,0,0,0,0,0,1,0,0,0,0,0,0,0,0,0,1,0,0,1
5313,0,0.9621754209229036,0.82884809316393,1.1793771030386022,0,1,1,0,1,0,0,1,0,0,0,0,0,0,0,0,0,0,1,0,1,0,0,0,0,0,1,0,1,0
5314,0,1.5322605130033284,-0.00703579791963,0.9817050963535772,0,0,1,0,0,1,0,0,0,0,1,0,1,0,1,0,1,0,1,0,1,0,1,0,0,0,0,0,1,0
5315,0,-1.2774445836787656,-0.6368568609825906,-0.9856618926220544,1,1,0,0,1,0,0,0,0,0,0,0,0,0,0,0,0,0,0,0,0,0,0,1,0,1,0,0,0,1
5316,0,0.6771328748826912,0.9601300561770538,0.9884331358624414,0,1,1,1,1,0,1,1,0,0,0,0,1,0,1,0,0,0,1,0,0,1,0,1,0,1,0,0,1,0
5317,0,-1.0738427650786138,-0.5022513039691348,-0.8878295804193889,1,0,0,0,1,0,0,0,0,0,0,0,0,0,0,0,1,0,0,0,0,0,0,1,0,0,0,0,0,1
5318,0,-0.0151133083578247,0.2937494591104381,0.0163748112801059,0,0,1,1,1,0,0,0,0,0,1,0,1,0,1,0,1,0,0,0,1,0,1,0,0,0,1,1,0,1
5319,1,1.6137012404433893,1.4952286902305454,2.556926648119111,0,0,1,0,1,0,1,1,0,0,1,0,0,0,1,0,1,0,1,0,1,0,1,1,0,0,1,0,1,0
5320,0,0.188488510242327,-0.1100672119299295,0.0099776589602021,0,1,0,1,1,0,0,0,0,0,1,0,1,0,0,0,1,0,0,0,0,0,1,0,1,0,0,1,0,1
5321,0,1.4915401492832985,1.3838882912194153,2.193634573786372,0,0,1,0,1,0,0,1,0,0,1,0,1,0,0,0,1,0,1,0,1,1,0,1,1,0,0,0,1,0
5322,0,-0.2594354906780068,0.5696077611380149,-0.088759078225622,0,0,1,0,1,0,0,0,0,0,0,0,1,0,1,0,1,0,1,0,1,0,0,0,0,0,0,1,0,1
5323,0,1.0436161483629645,1.3440051632154282,1.7407603078290497,0,0,1,1,1,0,1,1,0,0,0,0,1,0,1,0,0,0,1,0,1,1,0,1,1,0,0,0,1,0
5324,0,-0.3408762181180675,-0.3377334009526884,-0.4577203530625518,0,1,0,0,1,0,1,0,0,0,0,0,0,0,0,0,1,0,0,0,0,1,0,0,0,0,0,1,0,1
5325,0,-1.1145631287986442,-1.4694171580658184,-0.9619041924546878,0,1,1,1,1,0,0,0,1,1,0,1,0,1,0,1,0,1,0,1,0,1,0,0,0,1,0,0,0,2
5326,0,-0.7073594915983407,-1.4876969250676455,-0.878697094004078,1,1,1,1,1,0,0,0,1,1,0,1,0,1,0,1,0,1,0,1,0,0,0,1,0,1,0,1,0,2
5327,0,-0.0965540357978854,-1.4976677070686424,-0.7414009697313858,0,0,1,1,1,0,0,0,1,1,0,1,0,1,0,1,0,1,0,1,0,0,1,0,0,0,1,1,0,2
5328,0,0.9214550572028734,0.0428181120853536,0.5216395488228462,0,0,1,0,1,0,1,0,0,0,1,0,1,0,0,0,1,0,0,0,0,1,0,1,1,0,0,0,1,0
5329,0,-0.3001558543980371,-1.0223937650211312,-0.6294508041330706,1,0,1,0,0,1,0,0,0,0,0,0,0,0,0,0,0,0,1,0,0,0,0,1,0,0,0,1,0,1
5330,1,-0.9109613101984924,0.9219087251732327,-0.5936708694334712,1,1,1,0,1,0,0,1,0,0,0,0,1,0,1,0,1,0,1,0,0,0,0,1,0,0,1,0,0,1
5331,0,0.4735310562825394,-0.3560131679545159,0.0421178345812356,0,1,1,1,0,1,0,0,0,0,1,0,1,0,1,0,1,0,0,0,1,0,1,1,1,0,0,1,0,1
5332,0,0.5956921474426305,-0.1948188589384019,0.2352897754963974,0,0,0,0,1,0,0,0,0,0,1,0,1,0,0,0,1,0,0,0,0,1,0,1,0,0,1,1,0,1
5333,0,-0.7888002190384014,0.7839795741594444,-0.4663013608295951,1,0,1,1,1,0,0,1,0,0,0,0,0,0,0,0,0,0,1,0,1,0,0,0,0,1,0,1,0,1
5334,0,0.6771328748826912,1.435403998224565,1.3294895910970326,1,0,1,1,1,0,1,1,0,0,0,0,1,0,1,0,1,0,1,0,1,0,1,1,0,0,0,0,1,0
5335,0,1.2879383306831464,1.068146861187852,1.7800035284397695,0,0,1,0,1,0,0,1,0,0,1,0,0,0,0,0,1,0,1,0,1,1,0,1,0,0,1,0,1,0
5336,0,-1.2774445836787656,-1.517609271070636,-0.9973532399653268,0,1,0,0,1,0,0,0,1,1,0,1,0,1,0,1,0,1,0,1,0,0,0,0,0,0,1,0,0,2
5337,0,-0.5037576729981889,-0.4906187249679718,-0.5632513071950325,0,1,0,0,1,0,0,0,0,0,0,0,0,0,0,0,1,0,0,0,0,0,0,0,0,0,1,1,0,1
5338,0,0.188488510242327,-0.6435040489832552,-0.3029313260668125,0,0,1,0,0,1,0,0,0,0,1,0,0,0,0,0,1,0,1,0,0,0,1,0,0,1,0,1,0,1
5339,0,-0.0965540357978854,0.6875953481498096,0.1015672328644788,0,1,1,1,1,0,1,1,0,0,0,0,0,0,0,0,0,0,1,0,0,0,0,0,0,1,0,1,0,1
5340,0,0.2292088739623573,0.642726829145324,0.4005568968092204,0,0,0,0,1,0,1,0,0,0,1,0,1,0,1,0,0,0,1,0,1,1,0,0,0,0,0,1,0,0
5341,1,-1.2774445836787656,0.3220000081132624,-0.9729337654200392,1,0,0,0,1,0,1,1,0,0,0,0,0,0,0,0,0,0,0,0,0,0,0,1,0,0,1,0,0,1
5342,0,0.188488510242327,-0.0003886099189655,0.0288823470228141,1,0,0,0,1,0,0,0,0,0,0,0,0,0,0,0,0,0,1,0,1,0,0,1,0,1,0,1,0,1
5343,0,0.7992939660427822,0.0494653000860181,0.4634034035657917,0,0,1,0,0,1,0,0,0,0,1,0,1,0,1,0,1,0,1,0,1,0,1,0,1,0,0,0,1,0
5344,0,1.5729808767233588,0.4034280611214026,1.430741070918957,0,1,0,1,1,0,0,0,0,0,1,0,1,0,1,0,1,0,1,0,0,0,1,1,1,0,0,0,1,0
5345,0,-0.2594354906780068,0.8321716871642622,0.0245146361285352,1,1,0,0,1,0,0,1,0,0,0,0,1,0,1,0,0,0,1,0,0,0,0,0,0,1,0,1,0,1
5346,0,1.369379058123207,0.3269853991137605,1.1111922829668008,0,1,0,0,1,0,1,0,0,0,1,0,1,0,1,0,0,0,0,0,1,0,1,1,1,0,0,0,1,0
5347,0,1.6137012404433893,1.7345274582544672,2.7859226420257333,0,1,1,0,1,0,1,1,0,0,1,0,1,0,1,0,1,0,1,0,1,0,1,1,1,0,0,0,1,0
5348,0,-0.3001558543980371,-0.801374763999037,-0.5775897520499892,0,1,0,1,0,1,0,0,0,0,1,0,0,0,0,0,0,0,1,0,0,1,0,1,1,0,0,1,0,1
5349,0,1.4915401492832985,1.6481140142458286,2.376240183800727,0,1,1,1,1,0,1,1,0,0,1,0,1,0,1,0,1,0,1,0,1,0,1,1,0,0,0,0,1,0
5350,0,0.8400143297628127,0.1641292930974807,0.6204424634464628,0,1,1,1,1,0,1,0,0,0,1,0,1,0,0,0,0,0,0,0,1,0,1,0,0,0,0,0,1,0
5351,0,-0.8295205827584317,1.0216165451832002,-0.5137947020183975,1,0,0,0,1,0,0,1,0,0,0,0,0,0,1,0,0,0,1,0,1,1,0,0,0,0,1,0,0,1
5352,0,-0.2594354906780068,1.126309756193666,0.1135012308129889,0,1,0,0,1,0,0,1,0,0,0,0,0,0,1,0,1,0,1,0,1,0,0,1,0,1,0,1,0,1
5353,0,-0.4630373092781585,-0.1034200239292651,-0.3909473183303154,0,1,0,0,1,0,0,0,0,0,0,0,0,0,1,0,0,0,0,0,1,0,0,0,0,0,1,1,0,1
5354,0,-1.2774445836787656,0.8172155141627669,-0.9663601399326898,0,0,0,1,1,0,0,1,0,0,0,0,0,0,0,0,0,0,1,0,1,0,0,1,0,1,0,0,0,1
5355,0,0.6364125111626608,1.0182929511828682,0.95541059440418,0,1,0,0,1,0,1,1,0,0,1,0,0,0,0,0,1,0,0,0,1,0,0,1,0,1,0,1,0,0
5356,0,-0.2594354906780068,-0.9758634490164798,-0.574038229555146,0,0,1,0,0,1,0,0,0,0,1,0,0,0,1,0,0,0,0,0,0,1,0,0,1,0,0,1,0,1
5357,0,1.125056875803025,-1.4893587220678115,-0.4507055446565884,0,1,1,0,1,0,0,0,1,1,0,1,0,1,0,1,0,1,0,1,0,0,1,0,0,0,1,0,1,2
5358,0,-0.5851984004382496,-1.5126238800701377,-0.8595938736280897,0,1,0,0,1,0,0,0,1,1,0,1,0,1,0,1,0,1,0,1,0,0,0,0,0,0,1,1,0,2
5359,1,-0.9109613101984924,-1.166970104035584,-0.8772191312267209,1,0,0,0,0,1,0,0,0,0,0,0,0,0,0,0,1,0,0,0,0,0,0,1,0,1,0,0,0,1
5360,0,-1.1145631287986442,0.6560212051466532,-0.80559308438973,1,1,1,1,1,0,1,1,0,0,1,0,0,0,1,0,0,0,0,0,0,0,0,1,0,1,0,0,0,1
5361,0,-1.1552834925186746,-1.4744025490663168,-0.9683895813583144,0,0,0,1,1,0,0,0,1,1,0,1,0,1,0,1,0,1,0,1,0,1,0,1,0,0,1,0,0,2
5362,0,1.3286586944031769,-1.329826210051864,-0.2491070099958984,0,1,1,1,1,0,1,0,1,1,0,1,0,1,0,1,0,1,0,1,0,0,1,0,1,0,0,0,1,2
5363,0,1.5322605130033284,-1.3098846460498703,-0.2490849508499677,0,1,1,1,1,0,1,0,1,1,0,1,0,1,0,1,0,1,0,1,0,0,1,0,0,0,1,0,1,2
5364,0,-0.5851984004382496,0.8620840331672525,-0.3011004169545642,1,1,0,0,1,0,1,1,0,0,0,0,0,0,1,0,0,0,0,0,1,0,0,1,1,0,0,1,0,1
5365,0,1.2064976032430856,-1.4876969250676455,-0.4542570671514315,0,1,0,1,1,0,0,0,1,1,0,1,0,1,0,1,0,1,0,1,0,0,1,0,0,0,0,0,1,2
5366,0,1.369379058123207,-0.1665683099355778,0.7575400554057787,0,0,1,1,1,0,0,0,0,0,1,0,0,0,0,0,0,0,1,0,0,0,1,1,0,1,0,0,1,0
5367,0,1.3286586944031769,0.5895493251400082,1.2950332051532756,0,0,1,1,1,0,1,0,0,0,1,0,1,0,0,0,1,0,1,0,1,0,1,1,0,0,0,0,1,0
5368,1,-1.1960038562387048,0.184070857099474,-0.9018812563772464,1,0,0,0,1,0,0,1,0,0,0,0,0,0,0,0,0,0,0,0,0,0,0,1,0,1,0,0,0,1
5369,0,0.0663274190822359,-1.4760643460664828,-0.7087754928998767,0,0,0,0,1,0,0,0,1,1,0,1,0,1,0,1,0,1,0,1,0,0,0,0,0,0,1,1,0,2
5370,0,-0.6666391278783103,0.8654076271675846,-0.3695058284856726,0,1,1,1,1,0,1,1,0,0,0,0,0,0,1,0,0,0,1,0,0,0,0,1,0,0,0,1,0,1
5371,0,0.880734693482843,1.302460238211275,1.482072703499702,1,0,0,0,1,0,1,1,0,0,1,0,0,0,1,0,0,0,1,0,1,1,0,1,0,0,0,0,1,0
5372,1,0.7178532386027215,1.3356961782145975,1.2982317813132274,0,0,0,0,1,0,1,1,0,0,0,0,0,0,1,0,1,0,1,0,1,0,0,1,0,1,0,0,1,0
5373,0,1.5729808767233588,1.3456669602155942,2.2112157130931416,0,1,1,0,1,0,0,1,0,0,0,0,1,0,1,0,1,0,1,0,1,0,1,1,0,1,0,0,1,0
5374,0,-0.9109613101984924,0.3319707901142591,-0.6529879128411301,1,0,0,0,1,0,1,1,0,0,0,0,0,0,0,0,0,0,0,0,0,0,0,1,0,1,0,0,0,1
5375,0,-1.2774445836787656,-0.4640299729653139,-0.9833677414452612,1,0,0,0,1,0,0,0,0,0,0,0,0,0,0,0,1,0,0,0,0,0,0,1,0,1,0,0,0,1
5376,0,-0.5851984004382496,-1.3630621500551865,-0.8184976847591909,0,1,0,0,1,0,1,0,1,1,0,1,0,1,0,1,0,1,0,1,0,1,0,0,0,0,1,1,0,2
5377,0,-1.1552834925186746,-0.1150526029304281,-0.895748813808511,0,1,0,0,1,0,0,0,0,0,0,0,0,0,0,0,1,0,1,0,0,0,0,1,0,1,0,0,0,1
5378,0,1.0436161483629645,0.3668685271177476,0.9423736391591347,0,0,1,1,1,0,1,0,0,0,1,0,0,0,1,0,1,0,1,0,0,0,1,0,0,0,1,0,1,0
5379,0,0.9621754209229036,1.1047063951915064,1.3195188571363554,0,0,1,0,1,0,1,1,0,0,1,0,0,0,0,0,0,0,1,0,1,1,0,1,0,1,0,0,1,0
5380,0,-1.2367242199587352,0.5147684601325326,-0.942006842825194,1,1,0,0,1,0,0,1,0,0,0,0,0,0,0,0,0,0,1,0,0,0,0,1,0,1,0,0,0,1
5381,0,-0.0151133083578247,0.4698999411280475,0.0742138919104077,1,1,1,0,1,0,1,1,0,0,0,0,0,0,1,0,0,0,0,0,0,0,0,1,0,1,0,1,0,1
5382,0,0.9621754209229036,-0.4241468449613269,0.2669887681988169,0,1,1,1,0,1,0,0,0,0,1,0,1,0,0,0,1,0,1,0,0,1,0,1,0,0,1,0,1,0
5383,0,0.1477681465222966,0.6643301901474837,0.3398942454997886,1,1,0,0,1,0,1,1,0,0,0,0,0,0,0,0,0,0,0,0,1,0,0,1,0,1,0,1,0,1
5384,0,-1.1552834925186746,-0.0120211889201281,-0.8941605553015004,0,0,0,0,1,0,1,0,0,0,0,0,0,0,0,0,1,0,1,0,0,0,0,1,0,0,1,0,0,1
5385,0,0.8400143297628127,0.6875953481498096,0.9871537053984608,1,1,0,0,1,0,1,1,0,0,0,0,0,0,0,0,0,0,1,0,0,0,0,0,0,0,0,0,1,0
5386,0,-0.9109613101984924,-0.6302096729819263,-0.8133358446114065,0,1,0,0,1,0,0,0,0,0,0,0,0,0,0,0,0,0,0,0,0,0,0,1,1,0,0,0,0,1
5387,0,-1.1552834925186746,-1.1387195550327598,-0.9535437761469516,0,1,0,0,0,1,0,0,0,0,0,0,0,0,0,0,1,0,0,0,0,0,0,0,0,1,0,0,0,1
5388,0,-1.2774445836787656,-1.491020519067978,-0.9970002936304354,1,1,1,1,1,0,0,0,1,1,0,1,0,1,0,1,0,1,0,1,0,0,0,0,0,0,1,0,0,2
5389,0,0.758573602322752,0.1458495260956535,0.6043613460629806,0,0,1,0,1,0,0,1,0,0,0,0,0,0,0,0,0,0,0,0,0,0,0,0,0,0,1,0,1,0
5390,1,-0.8295205827584317,1.152898508196324,-0.4762941539362033,1,1,0,0,1,0,1,1,0,0,0,0,0,0,1,0,0,0,1,0,1,0,0,1,0,1,0,0,0,1
5391,0,-1.0738427650786138,-0.5155456799704636,-0.893013479713104,0,0,0,0,0,1,0,0,0,0,0,0,0,0,0,0,1,0,1,0,1,1,0,1,0,0,1,0,0,1
5392,0,1.247217966963116,-0.844581486003356,0.0508753155157247,0,1,1,1,0,1,0,0,0,0,0,0,1,0,1,0,1,0,0,0,0,0,1,0,0,0,0,0,1,0
5393,0,-1.2774445836787656,0.1940416391004707,-0.9746323196567032,1,0,0,0,1,0,0,1,0,0,0,0,0,0,0,0,0,0,0,0,0,0,0,1,0,1,0,0,0,1
5394,0,0.6364125111626608,1.3406815692150955,1.2369955922095972,0,0,1,0,1,0,1,1,0,0,0,0,1,0,0,0,1,0,1,0,1,0,0,1,1,0,0,1,0,0
5395,0,-1.1145631287986442,0.5396954151350245,-0.8338949686188213,1,0,0,0,1,0,0,1,0,0,0,0,0,0,0,0,0,0,1,0,0,0,0,1,1,0,0,0,0,1
5396,0,0.1070477828022663,-1.4843733310673135,-0.7214374426641,0,0,0,1,1,0,0,0,1,1,0,1,0,1,0,1,0,1,0,1,0,1,0,1,1,0,0,1,0,2
5397,0,-1.0738427650786138,0.6676537841478158,-0.7748205758164001,1,1,0,0,1,0,0,1,0,0,0,0,1,0,0,0,0,0,1,0,0,0,0,1,0,1,0,0,0,1
5398,0,-1.2367242199587352,-1.4960059100684764,-0.9884413450093228,0,1,0,0,1,0,0,0,1,1,0,1,0,1,0,1,0,1,0,1,0,0,0,0,0,0,1,0,0,2
5399,0,0.7178532386027215,-1.4960059100684764,-0.5694278680556292,0,0,0,0,1,0,0,0,1,1,0,1,0,1,0,1,0,1,0,1,0,1,0,0,0,0,0,0,1,2
5400,0,0.0256070553622056,0.1873944510998066,0.0557503867664098,0,0,0,0,1,0,0,1,0,0,0,0,0,0,0,0,0,0,0,0,0,0,0,1,0,0,0,1,0,1
5401,0,-0.055833672077855,-1.4727407520661506,-0.7240624810298536,0,1,0,0,1,0,0,0,1,1,0,1,0,1,0,1,0,1,0,1,0,0,1,0,0,0,1,1,0,2
5402,0,-0.9516816739185228,-1.4760643460664828,-0.9214697779637102,0,0,1,1,1,0,0,0,1,1,0,1,0,1,0,1,0,1,0,1,0,0,1,0,0,0,1,0,0,2
5403,0,0.880734693482843,0.7125223031523015,0.9901537492450364,0,0,1,1,1,0,1,0,0,0,0,0,1,0,1,0,1,0,1,0,1,0,0,1,0,1,0,0,1,0
5404,0,0.5549717837226001,1.0266019361836989,1.0519855352887957,0,0,0,0,1,0,0,1,0,0,1,0,1,0,1,0,0,0,1,0,0,1,0,1,1,0,0,1,0,0
5405,0,0.0663274190822359,1.2974748472107769,0.5254778402147886,0,1,0,1,1,0,1,1,0,0,1,0,1,0,0,0,0,0,1,0,1,1,0,1,0,1,0,1,0,0
5406,0,1.5729808767233588,1.0781176431888486,2.0429264887878125,0,1,1,1,1,0,1,1,0,0,1,0,0,0,0,0,0,0,1,0,1,0,1,1,0,1,0,0,1,0
5407,0,1.247217966963116,-0.0402717379229525,0.7652166381896631,0,0,1,1,1,0,0,0,0,0,1,0,1,0,1,0,1,0,0,0,0,0,1,0,0,0,1,0,1,0
5408,0,0.758573602322752,-1.3231790220511994,-0.437536234535959,0,0,0,0,1,0,1,0,1,1,0,1,0,1,0,1,0,1,0,1,0,0,1,0,0,0,0,0,1,2
5409,1,-0.2594354906780068,0.8105683261621028,-0.0009195591295647,1,0,0,0,1,0,1,1,0,0,0,0,1,0,0,0,0,0,1,0,0,0,0,1,0,1,0,1,0,1
5410,0,1.2879383306831464,1.1379423351948288,1.807114218788603,0,0,1,0,1,0,0,1,0,0,1,0,0,0,1,0,0,0,1,0,1,0,1,1,0,0,0,0,1,0
5411,1,-1.2774445836787656,-1.328164413051698,-0.9948384973292264,1,0,1,0,0,1,0,0,0,0,0,0,0,0,0,0,0,0,0,0,0,0,0,1,0,1,0,0,0,1
5412,1,1.1657772395230557,0.6909189421501416,1.3112025591204803,0,1,1,0,1,0,1,1,0,0,0,0,1,0,0,0,1,0,0,0,0,1,0,1,0,0,0,0,1,0
5413,0,-0.7073594915983407,0.9717626351782166,-0.3416010088833339,0,0,0,0,1,0,0,1,0,0,0,0,0,0,1,0,0,0,1,0,1,0,0,1,1,0,0,1,0,1
5414,0,1.2879383306831464,1.3589613362169235,2.0397499717737912,1,1,0,0,1,0,1,1,0,0,0,0,1,0,0,0,1,0,1,0,1,1,0,1,1,0,0,0,1,0
5415,0,-0.5851984004382496,-0.4806479429669752,-0.6028474741406434,0,0,0,0,1,0,1,0,0,0,0,0,0,0,0,0,0,0,0,0,0,0,0,1,0,1,0,1,0,1
5416,0,1.002895784642934,1.0049985751815391,1.4365205671528012,0,0,1,1,1,0,0,1,0,0,0,0,1,0,0,0,0,0,1,0,1,1,0,1,0,1,0,0,1,0
5417,0,-0.748079855318371,-0.1117290089300958,-0.6459731044351669,0,1,1,1,1,0,0,0,0,0,1,0,1,0,0,0,0,0,0,0,1,0,1,1,0,0,0,1,0,1
5418,1,-0.5851984004382496,0.5247392421335293,-0.3829839666493317,0,1,0,0,1,0,1,1,0,0,0,0,1,0,0,0,0,0,0,0,0,0,0,1,1,0,0,1,0,1
5419,1,1.6137012404433893,0.4566055651267183,1.4658371720947048,0,0,1,0,1,0,1,1,0,0,1,0,0,0,0,0,0,0,0,0,0,0,1,0,0,0,0,0,1,0
5420,0,1.5322605130033284,1.6464522172456624,2.6314645022189542,0,1,1,0,1,0,1,1,0,0,1,0,1,0,1,0,1,0,1,0,1,0,1,0,1,0,0,0,1,0
5421,0,0.2292088739623573,-1.4860351280674795,-0.6786426995585372,0,0,0,0,1,0,0,0,1,1,0,1,0,1,0,1,0,1,0,1,0,0,1,0,0,0,1,1,0,2
5422,0,1.4508197855632678,-0.0701840839259427,0.9247483815605037,0,1,1,1,1,0,0,0,0,0,1,0,1,0,1,0,1,0,0,0,0,0,1,0,1,0,0,0,1,0
5423,0,-0.7888002190384014,0.534710024134526,-0.5607586237048631,1,1,0,0,1,0,0,1,0,0,0,0,0,0,0,0,0,0,0,0,1,0,0,1,0,1,0,1,0,1
5424,1,1.3286586944031769,0.9285559131738974,1.6273762977452388,0,1,1,0,1,0,1,1,0,0,1,0,1,0,0,0,0,0,1,0,0,0,1,1,1,0,0,0,1,0
5425,0,-0.0965540357978854,1.1861344481996463,0.3605195469449954,0,0,0,0,1,0,1,1,0,0,0,0,0,0,1,0,0,0,1,0,1,0,0,0,0,1,0,1,0,1
5426,0,0.758573602322752,0.3469269631157543,0.7153850275322062,0,1,1,0,1,0,1,0,0,0,0,0,0,0,0,0,1,0,1,0,1,0,1,1,0,0,0,0,1,0
5427,0,-0.055833672077855,0.6643301901474837,0.1472076057951024,0,0,0,0,1,0,1,1,0,0,1,0,0,0,1,0,0,0,0,0,0,0,0,1,1,0,0,1,0,1
5428,0,-0.9516816739185228,0.8205391081630994,-0.6294066858412093,1,0,1,0,1,0,0,1,0,0,0,0,0,0,0,0,0,0,1,0,1,0,0,0,0,1,0,0,0,1
5429,0,1.6137012404433893,0.4898415051300408,1.4920654966063098,0,0,1,1,1,0,1,0,0,0,1,0,1,0,1,0,1,0,0,0,1,0,1,1,0,0,0,0,1,0
5430,0,-0.9109613101984924,0.2455573461056209,-0.655370300601646,1,1,0,0,1,0,1,0,0,0,0,0,0,0,0,0,0,0,1,0,1,0,0,1,1,0,0,0,0,1
5431,0,0.188488510242327,-1.4943441130683104,-0.6991356461281598,0,0,0,0,1,0,0,0,1,1,0,1,0,1,0,1,0,1,0,1,0,1,0,1,0,1,0,1,0,2
5432,0,-1.2367242199587352,0.3868100911197414,-0.9348376203977158,1,0,0,0,1,0,0,0,0,0,0,0,0,0,1,0,1,0,1,0,1,0,0,0,0,1,0,0,0,1
5433,0,0.9214550572028734,1.2010906212011416,1.4436897895802796,0,1,0,0,1,0,0,1,0,0,1,0,1,0,0,0,0,0,1,0,1,1,0,1,0,0,1,0,1,0
5434,0,0.0256070553622056,1.0149693571825356,0.4391604021879497,0,1,0,1,1,0,1,1,0,0,1,0,0,0,1,0,0,0,0,0,1,0,0,1,0,0,0,1,0,1
5435,0,0.5549717837226001,0.8703930181680831,0.863335719289428,0,0,1,1,1,0,0,1,0,0,0,0,0,0,1,0,1,0,0,0,1,1,0,0,0,0,0,1,0,0
5436,0,-1.2774445836787656,-0.3410569949530208,-0.9817353646463892,0,0,0,1,1,0,0,0,0,0,1,0,0,0,0,0,1,0,0,0,0,0,0,0,0,1,0,0,0,1
5437,1,-0.5037576729981889,-0.1050818209294312,-0.4876766732364458,1,0,0,0,1,0,1,0,0,0,0,0,0,0,0,0,0,0,0,0,1,0,0,1,0,0,1,1,0,1
5438,0,-0.9516816739185228,0.50313588113137,-0.6785544629748144,1,1,1,0,1,0,0,1,0,0,0,0,1,0,1,0,0,0,0,0,0,0,0,1,0,1,0,0,0,1
5439,1,-0.0151133083578247,1.04321990618536,0.3262616933146144,1,1,0,0,1,0,1,1,0,0,0,0,0,0,0,0,0,0,1,0,1,0,0,1,1,0,0,1,0,1
5440,0,-0.5444780367182193,-0.5039131009693008,-0.5809648013773866,0,0,1,1,1,0,0,0,0,0,0,0,0,0,1,0,0,0,0,0,0,0,0,1,0,0,0,1,0,1
5441,0,1.5322605130033284,0.0178911570828617,1.094140563162368,1,0,1,0,1,0,1,0,0,0,1,0,0,0,1,0,1,0,0,0,0,0,1,0,1,0,0,0,1,0
5442,0,1.1657772395230557,-1.3215172250510334,-0.3447334076054937,0,0,0,1,1,0,1,0,1,1,0,1,0,1,0,1,0,1,0,1,0,0,1,1,1,0,0,0,1,2
5443,0,-0.2594354906780068,-0.641842251983089,-0.4617351176219396,0,1,0,0,1,0,0,0,0,0,0,0,0,0,0,0,0,0,0,0,0,0,0,0,0,1,0,1,0,1
5444,0,0.5142514200025698,1.4287568102239003,1.148428121297827,0,1,1,0,1,0,1,1,0,0,0,0,1,0,1,0,0,0,1,0,1,0,0,1,0,0,0,1,0,0
5445,0,1.2064976032430856,0.8089065291619363,1.3817477078068667,0,1,1,1,1,0,1,1,0,0,0,0,0,0,1,0,0,0,1,0,0,0,1,1,1,0,0,0,1,0
5446,0,-1.2774445836787656,-1.4993295040688086,-0.9971105893600888,1,1,0,0,1,0,0,0,1,1,0,1,0,1,0,1,0,1,0,1,0,0,0,0,0,0,1,0,0,2
5447,0,-1.1960038562387048,-0.6651074099854147,-0.9404627026100448,0,0,0,0,1,0,0,0,0,0,0,0,0,0,0,0,0,0,0,0,0,0,0,0,0,0,1,0,0,1
5448,0,0.3513699651224484,1.2243557792034672,0.728311687047598,0,0,1,1,1,0,1,1,0,0,1,0,1,0,1,0,0,0,0,0,1,1,0,1,0,0,0,1,0,0
5449,0,1.4100994218432374,1.2758714862086171,2.0363969815923246,0,1,1,1,1,0,0,1,0,0,0,0,1,0,1,0,1,0,1,0,1,0,1,0,0,0,0,0,1,0
5450,0,-1.2774445836787656,0.6610065961471517,-0.9684336996501756,1,1,0,0,1,0,1,1,0,0,0,0,0,0,0,0,0,0,1,0,0,0,0,1,0,0,1,0,0,1
5451,0,1.5729808767233588,1.0266019361836989,2.019389380079753,0,0,1,0,1,0,1,1,0,0,1,0,1,0,0,0,0,0,1,0,0,1,0,0,0,0,1,0,1,0
5452,0,0.188488510242327,0.3436033691154218,0.1672373103001803,0,0,1,1,1,0,0,0,0,0,1,0,1,0,0,0,0,0,1,0,1,1,0,0,0,0,0,1,0,1
5453,0,1.125056875803025,-0.1133908059302618,0.6558032743733787,0,1,1,0,1,0,0,0,0,0,1,0,1,0,0,0,1,0,0,0,0,0,1,1,0,0,1,0,1,0
5454,1,-1.2774445836787656,0.1591439020969822,-0.9750955617212478,1,0,1,0,1,0,0,1,0,0,0,0,0,0,0,0,0,0,0,0,0,0,0,1,0,1,0,0,0,1
5455,0,-1.0738427650786138,-1.4976677070686424,-0.9486245866044049,0,0,0,0,1,0,0,0,1,1,0,1,0,1,0,1,0,1,0,1,0,0,0,0,1,0,0,0,0,2
5456,0,-0.7888002190384014,-1.1204397880309327,-0.8525790652221262,1,0,0,0,0,1,0,0,0,0,0,0,1,0,0,0,0,0,0,0,0,0,0,1,0,1,0,1,0,1
5457,0,-0.8702409464784621,-0.4573827849646494,-0.7491437299530623,0,0,1,1,1,0,0,0,0,0,1,0,0,0,0,0,0,0,0,0,0,0,0,0,0,0,0,0,0,1
5458,0,-1.0331224013585834,-0.4573827849646494,-0.8495790213755507,1,1,0,0,1,0,0,0,0,0,1,0,0,0,0,0,0,0,0,0,0,0,0,1,0,0,1,0,0,1
5459,0,-0.9109613101984924,0.8005975441611056,-0.5957223700050266,0,0,1,1,1,0,0,1,0,0,0,0,0,0,0,0,0,0,1,0,1,0,0,1,0,1,0,0,0,1
5460,0,0.0663274190822359,-1.4860351280674795,-0.7062166319719153,0,1,1,0,1,0,0,0,1,1,0,1,0,1,0,1,0,1,0,1,0,0,1,0,1,0,0,1,0,2
5461,0,1.2064976032430856,0.0112439690821971,0.6913405584677406,0,0,0,0,1,0,0,0,0,0,1,0,0,0,0,0,1,0,0,0,1,0,1,1,0,0,1,0,1,0
5462,0,1.2879383306831464,0.179085466098976,0.9710284697231172,0,1,1,0,1,0,1,0,0,0,0,0,1,0,0,0,1,0,0,0,1,1,0,1,0,0,1,0,1,0
5463,0,-1.2774445836787656,-0.6784017859867437,-0.986213371270322,1,0,1,1,1,0,0,0,0,0,0,0,0,0,0,0,0,0,0,0,0,0,0,1,0,0,0,0,0,1
5464,0,-0.3001558543980371,-1.462769970065154,-0.7854530841549986,0,1,0,0,1,0,0,0,1,1,0,1,0,1,0,1,0,1,0,1,0,0,1,1,0,0,1,1,0,2
5465,0,-0.2594354906780068,-0.289541287947871,-0.3205345245195131,0,0,0,0,1,0,0,0,0,0,0,0,1,0,1,0,0,0,0,0,0,1,0,1,0,0,1,1,0,1
5466,0,-0.9109613101984924,-1.4893587220678115,-0.9089401830750712,0,1,0,1,1,0,0,0,1,1,0,1,0,1,0,1,0,1,0,1,0,1,0,1,0,0,0,0,0,2
5467,0,0.8400143297628127,1.1246479591934997,1.337717652529185,0,0,0,0,1,0,1,1,0,0,1,0,1,0,1,0,0,0,1,0,0,1,0,0,0,0,1,0,1,0
5468,0,-1.0331224013585834,0.4964886931307054,-0.7472245842570913,1,0,0,0,1,0,0,1,0,0,0,0,0,0,0,0,0,0,1,0,0,0,0,1,0,1,0,0,0,1
5469,0,0.0256070553622056,0.4732235351283796,0.1310603109738282,0,1,0,0,1,0,0,1,0,0,0,0,1,0,1,0,0,0,0,0,0,0,0,1,1,0,0,1,0,1
5470,1,1.5729808767233588,0.8205391081630994,1.833342543300208,0,0,1,0,1,0,0,1,0,0,0,0,1,0,1,0,0,0,0,0,1,0,1,0,1,0,0,0,1,0
5471,0,-0.1372743995179157,0.3136910231124318,-0.1263919811834005,0,0,0,0,1,0,1,1,0,0,0,0,0,0,0,0,0,0,0,0,0,0,0,1,0,1,0,1,0,1
5472,0,-0.3408762181180675,0.5396954151350245,-0.1570100757352156,0,1,1,1,1,0,1,0,0,0,1,0,0,0,0,0,1,0,1,0,1,0,0,0,0,0,0,1,0,1
5473,0,-0.5037576729981889,-0.5039131009693008,-0.5911561267973712,0,1,1,1,1,0,0,0,0,0,0,0,0,0,1,0,0,0,0,0,0,0,0,1,0,1,0,1,0,1
5474,0,-1.2774445836787656,0.6593447991469852,-0.9684557587961063,0,0,0,0,1,0,1,1,0,0,0,0,0,0,0,0,0,0,1,0,0,0,0,1,0,1,0,0,0,1
5475,0,0.880734693482843,-0.3244390249513595,0.3586445195408857,1,1,0,1,1,0,1,0,0,0,0,0,1,0,0,0,0,0,0,0,0,0,0,1,1,0,0,0,1,0
5476,1,-1.1145631287986442,0.6676537841478158,-0.8224462718807867,1,0,0,0,1,0,0,1,0,0,0,0,0,0,1,0,0,0,1,0,0,0,0,1,0,0,1,0,0,1
5477,0,1.6137012404433893,0.6460504231456565,1.635383767718084,0,0,1,1,1,0,1,0,0,0,1,0,0,0,1,0,1,0,1,0,1,0,1,1,0,0,0,0,1,0
5478,0,0.7992939660427822,1.3805646972190828,1.4149908407244356,0,1,1,0,1,0,0,1,0,0,1,0,1,0,1,0,1,0,1,0,1,0,1,1,0,1,0,0,1,0
5479,0,-0.9516816739185228,0.142525932095321,-0.7183491622338016,0,0,0,0,1,0,0,1,0,0,0,0,0,0,0,0,0,0,0,0,0,0,0,0,0,1,0,0,0,1
5480,0,-1.2774445836787656,-0.6435040489832552,-0.9857501292057772,0,0,0,0,1,0,0,0,0,0,0,0,0,0,0,0,0,0,0,0,0,0,0,1,0,0,1,0,0,1
5481,1,-1.2774445836787656,0.2954112561106046,-0.9732867117549302,1,1,0,0,1,0,1,1,0,0,0,0,0,0,0,0,0,0,0,0,0,0,0,1,0,1,0,0,0,1
5482,0,0.0256070553622056,0.3037202411114352,0.0552871447018652,1,1,1,1,1,0,0,0,0,0,0,0,0,0,1,0,1,0,1,0,1,1,0,1,0,0,1,1,0,1
5483,0,0.9214550572028734,0.4316786101242265,0.9610797949083704,1,0,1,0,1,0,1,1,0,0,0,0,0,0,1,0,0,0,0,0,0,0,0,1,0,1,0,0,1,0
5484,0,1.4915401492832985,1.1495749141959914,2.019168788620446,0,1,1,1,1,0,1,1,0,0,0,0,0,0,0,0,1,0,1,0,1,0,1,1,0,1,0,0,1,0
5485,0,-1.2774445836787656,-0.46569176996548,-0.983389800591192,0,1,0,0,1,0,0,0,0,0,1,0,0,0,0,0,0,0,0,0,0,0,0,1,0,0,1,0,0,1
5486,0,0.880734693482843,0.7424346491552913,1.0833095225103928,0,1,0,0,1,0,1,0,0,0,1,0,0,0,1,0,1,0,1,0,1,0,1,0,0,0,0,0,1,0
5487,0,0.0256070553622056,-1.4827115340671475,-0.704826905778281,0,1,0,1,1,0,0,0,1,1,0,1,0,1,0,1,0,1,0,1,0,1,0,1,0,0,1,1,0,2
5488,1,0.5142514200025698,1.127971553193832,0.990925819352611,0,1,1,0,1,0,1,1,0,0,0,0,1,0,1,0,1,0,1,0,0,1,0,1,0,0,0,1,0,0
5489,0,-0.8702409464784621,-1.3148700370503688,-0.8641380576898144,0,0,0,1,0,1,0,0,0,0,0,0,0,0,0,0,0,0,0,0,0,0,0,0,0,1,0,0,0,1
5490,0,-1.0738427650786138,-0.3011738669490337,-0.8576967870780492,0,1,0,0,1,0,0,0,0,0,1,0,1,0,0,0,0,0,0,0,0,0,0,1,0,0,0,0,0,1
5491,0,-0.4630373092781585,0.0195529540830277,-0.3773588844370026,0,1,0,0,1,0,0,0,0,0,1,0,0,0,1,0,0,0,1,0,0,0,0,0,0,0,0,1,0,1
5492,0,1.3286586944031769,-1.3115464430500368,-0.2343494413682585,0,0,1,1,1,0,1,0,1,1,0,1,0,1,0,1,0,1,0,1,0,0,1,1,0,0,0,0,1,2
5493,1,-1.0738427650786138,0.6510358141461546,-0.7962620656610429,1,0,1,0,1,0,1,1,0,0,0,0,0,0,0,0,0,0,0,0,1,0,0,1,0,1,0,0,0,1
5494,0,-0.9924020376385532,0.6709773781481484,-0.7108931709092242,1,0,0,0,1,0,0,1,0,0,1,0,0,0,0,0,0,0,1,0,0,0,0,0,0,1,0,0,0,1
5495,0,-0.8702409464784621,0.3020584441112687,-0.5971341553445915,1,1,0,0,1,0,0,1,0,0,0,0,0,0,0,0,1,0,0,0,0,0,0,1,0,1,0,0,0,1
5496,0,0.4328106925625091,-1.3464441800535252,-0.5302067065908401,0,1,1,1,1,0,1,0,1,1,0,1,0,1,0,1,0,1,0,1,0,0,1,0,0,0,1,1,0,2
5497,0,0.6771328748826912,-0.4307940329619915,0.1153762582170987,1,1,1,1,0,1,0,0,0,0,0,0,1,0,0,0,0,0,1,0,1,1,0,1,0,0,0,0,1,0
5498,1,-1.2774445836787656,-0.6235624849812617,-0.9854854194546088,1,0,1,0,1,0,0,0,0,0,0,0,0,0,0,0,0,0,0,0,0,0,0,0,0,1,0,0,0,1
5499,1,-0.7073594915983407,0.4865179111297087,-0.4957282615011522,1,1,0,0,1,0,0,1,0,0,0,0,0,0,0,0,0,0,0,0,1,0,0,1,0,1,0,1,0,1
5500,0,1.125056875803025,-0.1416413549330859,0.6241483999628207,0,1,1,1,1,0,0,0,0,0,1,0,1,0,1,0,0,0,0,0,0,0,1,0,0,0,0,0,1,0
5501,0,-0.62591876415828,-1.3181936310507012,-0.8368950124653969,0,1,0,0,0,1,0,0,0,0,0,0,0,0,0,0,0,0,0,0,0,0,0,0,1,0,0,1,0,1
5502,1,-0.6666391278783103,0.2339247671044577,-0.4905664213533678,1,1,1,0,1,0,0,1,0,0,0,0,0,0,0,0,0,0,0,0,0,0,0,1,0,0,0,1,0,1
5503,0,0.1070477828022663,-1.4860351280674795,-0.6763264892358134,0,1,1,1,1,0,0,0,1,1,0,1,0,1,0,1,0,1,0,1,0,1,0,0,0,0,0,1,0,2
5504,1,0.4735310562825394,0.785641371159611,0.72052480853406,1,1,1,0,1,0,1,1,0,0,0,0,1,0,0,0,0,0,0,0,1,1,0,0,0,0,1,1,0,0
5505,0,-0.8295205827584317,-1.1470285400335904,-0.8430495141800628,0,0,1,1,0,1,0,0,0,0,0,0,0,0,0,0,1,0,0,0,0,1,0,0,1,0,0,0,0,1
5506,0,-1.2774445836787656,-1.481049737066981,-0.9968679387548512,0,1,0,0,1,0,0,0,1,1,0,1,0,1,0,1,0,1,0,1,0,0,0,0,0,0,1,0,0,2
5507,0,-0.1779947632379461,-0.1615829189350795,-0.275754458280187,0,0,0,0,1,0,0,0,0,0,1,0,1,0,0,0,1,0,0,0,0,1,0,1,0,1,0,1,0,1
5508,0,1.5322605130033284,-1.3165318340505352,-0.1495099661187767,0,1,1,0,1,0,1,0,1,1,0,1,0,1,0,1,0,1,0,1,0,0,1,0,0,0,0,0,1,2
5509,0,-1.1145631287986442,-0.6235624849812617,-0.9079695806541204,1,0,0,1,1,0,0,0,0,0,0,0,0,0,0,0,0,0,0,0,0,0,0,0,0,0,1,0,0,1
5510,0,-0.5851984004382496,1.2143849972024705,-0.2140109088201507,0,1,0,0,1,0,0,1,0,0,0,0,1,0,1,0,0,0,1,0,1,0,0,0,1,0,0,1,0,1
5511,0,1.5322605130033284,0.4050898581215686,1.3279895691737449,0,1,1,0,1,0,1,0,0,0,1,0,0,0,0,0,1,0,1,0,1,0,1,1,1,0,0,0,1,0
5512,0,-0.9516816739185228,-0.3144682429503628,-0.7846589549014933,0,0,1,1,1,0,1,0,0,0,0,0,1,0,0,0,0,0,0,0,0,0,0,1,0,0,1,0,0,1
5513,1,1.4100994218432374,0.9202469281730667,1.703458292060232,0,0,0,0,1,0,0,1,0,0,1,0,1,0,0,0,1,0,1,0,0,0,1,1,0,0,0,0,1,0
5514,0,-1.2774445836787656,-0.5421344319731216,-0.9844045213040044,0,0,0,0,1,0,0,0,0,0,1,0,0,0,0,0,0,0,0,0,0,0,0,1,0,0,0,0,0,1
5515,0,-0.5851984004382496,-1.5093002860698053,-0.8693440161294602,0,0,1,1,1,0,0,0,1,1,0,1,0,1,0,1,0,1,0,1,0,0,1,0,0,0,1,1,0,2
5516,0,-1.1552834925186746,-0.4324558299621575,-0.9170579487775696,1,1,0,0,1,0,1,0,0,0,0,0,0,0,0,0,0,0,0,0,0,0,0,0,1,0,0,0,0,1
5517,1,1.5729808767233588,0.7291402731539627,1.7204438344268729,0,1,1,1,1,0,0,1,0,0,1,0,1,0,1,0,0,0,0,0,0,1,0,1,0,0,0,0,1,0
5518,0,-0.0965540357978854,0.9850570111795456,0.2466061173588477,1,1,1,1,1,0,1,1,0,0,1,0,1,0,0,0,0,0,1,0,0,0,0,1,0,1,0,1,0,1
5519,0,-1.2774445836787656,-0.3011738669490337,-0.9812059451440526,0,1,1,0,1,0,0,0,0,0,1,0,0,0,1,0,0,0,0,0,0,0,0,0,0,0,1,0,0,1
5520,0,0.9214550572028734,0.6477122201458225,1.019183585289841,0,0,0,0,1,0,1,1,0,0,1,0,0,0,1,0,0,0,0,0,0,1,0,1,1,0,0,0,1,0
5521,0,1.0843365120829946,-0.0037122039192975,0.6422368996259967,0,1,0,0,1,0,0,0,0,0,0,0,0,0,1,0,1,0,1,0,0,0,0,1,0,1,0,0,1,0
5522,0,-1.2774445836787656,0.179085466098976,-0.9748308519700792,1,0,0,0,1,0,0,1,0,0,0,0,0,0,0,0,0,0,0,0,0,0,0,1,0,0,1,0,0,1
5523,0,-1.0331224013585834,0.1475113230958195,-0.7950929309267156,0,0,1,0,1,0,0,1,0,0,0,0,0,0,0,0,0,0,0,0,0,0,0,1,0,0,0,0,0,1
5524,0,0.5142514200025698,-0.3360716039525224,0.1208689855538435,0,1,1,1,1,0,0,0,0,0,1,0,0,0,0,0,1,0,0,0,0,0,1,0,0,0,0,1,0,1
5525,0,0.880734693482843,-1.329826210051864,-0.4136461794930082,0,0,1,1,1,0,1,0,1,1,0,1,0,1,0,1,0,1,0,1,0,1,0,1,0,0,0,0,1,2
5526,0,0.758573602322752,-1.3564149620545218,-0.4691469906546557,0,1,1,1,1,0,1,0,1,1,0,1,0,1,0,1,0,1,0,1,0,1,0,1,0,0,1,0,1,2
5527,1,1.6137012404433893,1.3373579752147635,2.337526382692344,0,0,1,0,1,0,1,1,0,0,0,0,1,0,1,0,0,0,1,0,1,1,0,0,1,0,0,0,1,0
5528,0,0.4735310562825394,-0.1632447159352455,0.1430384272141995,0,1,1,0,1,0,0,0,0,0,1,0,1,0,0,0,1,0,0,0,0,1,0,1,0,0,0,1,0,1
5529,0,-1.2367242199587352,-1.4860351280674795,-0.9869413230860352,0,1,0,0,1,0,0,0,1,1,0,1,0,1,0,1,0,1,0,1,0,0,0,0,0,0,1,0,0,2
5530,0,1.369379058123207,0.9102761461720702,1.6664209860425825,0,0,0,0,1,0,1,1,0,0,0,0,0,0,1,0,0,0,1,0,0,1,0,1,0,0,0,0,1,0
5531,0,1.4508197855632678,-0.6634456129852487,0.3105555814119543,0,1,1,1,0,1,0,0,0,0,1,0,1,0,0,0,0,0,1,0,0,1,0,0,0,0,1,0,1,0
5532,0,-0.055833672077855,-1.4577845790646555,-0.7016503887642599,0,0,0,0,1,0,0,0,1,1,0,1,0,1,0,1,0,1,0,1,0,0,1,0,1,0,0,1,0,2
5533,1,-0.4630373092781585,1.0182929511828682,-0.112340305225543,0,0,0,0,1,0,1,1,0,0,0,0,0,0,0,0,0,0,1,0,1,0,0,1,0,0,0,1,0,1
5534,0,-0.4630373092781585,0.5180920541328647,-0.2349450383083874,0,1,0,1,1,0,1,1,0,0,1,0,0,0,0,0,0,0,0,0,0,0,0,0,0,1,0,1,0,1
5535,0,0.9214550572028734,0.6759627691486464,1.0492281420474576,0,0,1,1,1,0,1,0,0,0,1,0,0,0,1,0,1,0,1,0,1,0,1,1,0,0,0,0,1,0
5536,0,-0.9516816739185228,-0.9991286070188056,-0.875145571509235,1,1,0,0,0,1,0,0,0,0,0,0,0,0,0,0,0,0,1,0,0,0,0,1,1,0,0,0,0,1
5537,1,1.5729808767233588,1.6713791722481544,2.531007151650536,0,1,1,0,1,0,1,1,0,0,1,0,1,0,1,0,1,0,1,0,1,0,1,1,0,0,0,0,1,0
5538,0,-1.2774445836787656,0.5430190091353566,-0.9699998990112556,1,0,0,0,1,0,0,1,0,0,0,0,0,0,0,0,0,0,0,0,1,0,0,1,0,1,0,0,0,1
5539,0,-0.4223169455581282,-1.4893587220678115,-0.8145270384916645,0,1,1,1,1,0,0,0,1,1,0,1,0,1,0,1,0,1,0,1,0,1,0,0,0,0,1,1,0,2
5540,0,-1.2774445836787656,-1.4694171580658184,-0.9967135247333362,1,0,1,1,1,0,0,0,1,1,0,1,0,1,0,1,0,1,0,1,0,0,0,0,0,0,1,0,0,2
5541,0,1.1657772395230557,1.3905354792200797,1.8303204403077016,1,0,0,0,1,0,1,1,0,0,0,0,0,0,1,0,1,0,1,0,1,0,1,1,0,1,0,0,1,0
5542,0,1.4100994218432374,0.7108605061521354,1.5900742819764213,0,0,1,0,1,0,1,0,0,0,0,0,1,0,1,0,1,0,1,0,1,0,1,0,0,0,0,0,1,0
5543,1,-0.748079855318371,0.468238144127881,-0.54527310326151,0,0,0,0,1,0,0,1,0,0,1,0,1,0,0,0,0,0,0,0,0,0,0,0,0,1,0,1,0,1
5544,0,1.0843365120829946,1.395520870220578,1.752892838090936,1,1,1,0,1,0,1,1,0,0,1,0,1,0,1,0,1,0,1,0,0,0,0,1,0,1,0,0,1,0
5545,1,-0.4630373092781585,0.7241548821534641,-0.1863928581149112,0,1,1,0,1,0,0,1,0,0,0,0,0,0,1,0,0,0,1,0,0,0,0,0,0,0,0,1,0,1
5546,0,-1.1552834925186746,-0.7432118689932226,-0.941190654425758,0,1,0,0,0,1,0,0,0,0,1,0,1,0,0,0,1,0,0,0,0,0,0,0,0,0,1,0,0,1
5547,0,-1.1960038562387048,0.8205391081630994,-0.8996974009301067,1,0,0,0,1,0,0,1,0,0,0,0,0,0,0,0,0,0,1,0,1,0,0,1,0,1,0,0,0,1
5548,0,1.5322605130033284,-1.3464441800535252,-0.2451143045824412,0,1,1,0,1,0,1,0,1,1,0,1,0,1,0,1,0,1,0,1,0,0,1,0,0,0,0,0,1,2
5549,0,-1.1960038562387048,1.1013828011911744,-0.8666748594718452,1,0,0,0,1,0,0,1,0,0,0,0,1,0,0,0,1,0,1,0,1,0,0,1,0,1,0,0,0,1
5550,1,-0.4630373092781585,-1.4710789550659844,-0.81626971102019,0,1,0,0,1,0,0,0,1,1,0,1,0,1,0,1,0,1,0,1,0,1,0,0,0,0,0,1,0,2
5551,0,-0.5037576729981889,-1.5009913010689746,-0.8486525372464612,0,1,0,0,1,0,0,0,1,1,0,1,0,1,0,1,0,1,0,1,0,0,0,1,1,0,0,1,0,2
5552,0,-0.4223169455581282,-1.479387940066815,-0.7903722736975453,0,1,1,1,1,0,0,0,1,1,0,1,0,1,0,1,0,1,0,1,0,1,0,0,0,0,0,1,0,2
5553,0,-1.2774445836787656,-0.3011738669490337,-0.9812059451440526,1,1,0,0,1,0,0,0,0,0,0,0,0,0,0,0,0,0,0,0,1,0,0,1,0,0,1,0,0,1
5554,0,1.247217966963116,-1.4677553610656522,-0.4328155773067887,0,0,0,0,1,0,0,0,1,1,0,1,0,1,0,1,0,1,0,1,0,0,1,1,0,0,1,0,1,2
5555,0,1.5322605130033284,-1.4943441130683104,-0.397498884671734,0,0,1,1,1,0,0,0,1,1,0,1,0,1,0,1,0,1,0,1,0,0,1,0,0,0,0,0,1,2
5556,0,-0.7888002190384014,0.4998122871310375,-0.5763103215860084,1,1,0,0,1,0,0,1,0,0,0,0,1,0,1,0,0,0,0,0,0,0,0,1,0,1,0,1,0,1
5557,0,-1.1145631287986442,0.5131066631323666,-0.8362552972334064,0,0,0,0,1,0,0,1,0,0,0,0,0,0,0,0,0,0,1,0,0,0,0,0,0,1,0,0,0,1
5558,0,1.6137012404433893,1.71624769125264,2.7633561357386247,0,0,1,1,1,0,1,1,0,0,1,0,1,0,1,0,1,0,1,0,1,0,1,1,1,0,0,0,1,0
5559,0,-0.7888002190384014,-1.1004982240289392,-0.8337405545973063,0,0,0,0,0,1,0,0,0,0,0,0,1,0,0,0,0,0,0,0,0,0,0,1,0,1,0,1,0,1
5560,0,1.1657772395230557,0.9767480261787151,1.5230144783470858,0,1,1,0,1,0,0,1,0,0,0,0,1,0,1,0,1,0,0,0,1,0,0,0,1,0,0,0,1,0
5561,0,-1.2774445836787656,-1.4660935640654862,-0.9966694064414748,0,1,0,0,1,0,0,0,1,1,0,1,0,1,0,1,0,1,0,1,0,0,0,0,0,1,0,0,0,2
5562,1,0.9621754209229036,0.4017662641212361,0.8806080305531678,0,0,1,0,1,0,1,1,0,0,0,0,0,0,0,0,1,0,0,0,0,0,0,1,0,0,0,0,1,0
5563,0,-1.1552834925186746,-1.4827115340671475,-0.9684998770879678,0,0,0,0,1,0,0,0,1,1,0,1,0,1,0,1,0,1,0,1,0,0,0,0,0,0,1,0,0,2
5564,0,0.1070477828022663,-0.3161300399505289,-0.1568997800055621,0,1,0,0,1,0,1,0,0,0,1,0,0,0,0,0,0,0,0,0,0,0,1,0,0,0,1,1,0,1
5565,0,-0.5851984004382496,-0.8545522680043529,-0.7102534556772339,1,0,1,0,0,1,0,0,0,0,0,0,0,0,1,0,0,0,1,0,0,0,0,1,0,1,0,1,0,1
5566,0,1.6137012404433893,0.5779167461388456,1.5461545224283926,0,1,1,0,1,0,1,0,0,0,0,0,1,0,1,0,0,0,1,0,1,0,1,0,0,0,0,0,1,0
5567,1,0.6771328748826912,1.270886095208119,1.2734593604330482,0,0,0,0,1,0,1,1,0,0,1,0,1,0,1,0,1,0,0,0,1,1,0,0,0,0,0,0,1,0
5568,0,0.4735310562825394,1.0083221691818711,0.7856654664674244,0,0,1,0,1,0,1,1,0,0,1,0,1,0,1,0,1,0,0,0,0,0,0,1,1,0,0,1,0,0
5569,1,-1.1960038562387048,0.6360796411446599,-0.8878075212734581,1,0,1,0,1,0,0,1,0,0,0,0,0,0,0,0,1,0,1,0,0,0,0,1,0,0,1,0,0,1
5570,0,0.188488510242327,1.0099839661820376,0.5528532403147903,0,0,1,1,1,0,1,1,0,0,0,0,1,0,1,0,0,0,0,0,1,0,0,1,0,1,0,1,0,0
5571,0,1.1657772395230557,0.4998122871310375,1.1625459746934763,0,1,1,0,1,0,1,0,0,0,0,0,1,0,1,0,0,0,1,0,1,1,0,1,0,1,0,0,1,0
5572,0,1.5322605130033284,0.3336325871144251,1.3394603250577102,0,1,1,0,1,0,1,0,0,0,1,0,0,0,1,0,1,0,0,0,1,0,1,1,1,0,0,0,1,0
5573,1,-1.2774445836787656,0.1691146840979788,-0.9749632068456636,1,0,0,0,1,0,0,1,0,0,0,0,0,0,0,0,0,0,0,0,0,0,0,1,0,1,0,0,0,1
5574,0,0.3513699651224484,-1.4727407520661506,-0.6635983620337982,0,0,0,0,1,0,0,0,1,1,0,1,0,1,0,1,0,1,0,1,0,0,0,0,0,1,0,1,0,2
5575,0,1.5322605130033284,0.4516201741262198,1.3968802819153288,0,1,1,1,1,0,1,0,0,0,1,0,1,0,1,0,1,0,0,0,1,1,0,0,0,0,0,0,1,0
5576,0,-1.2774445836787656,-0.3726311379561772,-0.9821544884190726,1,0,0,0,1,0,0,0,0,0,0,0,0,0,0,0,0,0,1,0,0,0,0,1,0,0,1,0,0,1
5577,0,0.758573602322752,-1.517609271070636,-0.5611556883316158,0,1,0,0,1,0,0,0,1,1,0,1,0,1,0,1,0,1,0,1,0,1,0,0,0,1,0,0,1,2
5578,0,0.3920903288424788,-1.4876969250676455,-0.6380318119001139,0,0,1,1,1,0,0,0,1,1,0,1,0,1,0,1,0,1,0,1,0,0,1,0,0,0,1,1,0,2
5579,0,1.5322605130033284,0.9684390411778844,1.8967846469969083,1,0,1,1,1,0,1,1,0,0,1,0,1,0,1,0,1,0,0,0,0,0,1,0,0,0,0,0,1,0
5580,0,0.6364125111626608,-1.4893587220678115,-0.5626115919630421,0,1,0,0,1,0,0,0,1,1,0,1,0,1,0,1,0,1,0,1,0,1,0,0,0,0,0,1,0,2
5581,0,1.4508197855632678,1.608230886241842,2.460153174921119,1,1,1,1,1,0,1,1,0,0,1,0,1,0,1,0,1,0,1,0,1,0,1,1,0,1,0,0,1,0
5582,0,0.6364125111626608,-1.3547531650543558,-0.4838383818445035,0,0,0,0,1,0,1,0,1,1,0,1,0,1,0,1,0,1,0,1,0,0,1,0,1,0,0,1,0,2
5583,1,-0.2594354906780068,0.6709773781481484,-0.0485231960480207,1,0,1,0,1,0,0,1,0,0,0,0,1,0,0,0,0,0,0,0,1,0,0,0,0,1,0,1,0,1
5584,0,-0.8702409464784621,0.5230774451333633,-0.6100828740059139,1,1,1,0,1,0,1,1,0,0,0,0,1,0,0,0,0,0,0,0,0,0,0,1,0,0,0,0,0,1
5585,0,-1.2774445836787656,-1.5109620830699717,-0.9972650033816036,1,1,0,0,1,0,0,0,1,1,0,1,0,1,0,1,0,1,0,1,0,0,0,1,0,0,1,0,0,2
5586,0,-0.2187151269579764,-1.51594747407047,-0.7845927774637013,0,0,0,0,1,0,0,0,1,1,0,1,0,1,0,1,0,1,0,1,0,1,0,0,0,0,1,1,0,2
5587,1,0.5549717837226001,0.8820255971692458,0.814695302512229,0,0,0,0,1,0,0,1,0,0,0,0,1,0,1,0,0,0,1,0,0,1,0,1,0,0,0,1,0,0
5588,0,-1.2774445836787656,-0.5022513039691348,-0.9838751018016674,1,1,0,0,1,0,0,0,0,0,0,0,0,0,1,0,0,0,0,0,0,0,0,1,0,0,1,0,0,1
5589,0,0.5549717837226001,-0.346042385953519,0.0795963235174993,1,0,0,0,1,0,0,0,0,0,0,0,0,0,1,0,1,0,0,0,0,0,1,0,1,0,0,1,0,1
5590,0,-0.3001558543980371,-1.51594747407047,-0.795070871780785,0,1,1,1,1,0,0,0,1,1,0,1,0,1,0,1,0,1,0,1,0,0,0,1,0,0,1,1,0,2
5591,0,-1.1552834925186746,0.787303168159777,-0.8422553849265575,1,1,0,0,1,0,0,1,0,0,0,0,0,0,0,0,0,0,1,0,1,0,0,1,0,1,0,0,0,1
5592,0,-0.7888002190384014,-1.4960059100684764,-0.8885354730891714,0,1,0,0,1,0,0,0,1,1,0,1,0,1,0,1,0,1,0,1,0,0,1,0,0,0,1,1,0,2
5593,0,-0.055833672077855,0.356897745116751,0.0638460933229776,0,1,1,0,1,0,0,0,0,0,1,0,1,0,1,0,1,0,0,0,1,1,0,1,1,0,0,1,0,1
5594,0,-0.3815965818380978,0.6310942501441613,-0.1896134934207938,0,0,1,1,1,0,1,1,0,0,0,0,0,0,0,0,0,0,1,0,0,0,0,1,0,1,0,1,0,1
5595,0,-1.2367242199587352,-1.5076384890696393,-0.9788456165294672,0,0,0,0,1,0,0,0,1,1,0,1,0,1,0,1,0,1,0,1,0,0,0,0,0,0,1,0,0,2
5596,0,1.3286586944031769,-1.2716633150460497,-0.256408587298961,0,0,0,0,1,0,1,0,1,1,0,1,0,1,0,1,0,1,0,1,0,0,1,0,0,0,0,0,1,2
5597,1,-0.4223169455581282,0.8554368451665879,-0.1628557494068517,1,1,0,0,1,0,1,1,0,0,0,0,0,0,0,0,1,0,1,0,0,0,0,1,0,0,0,1,0,1
5598,0,0.9214550572028734,-1.51594747407047,-0.5654351626421721,0,0,1,1,1,0,0,0,1,1,0,1,0,1,0,1,0,1,0,1,0,1,0,0,1,0,0,0,1,2
5599,0,-0.9516816739185228,1.0000131841810405,-0.6128623263931824,1,1,1,0,1,0,0,1,0,0,0,0,1,0,1,0,1,0,1,0,0,0,0,1,0,0,1,0,0,1
5600,0,-1.0331224013585834,0.1724382780983114,-0.7721734783047157,1,1,1,1,1,0,0,1,0,0,0,0,0,0,0,0,0,0,0,0,0,0,0,1,0,0,0,0,0,1
5601,0,0.1070477828022663,-0.7930657789982063,-0.3953591475164559,0,0,1,1,0,1,0,0,0,0,0,0,0,0,0,0,1,0,1,0,0,1,0,0,0,0,1,1,0,1
5602,0,-1.0738427650786138,0.5147684601325326,-0.7881001816666828,0,1,0,0,1,0,0,0,0,0,1,0,0,0,1,0,1,0,1,0,1,0,1,1,0,0,1,0,0,1
5603,0,-1.2774445836787656,-0.5371490409726233,-0.9843383438662122,1,0,0,0,1,0,0,0,0,0,1,0,0,0,0,0,0,0,0,0,0,0,0,1,1,0,0,0,0,1
5604,0,-0.62591876415828,0.2006888271011353,-0.473272050943697,0,1,0,0,1,0,0,1,0,0,0,0,0,0,0,0,0,0,0,0,0,0,0,1,0,1,0,1,0,1
5605,0,-0.9109613101984924,-0.1516121369340826,-0.7571732590718381,0,1,1,1,1,0,0,0,0,0,0,0,0,0,1,0,0,0,1,0,0,0,0,0,0,0,1,0,0,1
5606,0,-0.7073594915983407,-0.3177918369506949,-0.6243551414230784,0,1,0,1,1,0,0,0,0,0,0,0,0,0,1,0,1,0,0,0,0,1,0,0,1,0,0,1,0,1
5607,1,0.3106496014024181,-0.2978502729487016,-0.0751706443323094,1,0,0,0,0,1,0,0,0,0,1,0,1,0,0,0,0,0,1,0,1,0,0,1,0,1,0,1,0,1
5608,0,-0.7888002190384014,-0.3526895739541836,-0.6964885486164756,0,0,1,1,1,0,0,0,0,0,1,0,0,0,0,0,1,0,0,0,0,1,0,0,0,0,0,1,0,1
5609,0,-0.1372743995179157,0.5114448661322006,-0.006390227320379,1,1,1,0,1,0,1,1,0,0,0,0,1,0,0,0,0,0,0,0,0,0,0,1,0,0,0,1,0,1
5610,0,-1.1960038562387048,0.356897745116751,-0.9084548818645956,1,0,0,0,1,0,1,1,0,0,0,0,0,0,0,0,0,0,0,0,0,0,0,1,0,1,0,0,0,1
5611,1,1.0436161483629645,1.1844726511994803,1.5309337117362078,0,0,1,0,1,0,1,1,0,0,0,0,0,0,0,0,1,0,1,0,1,0,0,1,0,0,0,0,1,0
5612,0,0.5142514200025698,-0.073507677926275,0.2279661390474041,0,0,0,0,1,0,0,0,0,0,1,0,1,0,0,0,1,0,0,0,0,1,0,1,1,0,0,1,0,1
5613,0,1.6137012404433893,0.1890562480999726,1.2732387689737412,0,0,1,1,1,0,1,0,0,0,1,0,1,0,1,0,1,0,0,0,0,0,1,1,0,0,0,0,1,0
5614,0,1.4508197855632678,0.6892571451499756,1.5074627804659404,0,1,1,1,1,0,1,1,0,0,1,0,1,0,0,0,0,0,0,0,0,1,0,1,0,0,0,0,1,0
5615,0,-1.2774445836787656,-1.481049737066981,-0.9968679387548512,1,1,0,0,1,0,0,0,1,1,0,1,0,1,0,1,0,1,0,1,0,0,0,1,0,0,0,0,0,2
5616,0,0.2292088739623573,-0.3410569949530208,-0.0898620355221571,0,0,1,1,1,0,0,0,0,0,1,0,1,0,0,0,0,0,0,0,0,0,0,0,0,1,0,1,0,1
5617,0,-1.2367242199587352,-1.462769970065154,-0.986279548708114,0,1,0,0,1,0,0,0,1,1,0,1,0,1,0,1,0,1,0,1,0,0,0,0,0,0,1,0,0,2
5618,0,-0.8702409464784621,-1.4760643460664828,-0.9108152104791808,0,1,0,0,1,0,0,0,1,1,0,1,0,1,0,1,0,1,0,1,0,0,0,0,0,0,1,0,0,2
5619,1,-0.5037576729981889,0.8720548151682491,-0.1854001965480296,0,0,1,0,1,0,0,1,0,0,0,0,0,0,0,0,0,0,1,0,1,1,0,1,0,0,0,1,0,1
5620,0,1.6137012404433893,1.330710787214099,2.289900686627957,0,1,1,0,1,0,1,1,0,0,0,0,1,0,1,0,0,0,1,0,1,0,1,1,0,0,0,0,1,0
5621,0,-1.1960038562387048,0.3319707901142591,-0.9045283538889306,1,0,1,0,1,0,1,1,0,0,0,0,0,0,0,0,0,0,0,0,0,0,0,1,1,0,0,0,0,1
5622,0,-0.3815965818380978,1.305783832211607,0.083986093557709,1,1,0,0,1,0,1,1,0,0,0,0,0,0,1,0,1,0,1,0,1,0,0,1,0,0,1,1,0,1
5623,0,0.3106496014024181,-0.454059190964317,-0.0824281033435104,0,1,0,0,1,0,0,0,0,0,0,0,0,0,0,0,1,0,0,0,0,0,0,1,0,1,0,1,0,1
5624,1,1.2064976032430856,0.8321716871642622,1.4778814657728685,0,1,1,0,1,0,1,1,0,0,0,0,1,0,0,0,0,0,0,0,1,0,0,1,0,0,0,0,1,0
5625,0,-0.4223169455581282,-1.4694171580658184,-0.7984900394000438,0,0,0,1,1,0,0,0,1,1,0,1,0,1,0,1,0,1,0,1,0,0,0,1,0,1,0,1,0,2
5626,0,-0.8702409464784621,-0.0236537679212913,-0.6819736305940732,0,0,0,0,1,0,0,0,0,0,1,0,0,0,1,0,0,0,0,0,1,0,0,0,0,0,0,0,0,1
5627,1,-1.0331224013585834,0.3352943841145911,-0.7916958224533874,0,1,1,0,1,0,1,1,0,0,0,0,0,0,0,0,0,0,0,0,0,0,0,1,0,1,0,0,0,1
5628,0,-0.7888002190384014,1.0598378761870213,-0.4567276914956702,1,0,0,0,1,0,1,1,0,0,1,0,1,0,0,0,0,0,1,0,0,0,0,1,0,1,0,1,0,1
5629,1,-1.2774445836787656,-1.4860351280674795,-0.9969341161926432,1,1,0,0,1,0,0,0,1,1,0,1,0,1,0,1,0,1,0,1,0,0,0,0,0,0,1,0,0,2
5630,0,0.2699292376823877,1.285842268209614,0.7565032755470356,1,0,0,0,1,0,1,1,0,0,0,0,1,0,1,0,0,0,1,0,1,0,0,1,0,1,0,1,0,0
5631,0,-1.1960038562387048,-1.3215172250510334,-0.9712572703293056,0,1,1,0,0,1,0,0,0,0,0,0,0,0,0,0,0,0,0,0,0,0,0,0,0,0,1,0,0,1
5632,0,1.0436161483629645,-1.477726143066649,-0.5065813612990578,0,1,0,0,1,0,0,0,1,1,0,1,0,1,0,1,0,1,0,1,0,0,1,0,1,0,0,0,1,2
5633,0,-1.0738427650786138,-1.276648706046548,-0.9245801175399392,0,1,0,1,1,0,1,0,1,1,0,1,0,1,0,1,0,1,0,1,0,0,0,0,0,0,1,0,0,2
5634,0,-1.2774445836787656,-1.491020519067978,-0.9970002936304354,1,0,1,1,1,0,0,0,1,1,0,1,0,1,0,1,0,1,0,1,0,0,0,1,0,1,0,0,0,2
5635,0,-0.4223169455581282,-0.3344098069523561,-0.4857354683945439,0,0,1,0,1,0,0,0,0,0,0,0,1,0,1,0,0,0,0,0,0,0,0,1,0,0,1,1,0,1
5636,0,-0.748079855318371,-0.6119299059800988,-0.711201998952254,1,1,1,0,0,1,0,0,0,0,0,0,0,0,0,0,0,0,1,0,1,0,0,0,0,1,0,1,0,1
5637,0,1.2879383306831464,0.8471278601657574,1.4777049926054224,0,1,1,1,1,0,1,1,0,0,0,0,0,0,1,0,0,0,0,0,1,1,0,0,1,0,0,0,1,0
5638,0,-1.2774445836787656,-1.4893587220678115,-0.9969782344845048,1,1,0,0,1,0,0,0,1,1,0,1,0,1,0,1,0,1,0,1,0,0,0,0,0,1,0,0,0,2
5639,0,-1.0738427650786138,-1.4660935640654862,-0.9575585407063392,0,1,0,0,1,0,0,0,1,1,0,1,0,1,0,1,0,1,0,1,0,0,0,0,0,0,1,0,0,2
5640,0,-1.2774445836787656,0.4931650991303729,-0.9706616733891767,1,1,0,0,1,0,0,1,0,0,0,0,0,0,0,0,0,0,0,0,1,0,0,0,0,1,0,0,0,1
5641,0,0.2699292376823877,-1.3065610520495383,-0.5829280653652191,0,1,0,1,1,0,1,0,1,1,0,1,0,1,0,1,0,1,0,1,0,1,0,0,0,0,0,1,0,2
5642,0,-0.5037576729981889,-1.504314895069307,-0.8279169400716009,0,0,0,0,1,0,0,0,1,1,0,1,0,1,0,1,0,1,0,1,0,1,0,0,0,0,1,1,0,2
5643,0,-1.2774445836787656,0.3701921211180801,-0.9722940501880486,1,1,0,0,1,0,0,1,0,0,0,0,0,0,0,0,1,0,0,0,0,0,0,1,0,1,0,0,0,1
5644,0,-1.2774445836787656,0.3801629031190768,-0.9721616953124644,1,1,1,0,1,0,0,1,0,0,0,0,0,0,1,0,0,0,0,0,0,0,0,0,0,1,0,0,0,1
5645,0,1.2879383306831464,0.0461417060856861,0.932116136301358,0,1,1,0,1,0,1,0,0,0,1,0,0,0,0,0,0,0,1,0,0,1,0,1,1,0,0,0,1,0
5646,0,-1.2774445836787656,-1.5126238800701377,-0.9972870625275344,1,1,0,1,1,0,0,0,1,1,0,1,0,1,0,1,0,1,0,1,0,0,0,0,0,0,1,0,0,2
5647,0,0.5549717837226001,0.144187729095487,0.3918876524584543,0,0,1,0,1,0,0,0,0,0,0,0,1,0,0,0,0,0,1,0,1,0,0,1,1,0,0,1,0,1
5648,1,-0.1779947632379461,-0.8528904710041867,-0.5219786451586882,0,0,1,1,0,1,0,0,0,0,0,0,1,0,0,0,0,0,0,0,1,1,0,1,0,1,0,1,0,1
5649,0,0.0256070553622056,-1.4860351280674795,-0.7104299288446795,0,0,1,0,1,0,0,0,1,1,0,1,0,1,0,1,0,1,0,1,0,0,0,0,0,0,1,1,0,2
5650,0,0.2699292376823877,-0.1649065129354117,0.0282867500826852,0,1,1,1,1,0,0,0,0,0,1,0,1,0,1,0,0,0,0,0,0,1,0,0,0,1,0,1,0,1
5651,0,0.3920903288424788,0.6493740171459885,0.5773609514438008,1,0,1,0,1,0,1,1,0,0,0,0,0,0,1,0,1,0,0,0,0,0,0,1,0,1,0,1,0,1
5652,0,-1.2774445836787656,-0.5371490409726233,-0.9843383438662122,0,0,0,0,1,0,0,0,0,0,0,0,1,0,0,0,0,0,0,0,0,0,0,1,0,1,0,0,0,1
5653,0,-1.0331224013585834,0.4732235351283796,-0.7750632264216377,1,0,0,0,1,0,0,1,0,0,0,0,0,0,0,0,0,0,1,0,0,0,0,1,0,1,0,0,0,1
5654,1,1.5322605130033284,1.3489905542159264,2.3083421326260245,0,1,1,0,1,0,0,1,0,0,1,0,1,0,1,0,0,0,1,0,1,0,1,0,1,0,0,0,1,0
5655,0,1.3286586944031769,-1.3181936310507012,-0.2447392991016193,0,1,0,0,1,0,1,0,1,1,0,1,0,1,0,1,0,1,0,1,0,0,1,1,0,0,0,0,1,2
5656,0,-1.2774445836787656,-0.4989277099688025,-0.983830983509806,0,1,0,0,1,0,0,0,0,0,1,0,0,0,0,0,0,0,0,0,0,0,0,0,0,1,0,0,0,1
5657,0,-0.5851984004382496,0.9966895901807084,-0.2593424537077443,0,1,1,0,1,0,1,1,0,0,0,0,0,0,0,0,0,0,1,0,1,0,0,1,0,1,0,1,0,1
5658,0,-0.3408762181180675,0.938526695174894,-0.0139785735205405,0,1,1,0,1,0,1,1,0,0,0,0,0,0,0,0,0,0,1,0,1,0,0,1,0,1,0,1,0,1
5659,0,1.247217966963116,0.2372483611047903,0.9703666953451962,0,1,0,0,1,0,1,0,0,0,1,0,0,0,1,0,1,0,0,0,1,0,1,1,0,0,0,0,1,0
5660,0,0.4735310562825394,0.4250314221235619,0.5256101950903728,0,0,0,1,1,0,1,0,0,0,0,0,1,0,0,0,0,0,1,0,1,1,0,1,0,0,1,1,0,0
5661,0,-1.1552834925186746,-1.4926823160681442,-0.97798530983817,0,1,0,0,1,0,0,0,1,1,0,1,0,1,0,1,0,1,0,1,0,0,0,1,0,1,0,0,0,2
5662,0,-1.2774445836787656,0.182409060099308,-0.974786733678218,1,0,0,0,1,0,0,1,0,0,0,0,0,0,0,0,0,0,0,0,0,0,0,1,0,1,0,0,0,1
5663,0,0.188488510242327,1.0133075601823696,0.4563665360138977,0,0,1,1,1,0,1,1,0,0,0,0,0,0,0,0,0,0,1,0,1,0,0,1,0,1,0,1,0,1
5664,1,-0.9109613101984924,0.6593447991469852,-0.6239139585044644,1,0,0,0,1,0,0,1,0,0,0,0,0,0,1,0,0,0,0,0,1,0,0,1,1,0,0,0,0,1
5665,0,0.0663274190822359,-1.3198554280508674,-0.6295831590086548,0,1,0,0,0,1,0,0,0,0,0,0,0,0,0,0,0,0,0,0,0,0,0,1,0,0,0,1,0,1
5666,0,0.1070477828022663,-0.3859255139575061,-0.1538997361589864,0,1,1,0,0,1,0,0,0,0,1,0,0,0,1,0,0,0,1,0,1,1,0,0,1,0,0,1,0,1
5667,0,-1.1552834925186746,-1.4827115340671475,-0.9654557149495308,0,0,1,0,1,0,0,0,1,1,0,1,0,1,0,1,0,1,0,1,0,0,0,0,0,1,0,0,0,2
5668,1,0.2699292376823877,1.2127232002023045,0.7365176893338192,0,0,1,0,1,0,1,1,0,0,0,0,0,0,0,0,1,0,1,0,1,0,0,1,0,1,0,1,0,0
5669,1,0.4328106925625091,1.1894580421999783,0.8930714480040147,0,1,1,0,1,0,0,1,0,0,0,0,1,0,1,0,0,0,1,0,1,1,0,1,0,0,0,1,0,0
5670,0,-0.62591876415828,-1.3514295710540236,-0.8249389553709561,1,0,1,1,1,0,1,0,1,1,0,1,0,1,0,1,0,1,0,1,0,0,0,0,0,0,1,1,0,2
5671,0,1.1657772395230557,-1.3115464430500368,-0.3197845135578691,0,0,1,0,1,0,1,0,1,1,0,1,0,1,0,1,0,1,0,1,0,0,1,0,0,0,0,0,1,2
5672,0,0.6771328748826912,0.2339247671044577,0.5260293188630562,0,0,1,0,1,0,1,0,0,0,1,0,1,0,1,0,0,0,0,0,1,1,0,0,0,1,0,0,1,0
5673,0,-1.1552834925186746,-1.4976677070686424,-0.9538084858981198,0,1,0,0,1,0,0,0,1,1,0,1,0,1,0,1,0,1,0,1,0,1,0,0,0,0,1,0,0,2
5674,0,1.2879383306831464,-0.4956041159684701,0.4105717490617593,0,0,1,1,0,1,0,0,0,0,0,0,1,0,1,0,1,0,0,0,1,0,1,0,0,1,0,0,1,0
5675,0,-1.1960038562387048,0.1608056990971482,-0.9142784963903012,0,1,0,0,1,0,0,1,0,0,0,0,0,0,0,0,0,0,0,0,0,0,0,1,0,0,1,0,0,1
5676,0,-1.2774445836787656,-1.4960059100684764,-0.9970664710682277,0,1,1,1,1,0,0,0,1,1,0,1,0,1,0,1,0,1,0,1,0,0,0,0,0,1,0,0,0,2
5677,0,0.3106496014024181,0.53304822713436,0.376335954577309,0,1,1,0,1,0,0,1,0,0,0,0,1,0,1,0,0,0,0,0,0,1,0,0,0,1,0,1,0,1
5678,0,-1.2774445836787656,-0.1582593249347472,-0.979308858594012,1,0,0,1,1,0,0,0,0,0,1,0,1,0,0,0,1,0,0,0,0,0,0,1,0,1,0,0,0,1
5679,0,-0.9924020376385532,0.7241548821534641,-0.7191653506332376,1,1,0,0,1,0,1,1,0,0,0,0,0,0,0,0,0,0,0,0,1,0,0,1,0,1,0,0,0,1
5680,1,-1.2774445836787656,-1.4594463760648215,-0.996581169857752,1,0,1,0,1,0,0,0,1,1,0,1,0,1,0,1,0,1,0,1,0,0,0,1,0,0,1,0,0,2
5681,1,0.0663274190822359,-0.0186683769207927,-0.0765162522340821,0,0,1,0,1,0,0,0,0,0,0,0,0,0,1,0,1,0,1,0,0,1,0,0,0,0,0,1,0,1
5682,0,-1.2774445836787656,-0.9891578250178088,-0.9903384315593632,0,0,1,0,0,1,0,0,0,0,0,0,0,0,0,0,0,0,0,0,1,0,0,0,0,1,0,0,0,1
5683,0,0.2699292376823877,-0.46569176996548,-0.1183845112105554,1,0,0,0,0,1,0,0,0,0,0,0,0,0,1,0,0,0,1,0,1,0,0,1,0,1,0,1,0,1
5684,1,1.0436161483629645,1.3539759452164248,1.73198076774863,1,0,1,0,1,0,0,1,0,0,1,0,1,0,0,0,1,0,1,0,1,1,0,1,1,0,0,0,1,0
5685,0,0.5142514200025698,-1.5142856770703037,-0.6070828301593383,0,1,1,1,1,0,0,0,1,1,0,1,0,1,0,1,0,1,0,1,0,0,1,0,0,1,0,1,0,2
5686,1,-1.0738427650786138,0.677624566148813,-0.7836001158968197,1,1,0,0,1,0,0,1,0,0,1,0,0,0,0,0,0,0,1,0,0,0,0,1,0,0,0,0,0,1
5687,0,0.4328106925625091,0.8604222361670865,0.7070246112244701,0,1,0,0,1,0,0,1,0,0,1,0,1,0,1,0,1,0,0,0,0,1,0,1,1,0,0,1,0,0
5688,0,0.3513699651224484,-1.4876969250676455,-0.6176271019142141,0,1,1,1,1,0,0,0,1,1,0,1,0,1,0,1,0,1,0,1,0,0,1,1,0,0,1,1,0,2
5689,0,-1.1145631287986442,0.328647196113927,-0.8365200069845748,0,1,0,0,1,0,0,1,0,0,0,0,1,0,0,0,0,0,0,0,0,0,0,1,0,1,0,0,0,1
5690,0,1.6137012404433893,-0.1183761969307601,0.9311234747344764,0,1,0,0,0,1,0,0,0,0,1,0,0,0,1,0,1,0,1,0,1,0,1,1,1,0,0,0,1,0
5691,0,-1.1552834925186746,-1.4893587220678115,-0.9756911586613768,0,1,0,0,1,0,0,0,1,1,0,1,0,1,0,1,0,1,0,1,0,1,0,0,0,0,1,0,0,2
5692,0,-0.9516816739185228,-0.3310862129520241,-0.8060122081624134,0,1,1,1,1,0,0,0,0,0,0,0,1,0,0,0,1,0,0,0,0,0,0,0,0,0,1,0,0,1
5693,1,1.6137012404433893,0.28876406810994,1.3452839395834155,0,1,1,0,1,0,1,0,0,0,0,0,0,0,1,0,0,0,1,0,1,0,1,1,1,0,0,0,1,0
5694,0,0.0256070553622056,-0.4424266119631542,-0.229783198160603,0,0,1,0,1,0,0,0,0,0,0,0,0,0,0,0,1,0,0,0,0,1,0,1,0,0,1,1,0,1
5695,0,1.6137012404433893,0.5214156481331973,1.5255512801291164,0,0,1,0,1,0,1,1,0,0,1,0,0,0,0,0,0,0,0,0,0,0,1,0,0,0,0,0,1,0
5696,0,-0.4223169455581282,-0.3510277769540174,-0.49722828342444,1,1,1,0,1,0,0,0,0,0,1,0,0,0,0,0,1,0,0,0,0,0,0,1,0,1,0,1,0,1
5697,0,1.5322605130033284,1.4869197052297147,2.3801005343386,1,0,1,0,1,0,1,1,0,0,0,0,1,0,1,0,1,0,1,0,1,1,0,1,0,1,0,0,1,0
5698,0,-0.4630373092781585,1.3174164112127704,-0.0537291544876666,1,1,1,1,1,0,1,1,0,0,0,0,1,0,1,0,0,0,1,0,1,0,0,0,0,1,0,1,0,1
5699,0,-0.7073594915983407,0.682609957149311,-0.4676028504395065,0,1,0,0,1,0,0,1,0,0,0,0,0,0,1,0,0,0,1,0,0,0,0,0,0,1,0,1,0,1
5700,1,-0.1372743995179157,0.4831943171293762,0.0594783824286986,0,1,1,0,1,0,1,1,0,0,0,0,0,0,0,0,1,0,0,0,0,0,0,1,0,1,0,1,0,1
5701,0,-0.7073594915983407,0.3901336851200734,-0.4959488529604592,0,0,1,1,1,0,0,0,0,0,0,0,1,0,1,0,1,0,1,0,1,0,0,0,0,0,0,1,0,1
5702,1,1.5729808767233588,1.3406815692150955,2.3243129542798533,1,1,1,1,1,0,1,1,0,0,1,0,1,0,0,0,0,0,1,0,1,0,0,1,1,0,0,0,1,0
5703,1,1.6137012404433893,-1.3082228490497043,-0.2075255199165243,0,1,0,0,1,0,1,0,1,1,0,1,0,1,0,1,0,1,0,1,0,0,1,0,0,0,0,0,1,2
5704,0,-0.5444780367182193,0.7341256641544608,-0.3155932758310357,0,0,1,0,1,0,1,1,0,0,0,0,0,0,0,0,0,0,1,0,0,0,0,1,0,1,0,1,0,1
5705,0,-1.2774445836787656,-1.4993295040688086,-0.9971105893600888,0,1,0,0,1,0,0,0,1,1,0,1,0,1,0,1,0,1,0,1,0,0,0,0,0,0,1,0,0,2
5706,0,-1.2774445836787656,0.3635449331174155,-0.9723822867717716,1,0,0,0,1,0,0,1,0,0,0,0,1,0,0,0,0,0,0,0,0,0,0,1,0,1,0,0,0,1
5707,0,-1.2367242199587352,-0.6385186579827569,-0.9685439953798292,0,0,0,0,1,0,0,0,0,0,0,0,0,0,0,0,0,0,0,0,0,0,0,0,0,1,0,0,0,1
5708,1,-0.8702409464784621,0.4433111891253892,-0.6242227865474942,0,0,1,1,1,0,1,1,0,0,0,0,0,0,1,0,0,0,0,0,0,0,0,1,1,0,0,0,0,1
5709,0,-0.8295205827584317,-1.5109620830699717,-0.9048592410778912,0,0,0,0,1,0,0,0,1,1,0,1,0,1,0,1,0,1,0,1,0,1,0,0,0,0,1,0,0,2
5710,0,1.5322605130033284,1.5201556452330371,2.4142922105311886,0,0,1,0,1,0,1,1,0,0,0,0,1,0,1,0,1,0,1,0,1,0,1,1,0,1,0,0,1,0
5711,1,-0.5037576729981889,0.8654076271675846,-0.1450319594948441,1,0,1,0,1,0,1,1,0,0,0,0,0,0,1,0,0,0,1,0,0,0,0,0,0,1,0,1,0,1
5712,0,-0.3815965818380978,-1.477726143066649,-0.7981591522110832,0,0,0,0,1,0,0,0,1,1,0,1,0,1,0,1,0,1,0,1,0,0,0,1,0,0,0,1,0,2
5713,1,0.6771328748826912,0.5513279941361872,0.7858198804889394,0,1,0,0,1,0,1,0,0,0,1,0,1,0,1,0,1,0,0,0,1,0,1,0,1,0,0,0,1,0
5714,0,-1.1552834925186746,1.1030445981913404,-0.8361450015037529,1,0,1,1,1,0,1,1,0,0,0,0,1,0,0,0,0,0,1,0,1,0,0,1,0,1,0,0,0,1
5715,0,-0.0151133083578247,1.4420511862252297,0.5087570075993161,1,1,0,0,1,0,1,1,0,0,1,0,1,0,0,0,1,0,1,0,1,0,0,1,1,0,0,1,0,0
5716,0,-1.2367242199587352,-0.3144682429503628,-0.9578453096034384,0,1,0,1,1,0,0,0,0,0,0,0,0,0,0,0,0,0,0,0,1,0,0,1,0,1,0,0,0,1
5717,1,1.4915401492832985,-0.2729233179462098,0.7380618295489685,0,1,1,0,0,1,0,0,0,0,1,0,1,0,0,0,0,0,1,0,1,0,1,0,1,0,0,0,1,0
5718,0,-1.0738427650786138,0.5230774451333633,-0.8014900832466193,1,1,0,0,1,0,0,1,0,0,0,0,0,0,0,0,0,0,1,0,0,0,0,1,1,0,0,0,0,1
5719,0,-0.3408762181180675,-1.4976677070686424,-0.7878134127695838,0,0,1,1,1,0,0,0,1,1,0,1,0,1,0,1,0,1,0,1,0,0,1,1,0,0,1,1,0,2
5720,0,-0.0151133083578247,1.305783832211607,0.5016760217555606,0,0,0,0,1,0,1,1,0,0,0,0,1,0,1,0,0,0,1,0,1,1,0,1,1,0,0,1,0,0
5721,0,-0.2187151269579764,-0.3958962959585028,-0.3446010527299094,0,0,0,0,1,0,0,0,0,0,1,0,1,0,0,0,0,0,0,0,0,0,1,0,0,0,0,1,0,1
5722,1,-0.2187151269579764,1.3140928172124378,0.2594224811445859,1,0,1,0,1,0,1,1,0,0,1,0,0,0,0,0,1,0,1,0,1,0,0,1,0,0,0,1,0,1
5723,0,1.0436161483629645,0.5280628361338618,1.115140870088397,0,1,0,0,1,0,1,1,0,0,0,0,0,0,0,0,1,0,0,0,0,0,0,0,0,0,0,0,1,0
5724,0,-1.2774445836787656,0.2189685941029625,-0.9743014324677426,1,1,0,0,1,0,0,1,0,0,0,0,0,0,0,0,0,0,0,0,0,0,0,1,0,0,1,0,0,1
5725,0,-0.5851984004382496,-1.3331498040521963,-0.7978282650221228,0,0,1,1,1,0,1,0,1,1,0,1,0,1,0,1,0,1,0,1,0,0,1,1,1,0,0,1,0,2
5726,0,0.5956921474426305,-1.4444902030633266,-0.5461554690987381,0,0,1,1,1,0,0,0,1,1,0,1,0,1,0,1,0,1,0,1,0,0,1,1,0,0,0,1,0,2
5727,0,1.5322605130033284,1.5101848632320405,2.386828573847464,0,0,1,1,1,0,1,1,0,0,0,0,1,0,1,0,1,0,1,0,1,0,1,1,0,1,0,0,1,0
5728,0,-0.7888002190384014,0.8188773111629334,-0.5062063558182359,1,0,0,0,1,0,1,1,0,0,0,0,1,0,1,0,1,0,0,0,0,0,0,0,0,1,0,1,0,1
5729,0,0.1477681465222966,-0.4557209879644833,-0.2050328364263548,0,0,1,1,1,0,0,0,0,0,1,0,0,0,0,0,0,0,0,0,0,0,0,0,1,0,0,1,0,1
5730,0,1.4100994218432374,-1.4943441130683104,-0.4272566725322517,0,1,0,0,1,0,0,0,1,1,0,1,0,1,0,1,0,1,0,1,0,0,1,1,0,0,1,0,1,2
5731,0,-0.9109613101984924,-1.491020519067978,-0.9177859005932828,0,0,0,0,1,0,0,0,1,1,0,1,0,1,0,1,0,1,0,1,0,0,0,1,0,0,1,0,0,2
5732,1,-0.5444780367182193,0.749081837155956,-0.2834310410640715,0,1,0,0,1,0,0,1,0,0,1,0,0,0,0,0,0,0,0,0,1,0,0,1,0,1,0,1,0,1
5733,0,1.5729808767233588,-1.4926823160681442,-0.4206168696071103,0,0,1,1,1,0,0,0,1,1,0,1,0,1,0,1,0,1,0,1,0,0,1,0,0,0,0,0,1,2
5734,0,1.6137012404433893,0.8188773111629334,1.8074451059775636,0,1,1,1,1,0,1,0,0,0,1,0,1,0,1,0,1,0,1,0,1,0,1,1,0,0,1,0,1,0
5735,0,0.6364125111626608,-1.4876969250676455,-0.5928767401799659,0,0,1,1,1,0,0,0,1,1,0,1,0,1,0,1,0,1,0,1,0,0,1,0,0,0,1,1,0,2
5736,0,-1.2774445836787656,-1.4860351280674795,-0.9969341161926432,0,1,0,0,1,0,0,0,1,1,0,1,0,1,0,1,0,1,0,1,0,0,0,0,0,0,1,0,0,2
5737,0,-0.5851984004382496,0.6144762801425001,-0.2949679743858288,0,1,1,1,1,0,0,0,0,0,1,0,0,0,1,0,1,0,1,0,1,0,0,0,0,1,0,1,0,1
5738,0,-1.2774445836787656,-1.4677553610656522,-0.9966914655874056,1,1,0,0,1,0,0,0,1,1,0,1,0,1,0,1,0,1,0,1,0,0,0,0,0,0,1,0,0,2
5739,1,1.4100994218432374,1.267562501207787,2.077956412525768,0,1,1,0,1,0,1,1,0,0,0,0,1,0,0,0,1,0,1,0,1,0,1,0,0,0,0,0,1,0
5740,0,1.4915401492832985,-0.8528904710041867,0.220488088576896,0,1,1,1,0,1,0,0,0,0,1,0,0,0,1,0,1,0,0,0,0,0,1,0,0,0,1,0,1,0
5741,0,-0.5444780367182193,1.1695164781979852,-0.1535247306781645,1,1,0,0,1,0,1,1,0,0,0,0,1,0,0,0,0,0,1,0,1,0,0,1,0,1,0,1,0,1
5742,1,1.6137012404433893,1.653099405246327,2.6701341850354763,0,1,1,0,1,0,1,1,0,0,1,0,1,0,1,0,1,0,1,0,1,0,1,1,0,0,1,0,1,0
5743,1,0.2292088739623573,-1.481049737066981,-0.6811133239027758,0,0,0,0,1,0,0,0,1,1,0,1,0,1,0,1,0,1,0,1,0,0,1,0,0,0,1,1,0,2
5744,1,0.3106496014024181,-0.2978502729487016,0.0015731243606046,0,1,1,0,1,0,0,0,0,0,0,0,0,0,0,0,0,0,0,0,1,1,0,0,0,1,0,1,0,1
5745,0,1.1657772395230557,-1.3481059770536914,-0.3681822797298304,0,0,1,1,1,0,1,0,1,1,0,1,0,1,0,1,0,1,0,1,0,0,1,1,0,0,1,0,1,2
5746,0,-0.9109613101984924,0.5396954151350245,-0.6448701471386317,1,0,0,0,1,0,1,1,0,0,0,0,1,0,0,0,0,0,0,0,0,0,0,1,1,0,0,0,0,1
5747,0,-0.0151133083578247,0.2671607071077802,0.0235219745616536,0,1,1,0,1,0,1,0,0,0,1,0,0,0,0,0,1,0,1,0,0,1,0,1,1,0,0,1,0,1
5748,0,-0.4630373092781585,1.1661928841976528,-0.1267008092264303,0,0,0,0,1,0,1,1,0,0,0,0,1,0,0,0,0,0,1,0,1,0,0,1,1,0,0,1,0,1
5749,1,1.0843365120829946,1.15456030519649,1.5927875569258976,0,0,0,0,1,0,1,1,0,0,0,0,0,0,1,0,0,0,1,0,1,1,0,1,0,1,0,0,1,0
5750,1,-0.7888002190384014,0.179085466098976,-0.601325393071425,1,0,1,0,1,0,0,1,0,0,0,0,0,0,0,0,0,0,0,0,0,0,0,1,0,1,0,1,0,1
5751,0,0.5956921474426305,-1.479387940066815,-0.5514496641221067,0,0,0,0,1,0,0,0,1,1,0,1,0,1,0,1,0,1,0,1,0,0,1,0,1,0,0,1,0,2
5752,0,1.4915401492832985,-1.288281285047711,-0.2131726612747841,0,1,1,1,1,0,1,0,1,1,0,1,0,1,0,1,0,1,0,1,0,0,1,1,0,0,0,0,1,2
5753,0,-1.2367242199587352,-1.491020519067978,-0.9909119693535616,0,1,0,0,1,0,0,0,1,1,0,1,0,1,0,1,0,1,0,1,0,0,0,1,1,0,0,0,0,2
5754,0,-0.4223169455581282,-1.519271068070802,-0.8054607295141458,0,0,1,1,1,0,0,0,1,1,0,1,0,1,0,1,0,1,0,1,0,0,0,0,0,0,0,1,0,2
5755,1,-0.7073594915983407,1.0548524851865226,-0.3915429152704444,0,1,1,0,1,0,1,1,0,0,1,0,0,0,1,0,0,0,1,0,0,0,0,1,0,1,0,1,0,1
5756,0,0.8400143297628127,-1.4926823160681442,-0.5427142423335485,0,0,0,0,1,0,0,0,1,1,0,1,0,1,0,1,0,1,0,1,0,0,1,0,1,0,0,0,1,2
5757,1,-0.1779947632379461,-1.2982520670487077,-0.6816868616969741,0,0,1,0,1,0,1,0,1,1,0,1,0,1,0,1,0,1,0,1,0,0,0,0,0,0,1,1,0,2
5758,0,-0.4223169455581282,-1.477726143066649,-0.79617382907732,0,1,0,0,1,0,0,0,1,1,0,1,0,1,0,1,0,1,0,1,0,1,0,0,0,0,1,1,0,2
5759,0,-1.2774445836787656,0.179085466098976,-0.9748308519700792,1,0,0,0,1,0,0,1,0,0,0,0,0,0,0,0,0,0,0,0,0,0,0,1,0,0,1,0,0,1
5760,1,-0.6666391278783103,0.8903345821700764,-0.3263360798992878,0,1,1,0,1,0,0,1,0,0,0,0,0,0,1,0,1,0,0,0,1,0,0,1,0,1,0,1,0,1
5761,0,0.6364125111626608,-0.84291968900319,-0.1328332517951656,0,0,1,1,0,1,0,0,0,0,1,0,1,0,0,0,1,0,0,0,0,0,1,0,0,0,1,1,0,1
5762,1,-0.0965540357978854,1.3606231332170895,0.3979759767353283,0,1,1,0,1,0,1,1,0,0,1,0,1,0,1,0,1,0,1,0,0,0,0,1,0,0,0,1,0,0
5763,0,-1.1960038562387048,0.182409060099308,-0.904440117305208,0,0,0,0,1,0,0,1,0,0,0,0,0,0,0,0,0,0,0,0,0,0,0,1,0,1,0,0,0,1
5764,1,1.002895784642934,0.963453650177386,1.4761167340984125,0,1,0,0,1,0,1,1,0,0,1,0,0,0,0,0,1,0,0,0,1,0,1,0,0,1,0,0,1,0
5765,1,1.4508197855632678,1.0565142821866886,1.8980420183149584,1,0,1,0,1,0,1,1,0,0,1,0,1,0,0,0,0,0,0,0,1,1,0,1,1,0,0,0,1,0
5766,0,-0.3815965818380978,-0.1582593249347472,-0.4114402648999379,0,0,1,0,1,0,0,0,0,0,0,0,0,0,0,0,1,0,1,0,0,1,0,0,0,0,0,1,0,1
5767,0,1.3286586944031769,-0.1649065129354117,0.6743329569551688,0,0,1,0,1,0,0,0,0,0,0,0,0,0,0,0,1,0,1,0,0,0,1,1,1,0,0,0,1,0
5768,0,0.4735310562825394,0.8604222361670865,0.7475472622991705,0,1,1,0,1,0,0,1,0,0,0,0,0,0,0,0,0,0,1,0,1,1,0,1,0,0,0,1,0,0
5769,0,1.5729808767233588,1.4703017352280534,2.374475452126271,0,0,1,1,1,0,1,1,0,0,1,0,1,0,1,0,0,0,1,0,1,0,1,1,0,0,0,0,1,0
5770,0,0.188488510242327,0.1109517890921645,0.0880229172630276,0,0,1,0,1,0,1,0,0,0,1,0,0,0,1,0,1,0,0,0,0,1,0,0,1,0,0,1,0,1
5771,0,-0.8295205827584317,-1.4744025490663168,-0.8881604676083494,0,0,0,0,1,0,0,0,1,1,0,1,0,1,0,1,0,1,0,1,0,0,0,0,0,0,1,0,0,2
5772,0,1.4915401492832985,0.5712695581381809,1.4654621666138827,0,1,1,1,1,0,1,0,0,0,0,0,1,0,1,0,1,0,1,0,1,0,1,1,0,0,0,0,1,0
5773,0,0.1070477828022663,-0.1399795579329199,-0.1310905792666402,0,0,0,0,1,0,0,0,0,0,1,0,1,0,1,0,0,0,0,0,0,0,0,0,0,1,0,1,0,1
5774,0,-1.1145631287986442,0.0278619390838584,-0.8558217596739395,0,1,0,0,1,0,0,0,0,0,0,0,1,0,0,0,1,0,0,0,1,0,0,1,0,0,0,0,0,1
5775,0,1.0436161483629645,0.5895493251400082,1.1242733565037075,0,1,1,1,1,0,1,1,0,0,0,0,0,0,0,0,0,0,1,0,0,0,1,0,0,0,0,0,1,0
5776,0,1.6137012404433893,0.5829021371393436,1.6327366702064,0,1,1,0,1,0,1,0,0,0,1,0,1,0,1,0,1,0,0,0,1,0,1,1,0,0,0,0,1,0
5777,0,1.6137012404433893,0.112613586092331,1.1157364670285257,0,1,1,0,1,0,1,0,0,0,1,0,1,0,1,0,1,0,0,0,0,0,1,0,0,0,1,0,1,0
5778,0,-1.2774445836787656,-1.477726143066649,-0.9968238204629898,0,0,0,0,1,0,0,0,1,1,0,1,0,1,0,1,0,1,0,1,0,0,0,0,1,0,0,0,0,2
5779,0,0.2699292376823877,1.0232783421833662,0.6234425072930383,1,0,0,0,1,0,0,1,0,0,1,0,0,0,1,0,1,0,1,0,0,1,0,1,0,1,0,1,0,0
5780,0,0.8400143297628127,-1.481049737066981,-0.5345302991932578,0,1,1,1,1,0,0,0,1,1,0,1,0,1,0,1,0,1,0,1,0,1,0,0,1,0,0,0,1,2
5781,0,-0.2187151269579764,0.8122301231622688,0.0458237710975937,0,0,0,0,1,0,0,1,0,0,0,0,0,0,1,0,1,0,0,0,1,0,0,1,0,1,0,1,0,1
5782,1,-1.2774445836787656,0.1624674960973147,-0.9750514434293864,1,0,0,0,1,0,0,1,0,0,0,0,0,0,0,0,0,0,0,0,0,0,0,1,0,1,0,0,0,1
5783,1,-1.2774445836787656,0.8155537171626008,-0.9663821990786204,1,0,0,0,1,0,0,1,0,0,0,0,0,0,0,0,0,0,1,0,1,0,0,1,0,1,0,0,0,1
5784,0,-0.5851984004382496,0.3336325871144251,-0.3713367375979209,0,0,1,0,1,0,0,1,0,0,1,0,0,0,0,0,0,0,0,0,0,0,0,0,0,1,0,1,0,1
5785,0,0.5549717837226001,-1.481049737066981,-0.6010165650283952,0,1,1,1,1,0,0,0,1,1,0,1,0,1,0,1,0,1,0,1,0,0,1,1,0,0,1,1,0,2
5786,0,1.6137012404433893,0.6526976111463211,1.683869770473768,0,0,1,0,1,0,1,0,0,0,1,0,0,0,1,0,1,0,1,0,1,0,1,1,1,0,0,0,1,0
5787,0,0.1477681465222966,0.7573908221567865,0.3522253080750512,1,0,0,0,1,0,0,1,0,0,0,0,0,0,1,0,1,0,0,0,1,0,0,1,0,1,0,1,0,1
5788,0,-1.1552834925186746,-1.3165318340505352,-0.9616836009953807,0,0,1,0,0,1,0,0,0,0,0,0,0,0,0,0,0,0,0,0,0,0,0,1,0,1,0,0,0,1
5789,0,-0.3001558543980371,-1.4943441130683104,-0.7961297107854586,0,0,0,0,1,0,0,0,1,1,0,1,0,1,0,1,0,1,0,1,0,0,1,0,1,0,0,1,0,2
5790,0,0.3106496014024181,-0.4623681759651477,-0.1072887608074121,0,0,1,1,0,1,0,0,0,0,0,0,1,0,0,0,0,0,1,0,1,0,0,1,0,1,0,1,0,1
5791,0,1.247217966963116,1.2509445312061254,1.837224952984012,0,1,1,0,1,0,1,1,0,0,0,0,1,0,1,0,0,0,1,0,1,0,0,1,0,1,0,0,1,0
5792,1,-0.7073594915983407,1.0482052971858582,-0.3763221045782596,1,0,0,0,1,0,0,1,0,0,1,0,0,0,1,0,1,0,0,0,1,0,0,1,0,0,1,1,0,1
5793,0,-0.748079855318371,-0.3078210549496983,-0.6671498845286412,0,1,0,0,1,0,1,0,0,0,0,0,1,0,0,0,0,0,0,0,0,0,0,1,1,0,0,1,0,1
5794,1,1.6137012404433893,1.4952286902305454,2.493903668195094,0,1,1,0,1,0,1,1,0,0,0,0,1,0,1,0,1,0,1,0,1,0,1,1,0,0,0,0,1,0
5795,0,0.2699292376823877,1.3838882912194153,0.7768859263870048,0,1,0,0,1,0,1,1,0,0,1,0,1,0,0,0,0,0,1,0,1,0,0,1,0,1,0,1,0,0
5796,0,0.5956921474426305,-0.1582593249347472,0.2157012539099336,0,0,1,1,0,1,0,0,0,0,1,0,1,0,1,0,0,0,1,0,1,0,1,1,1,0,0,1,0,0
5797,0,-0.5444780367182193,0.7989357471609396,-0.2679675797666491,0,1,1,0,1,0,1,1,0,0,1,0,1,0,0,0,1,0,0,0,0,0,0,1,1,0,0,1,0,1
5798,0,-1.1145631287986442,0.6792863631489789,-0.7963061839529043,1,0,0,0,1,0,1,1,0,0,0,0,0,0,0,0,0,0,1,0,0,0,0,1,0,1,0,0,0,1
5799,0,-0.7888002190384014,-0.9858342310174764,-0.8089681337171275,1,0,0,0,0,1,0,0,0,0,0,0,0,0,0,0,0,0,0,0,1,0,0,1,0,1,0,1,0,1
5800,0,-0.62591876415828,0.5081212721318681,-0.412102039277859,0,0,0,0,1,0,1,1,0,0,0,0,0,0,1,0,0,0,0,0,0,0,0,0,0,0,0,1,0,1
5801,1,0.0663274190822359,0.358559542116917,0.064265217095661,0,1,1,0,1,0,1,1,0,0,0,0,0,0,0,0,0,0,0,0,0,0,0,1,0,1,0,1,0,1
5802,0,0.3920903288424788,-0.5055748979694671,-0.0890237879767906,0,0,0,0,1,0,0,0,0,0,0,0,1,0,0,0,0,0,0,0,0,0,0,1,0,1,0,1,0,1
5803,0,-1.1145631287986442,0.5496661971360212,-0.8221153846918262,1,1,1,0,1,0,1,1,0,0,0,0,1,0,0,0,0,0,0,0,0,0,0,1,0,1,0,0,0,1
5804,0,1.5729808767233588,-1.3580767590546885,-0.2718720485963834,0,0,1,1,1,0,1,0,1,1,0,1,0,1,0,1,0,1,0,1,0,0,1,0,1,0,0,0,1,2
5805,1,-0.5444780367182193,0.0544506910865167,-0.4383965412272564,0,1,1,0,1,0,0,0,0,0,1,0,0,0,1,0,0,0,1,0,0,0,0,0,0,0,0,1,0,1
5806,0,-1.2367242199587352,-1.5009913010689746,-0.9899634260785414,1,0,0,1,1,0,0,0,1,1,0,1,0,1,0,1,0,1,0,1,0,0,0,1,0,1,0,0,0,2
5807,0,1.002895784642934,-1.5275800530716328,-0.5229713067255698,0,1,0,0,1,0,0,0,1,1,0,1,0,1,0,1,0,1,0,1,0,0,1,0,1,0,0,0,1,2
5808,0,1.6137012404433893,1.4503601712260603,2.3999317065303014,0,1,1,0,1,0,1,1,0,0,0,0,1,0,1,0,1,0,1,0,1,0,1,1,0,1,0,0,1,0
5809,0,-1.0738427650786138,0.7042133181514708,-0.7787471037920651,0,0,0,0,1,0,0,1,0,0,0,0,1,0,0,0,0,0,0,0,1,0,0,1,0,0,1,0,0,1
5810,0,-0.62591876415828,0.6875953481498096,-0.3653587090507005,1,0,1,1,1,0,1,1,0,0,0,0,0,0,0,0,0,0,0,0,1,0,0,1,0,1,0,1,0,1
5811,0,1.1657772395230557,0.5363718211346925,1.1703549123529449,0,1,1,0,1,0,1,0,0,0,0,0,1,0,1,0,0,0,1,0,1,0,1,0,0,0,0,0,1,0
5812,0,-1.2774445836787656,0.2073360151017999,-0.9744558464892576,1,1,1,1,1,0,0,1,0,0,0,0,0,0,0,0,0,0,0,0,0,0,0,1,0,1,0,0,0,1
5813,0,0.6364125111626608,1.5633623672373562,1.3958655612025164,0,1,1,1,1,0,1,1,0,0,1,0,1,0,1,0,1,0,1,0,1,0,1,0,1,0,0,1,0,0
5814,0,-0.6666391278783103,-1.4677553610656522,-0.8600791748385651,0,1,0,0,1,0,0,0,1,1,0,1,0,1,0,1,0,1,0,1,0,0,0,1,1,0,0,1,0,2
5815,1,-0.9516816739185228,0.6743009721484804,-0.676436784965467,1,1,0,0,1,0,1,1,0,0,0,0,0,0,0,0,0,0,0,0,1,0,0,1,0,1,0,0,0,1
5816,0,-1.1960038562387048,-0.6700928009859131,-0.9516466895969112,0,0,0,0,1,0,0,0,0,0,0,0,0,0,0,0,0,0,0,0,0,0,0,0,0,1,0,0,0,1
5817,0,-1.2774445836787656,-0.6767399889865777,-0.9861913121243912,1,1,0,1,1,0,0,0,0,0,0,0,0,0,0,0,0,0,0,0,0,0,0,1,0,1,0,0,0,1
5818,0,1.3286586944031769,1.3406815692150955,1.9200791050997303,0,1,0,0,1,0,1,1,0,0,0,0,1,0,1,0,0,0,1,0,1,0,1,0,1,0,0,0,1,0
5819,0,1.5322605130033284,1.6747027662484868,2.6339792448550545,0,0,1,1,1,0,1,1,0,0,1,0,1,0,1,0,1,0,1,0,1,0,1,1,1,0,0,0,1,0
5820,0,1.125056875803025,-0.1649065129354117,0.565338716911568,0,1,1,0,1,0,0,0,0,0,1,0,0,0,0,0,0,0,1,0,0,1,0,1,0,0,1,0,1,0
5821,0,1.4915401492832985,-1.2783105030467143,-0.2277316975890477,0,0,1,0,1,0,1,0,1,1,0,1,0,1,0,1,0,1,0,1,0,1,0,1,0,1,0,0,1,2
5822,1,0.1070477828022663,0.1923798421003046,0.0614416464165311,0,0,0,0,1,0,0,1,0,0,0,0,0,0,0,0,0,0,0,0,0,0,0,0,0,1,0,1,0,1
5823,0,-0.4223169455581282,-1.4860351280674795,-0.7983356253785289,0,0,0,0,1,0,0,0,1,1,0,1,0,1,0,1,0,1,0,1,0,0,0,1,0,0,1,1,0,2
5824,0,1.369379058123207,0.5014740841312035,1.3037906860877642,0,1,1,1,1,0,1,0,0,0,0,0,1,0,1,0,0,0,1,0,1,0,1,0,0,0,0,0,1,0
5825,1,-1.2774445836787656,0.184070857099474,-0.9747646745322872,1,1,1,0,1,0,0,1,0,0,0,0,0,0,0,0,0,0,0,0,0,0,0,1,0,1,0,0,0,1
5826,0,-1.2774445836787656,0.4848561141295422,-0.9707719691188302,1,0,1,0,1,0,0,1,0,0,0,0,0,0,0,0,0,0,1,0,0,0,0,1,0,0,0,0,0,1
5827,0,0.0663274190822359,0.8404806721650927,0.3605636652368568,0,1,1,1,1,0,1,1,0,0,0,0,0,0,1,0,0,0,0,0,1,0,0,1,1,0,0,1,0,1
5828,0,1.6137012404433893,-1.3397969920528607,-0.2517541075075827,0,0,1,1,1,0,1,0,1,1,0,1,0,1,0,1,0,1,0,1,0,0,1,0,0,0,0,0,1,2
5829,0,-0.055833672077855,-0.1599211219349132,-0.1901208537772,0,1,1,1,0,1,0,0,0,0,1,0,0,0,1,0,1,0,1,0,1,1,0,0,0,1,0,1,0,1
5830,0,-0.0965540357978854,-1.3098846460498703,-0.6866722286773129,0,1,0,1,1,0,1,0,1,1,0,1,0,1,0,1,0,1,0,1,0,1,0,0,0,0,0,1,0,2
5831,0,-0.9516816739185228,0.8654076271675846,-0.6485319653631283,1,0,0,0,1,0,0,1,0,0,0,0,0,0,0,0,0,0,1,0,1,0,0,1,0,0,0,0,0,1
5832,0,-0.5037576729981889,0.1890562480999726,-0.3568218195755186,1,1,1,1,1,0,0,1,0,0,0,0,0,0,0,0,0,0,0,0,0,0,0,1,0,1,0,1,0,1
5833,1,-0.5444780367182193,-1.0124229830201346,-0.7511511122327562,0,1,1,0,0,1,0,0,0,0,0,0,1,0,1,0,0,0,0,0,0,0,0,1,1,0,0,1,0,1
5834,0,1.3286586944031769,1.3390197722149295,2.044977989359368,0,0,1,0,1,0,1,1,0,0,1,0,0,0,1,0,0,0,1,0,1,0,0,1,0,1,0,0,1,0
5835,0,-0.0965540357978854,-1.5109620830699717,-0.7397906520784444,0,0,1,1,1,0,0,0,1,1,0,1,0,1,0,1,0,1,0,1,0,0,1,0,0,0,1,1,0,2
5836,0,-1.0738427650786138,-1.51594747407047,-0.9508966786352672,0,1,0,0,1,0,0,0,1,1,0,1,0,1,0,1,0,1,0,1,0,1,0,0,0,0,1,0,0,2
5837,0,-1.2367242199587352,-0.4440884089633204,-0.963073327189015,0,0,0,0,0,1,0,0,0,0,0,0,1,0,0,0,0,0,1,0,1,0,0,0,0,1,0,0,0,1
5838,0,0.8400143297628127,0.2355865641046238,0.6830242604518657,0,1,1,1,1,0,1,0,0,0,1,0,0,0,0,0,1,0,0,0,1,0,0,0,0,1,0,0,1,0
5839,1,-1.0331224013585834,0.3535741511164189,-0.7706072789436359,0,1,1,0,1,0,1,1,0,0,0,0,0,0,0,0,0,0,0,0,0,0,0,1,0,1,0,0,0,1
5840,0,1.1657772395230557,-0.5005895069689685,0.3007392614727917,0,0,1,1,1,0,0,0,0,0,1,0,0,0,0,0,0,0,0,0,0,1,0,1,0,0,0,0,1,0
5841,1,1.5322605130033284,-0.6484894399837535,0.4344397449587793,1,1,0,0,0,1,0,0,0,0,0,0,0,0,0,0,0,0,1,0,1,1,0,1,0,1,0,0,1,0
5842,0,-0.7888002190384014,0.464914550127549,-0.5666484156683608,0,0,0,0,1,0,1,0,0,0,1,0,0,0,1,0,0,0,1,0,1,0,0,1,0,1,0,1,0,1
5843,1,0.1070477828022663,0.5596369791370178,0.2362603779173483,0,1,1,0,1,0,1,1,0,0,0,0,0,0,1,0,0,0,0,0,0,1,0,1,0,0,0,1,0,1
5844,0,-1.2367242199587352,0.1873944510998066,-0.9374847179094,0,0,1,0,1,0,0,1,0,0,0,0,0,0,0,0,0,0,0,0,0,0,0,1,1,0,0,0,0,1
5845,0,-1.1960038562387048,0.3668685271177476,-0.8971164808562146,1,0,0,0,1,0,1,1,0,0,0,0,0,0,0,0,0,0,0,0,0,0,0,1,0,1,0,0,0,1
5846,0,-1.1960038562387048,0.3768393091187442,-0.8921311138758758,0,0,0,0,1,0,1,1,0,0,0,0,0,0,0,0,0,0,0,0,0,0,0,0,0,1,0,0,0,1
5847,0,1.2064976032430856,0.9717626351782166,1.5341984653339515,0,0,0,0,1,0,1,1,0,0,0,0,0,0,0,0,0,0,1,0,1,1,0,1,0,0,0,0,1,0
5848,0,1.6137012404433893,1.302460238211275,2.310900993553986,0,1,1,1,1,0,1,1,0,0,1,0,1,0,1,0,1,0,0,0,1,0,1,0,1,0,0,0,1,0
5849,0,1.247217966963116,-1.4893587220678115,-0.4610071658062265,0,1,1,0,1,0,0,0,1,1,0,1,0,1,0,1,0,1,0,1,0,0,1,1,0,0,0,0,1,2
5850,1,-0.5037576729981889,0.2173067971027965,-0.3928885231722172,1,1,0,0,1,0,0,1,0,0,0,0,0,0,0,0,0,0,0,0,0,0,0,0,1,0,0,1,0,1
5851,1,0.1070477828022663,1.5301264272340338,0.6867301969682238,0,0,0,0,1,0,1,1,0,0,1,0,1,0,1,0,1,0,1,0,1,1,0,1,0,0,0,1,0,0
5852,1,-0.4630373092781585,0.144187729095487,-0.3551453244847852,1,1,1,0,1,0,0,1,0,0,0,0,0,0,0,0,0,0,0,0,0,0,0,1,0,1,0,1,0,1
5853,0,1.2064976032430856,1.0415581091851935,1.6419573932054332,0,1,1,0,1,0,1,1,0,0,1,0,1,0,0,0,0,0,0,0,1,1,0,0,0,1,0,0,1,0
5854,0,-0.7073594915983407,-0.5305018529719588,-0.6880840140168779,0,0,0,0,1,0,1,0,0,0,0,0,0,0,0,0,0,0,0,0,0,0,0,1,0,0,1,1,0,1
5855,0,0.9214550572028734,-0.4723389579661445,0.2439810789930941,0,0,0,0,1,0,0,0,0,0,1,0,0,0,0,0,0,0,0,0,0,0,0,1,1,0,0,0,1,1
5856,0,-0.8702409464784621,-0.6684310039857471,-0.7974312003953701,0,0,0,0,1,0,0,0,0,0,0,0,0,0,0,0,0,0,0,0,0,0,0,1,0,0,1,0,0,1
5857,0,-0.62591876415828,0.7806559801591124,-0.3613660036372433,1,0,1,1,1,0,1,1,0,0,0,0,0,0,1,0,0,0,1,0,0,0,0,0,0,1,0,1,0,1
5858,0,1.1657772395230557,-1.505976692069473,-0.4162050404209698,0,0,0,0,1,0,0,0,1,1,0,1,0,1,0,1,0,1,0,1,0,1,0,0,0,0,0,0,1,2
5859,0,1.5729808767233588,0.8155537171626008,1.8127834192927927,0,0,1,0,1,0,1,0,0,0,1,0,1,0,1,0,1,0,1,0,1,0,1,0,1,0,0,0,1,0
5860,0,-1.2367242199587352,0.1741000750984774,-0.9382567880169748,1,0,0,0,1,0,0,1,0,0,0,0,0,0,0,0,0,0,0,0,0,0,0,0,0,0,0,0,0,1
5861,0,0.1070477828022663,-1.5126238800701377,-0.7067019331823907,0,1,0,0,1,0,0,0,1,1,0,1,0,1,0,1,0,1,0,1,0,0,1,0,0,0,1,1,0,2
5862,0,-0.62591876415828,0.1907180451001386,-0.4915370237743188,0,0,0,0,1,0,0,1,0,0,0,0,0,0,0,0,0,0,0,0,0,0,0,0,0,0,0,1,0,1
5863,0,-0.4630373092781585,1.0831030341893466,-0.0706926377083767,1,0,0,0,1,0,1,1,0,0,0,0,0,0,0,0,0,0,1,0,1,0,0,1,0,1,0,1,0,1
5864,0,0.5956921474426305,-1.4993295040688086,-0.5992077150620776,0,0,1,0,1,0,0,0,1,1,0,1,0,1,0,1,0,1,0,1,0,0,1,0,0,0,0,1,0,2
5865,0,-1.1960038562387048,-1.4594463760648215,-0.9740146635706436,0,0,1,0,1,0,0,0,1,1,0,1,0,1,0,1,0,1,0,1,0,0,0,0,0,0,1,0,0,2
5866,0,-1.1960038562387048,-1.4993295040688086,-0.9756249812235848,0,1,0,0,1,0,0,0,1,1,0,1,0,1,0,1,0,1,0,1,0,0,0,1,0,0,1,0,0,2
5867,1,0.4735310562825394,-1.5093002860698053,-0.6319876059151014,0,1,1,0,1,0,0,0,1,1,0,1,0,1,0,1,0,1,0,1,0,0,1,1,1,0,0,1,0,2
5868,0,-1.2774445836787656,-0.6900343649879066,-0.9863677852918368,0,0,0,0,1,0,0,0,0,0,0,0,0,0,0,0,0,0,0,0,0,0,0,1,0,0,1,0,0,1
5869,0,0.4735310562825394,0.9850570111795456,0.8892552157580034,0,0,1,1,1,0,1,1,0,0,0,0,1,0,1,0,0,0,0,0,1,1,0,0,0,1,0,1,0,0
5870,0,-1.1145631287986442,-1.2916048790480432,-0.9462201396979584,1,1,1,1,1,0,1,0,1,1,0,1,0,1,0,1,0,1,0,1,0,0,0,1,0,0,0,0,0,2
5871,0,-0.3408762181180675,-0.3028356639492,-0.3878810970459477,1,1,0,0,1,0,1,0,0,0,1,0,0,0,0,0,0,0,0,0,0,0,0,1,0,0,0,1,0,1
5872,0,-1.2774445836787656,0.1624674960973147,-0.9750514434293864,1,0,0,1,1,0,0,1,0,0,0,0,0,0,0,0,0,0,0,0,0,0,0,1,0,1,0,0,0,1
5873,0,-0.5851984004382496,0.3535741511164189,-0.3967709328560208,0,0,0,0,1,0,0,1,0,0,1,0,0,0,0,0,0,0,0,0,0,0,0,1,0,1,0,1,0,1
5874,0,-0.9109613101984924,1.1911198392001443,-0.5380377033962396,1,0,0,0,1,0,1,1,0,0,0,0,0,0,1,0,0,0,1,0,1,0,0,1,0,1,0,0,0,1
5875,0,1.3286586944031769,0.2073360151017999,0.9293366839140896,0,0,1,0,1,0,0,0,0,0,1,0,1,0,1,0,0,0,0,0,1,0,1,0,0,0,0,0,1,0
5876,1,-1.2774445836787656,0.7058751151516368,-0.9678381027100468,1,0,0,0,1,0,0,1,0,0,0,0,1,0,0,0,0,0,0,0,1,0,0,1,0,1,0,0,0,1
5877,0,0.8400143297628127,1.4021680582212426,1.5466839419307292,1,0,0,0,1,0,1,1,0,0,1,0,0,0,1,0,0,0,1,0,1,1,0,1,1,0,0,0,1,0
5878,0,-1.1960038562387048,-1.4478137970636586,-0.9828162627969936,0,1,0,0,1,0,0,0,1,1,0,1,0,1,0,1,0,1,0,1,0,1,0,0,0,0,1,0,0,2
5879,0,0.0256070553622056,-0.1233615879312587,-0.1152962307802571,0,1,1,0,1,0,0,0,0,0,1,0,1,0,0,0,1,0,0,0,0,0,1,1,0,0,1,1,0,1
5880,0,-1.1960038562387048,-1.16863190103575,-0.9707278508269688,1,1,0,0,0,1,0,0,0,0,0,0,1,0,0,0,0,0,0,0,0,0,0,1,0,1,0,0,0,1
5881,0,0.0663274190822359,0.5047976781315361,0.1974583402252427,0,0,0,0,1,0,0,0,0,0,1,0,0,0,1,0,1,0,1,0,1,1,0,1,0,0,0,1,0,1
5882,0,-0.748079855318371,-1.4976677070686424,-0.8894619572182608,0,0,1,1,1,0,0,0,1,1,0,1,0,1,0,1,0,1,0,1,0,0,1,1,0,0,1,1,0,2
5883,0,-0.7888002190384014,-1.477726143066649,-0.8842780579245457,0,0,0,0,1,0,0,0,1,1,0,1,0,1,0,1,0,1,0,1,0,0,0,1,0,0,1,1,0,2
5884,1,0.5549717837226001,-0.1615829189350795,0.236878034003408,1,1,1,0,0,1,0,0,0,0,0,0,1,0,1,0,1,0,1,0,1,1,0,1,0,0,0,1,0,1
5885,0,-0.3815965818380978,-1.343120586053193,-0.7682028320371893,0,1,1,1,1,0,1,0,1,1,0,1,0,1,0,1,0,1,0,1,0,1,0,0,0,0,1,1,0,2
5886,0,0.5956921474426305,-1.4960059100684764,-0.5871413622379833,0,0,1,1,1,0,0,0,1,1,0,1,0,1,0,1,0,1,0,1,0,0,1,0,0,0,1,1,0,2
5887,0,-0.62591876415828,-0.4806479429669752,-0.6321861382284778,0,1,0,1,1,0,0,0,0,0,1,0,0,0,0,0,0,0,0,0,0,0,0,1,0,0,1,1,0,1
5888,0,0.6771328748826912,1.0249401391835322,1.1046186574794516,1,0,1,1,1,0,1,1,0,0,0,0,0,0,0,0,0,0,1,0,1,0,0,1,0,1,0,0,1,0
5889,1,1.0843365120829946,-0.4823097399671412,0.316643905688828,0,1,1,0,0,1,0,0,0,0,0,0,1,0,0,0,0,0,1,0,1,0,0,1,0,1,0,0,1,0
5890,0,1.4915401492832985,0.684271754149477,1.5960523105236413,0,0,0,0,1,0,1,0,0,0,1,0,0,0,1,0,1,0,1,0,1,0,1,1,1,0,0,0,1,0
5891,0,-0.8702409464784621,-0.7698006209958805,-0.7981591522110832,1,1,0,0,0,1,0,0,0,0,0,0,0,0,1,0,0,0,1,0,0,1,0,1,0,1,0,0,0,1
5892,0,-0.9109613101984924,-0.4357794239624898,-0.774379392897786,0,1,0,0,1,0,0,0,0,0,1,0,0,0,0,0,0,0,0,0,0,0,0,1,0,0,1,0,0,1
5893,0,-0.8295205827584317,-1.3547531650543558,-0.8868148597065765,0,1,1,1,1,0,1,0,1,1,0,1,0,1,0,1,0,1,0,1,0,0,1,1,0,0,0,0,0,2
5894,0,0.5142514200025698,1.1994288242009752,1.0854272005197405,1,1,0,0,1,0,1,1,0,0,0,0,1,0,0,0,0,0,1,0,1,0,0,1,1,0,0,1,0,0
5895,0,0.2699292376823877,-0.1632447159352455,0.0272499702239422,0,0,1,1,1,0,0,0,0,0,0,0,0,0,1,0,0,0,1,0,0,0,0,1,0,0,1,1,0,1
5896,1,1.5729808767233588,-1.3065610520495383,-0.216216823413221,0,1,1,0,1,0,1,0,1,1,0,1,0,1,0,1,0,1,0,1,0,0,1,0,1,0,0,0,1,2
5897,0,1.5729808767233588,-1.3580767590546885,-0.2882399348769646,0,1,1,1,1,0,1,0,1,1,0,1,0,1,0,1,0,1,0,1,0,0,1,0,1,0,0,0,1,2
5898,0,0.0256070553622056,-1.3497677740538576,-0.6527011439440311,0,0,1,1,1,0,1,0,1,1,0,1,0,1,0,1,0,1,0,1,0,1,0,0,1,0,0,1,0,2
5899,1,1.4100994218432374,0.3635449331174155,1.2269807399570585,0,1,0,0,1,0,1,1,0,0,0,0,0,0,0,0,0,0,0,0,0,0,0,1,0,0,1,0,1,0
5900,0,0.188488510242327,-0.8163309370005319,-0.3665940212228198,1,1,1,1,0,1,0,0,0,0,1,0,1,0,1,0,0,0,0,0,0,0,0,0,0,0,0,1,0,1
5901,0,0.6771328748826912,0.6560212051466532,0.8713873075541344,1,1,1,1,1,0,1,1,0,0,0,0,0,0,0,0,0,0,1,0,0,0,0,0,0,1,0,0,1,0
5902,0,-0.9516816739185228,-0.4623681759651477,-0.7999238838855395,0,0,1,0,1,0,0,0,0,0,0,0,1,0,0,0,0,0,0,0,0,0,0,0,0,0,1,0,0,1
5903,0,0.7992939660427822,0.8919963791702424,1.0359264770512442,0,1,1,0,1,0,1,1,0,0,1,0,0,0,1,0,1,0,0,0,0,0,1,1,1,0,0,0,1,0
5904,0,1.5322605130033284,1.1346187411944968,2.011293673523185,0,0,0,0,1,0,1,1,0,0,0,0,1,0,0,0,0,0,1,0,1,1,0,0,0,1,0,0,1,0
5905,0,-1.2774445836787656,0.6726391751483144,-0.9682792856286608,0,1,0,0,1,0,0,1,0,0,0,0,1,0,0,0,0,0,0,0,1,0,0,1,0,1,0,0,0,1
5906,1,-0.748079855318371,0.4715617381282135,-0.5196624348359644,1,0,0,0,1,0,1,1,0,0,0,0,1,0,0,0,0,0,0,0,0,0,0,1,0,1,0,1,0,1
5907,0,-1.2774445836787656,-0.6800635829869099,-0.9862354304162524,0,1,0,0,1,0,0,0,0,0,0,0,0,0,0,0,0,0,0,0,0,0,0,1,0,0,1,0,0,1
5908,0,-1.2774445836787656,-1.481049737066981,-0.9968679387548512,1,1,0,0,1,0,0,0,1,1,0,1,0,1,0,1,0,1,0,1,0,0,0,0,0,0,1,0,0,2
5909,0,0.7992939660427822,0.5131066631323666,0.890247877324885,0,0,0,0,1,0,1,1,0,0,0,0,1,0,0,0,0,0,0,0,0,1,0,1,0,0,1,0,1,0
5910,0,-1.0738427650786138,-0.128346978931757,-0.8230859871127771,0,1,0,0,1,0,0,0,0,0,0,0,0,0,1,0,0,0,1,0,0,0,0,0,0,0,1,0,0,1
5911,0,-1.0331224013585834,-1.0157465770204666,-0.8925722967944899,0,1,1,0,0,1,0,0,0,0,1,0,1,0,0,0,0,0,0,0,0,0,0,0,0,0,1,0,0,1
5912,1,0.5956921474426305,0.6792863631489789,0.745429584289823,1,0,0,0,1,0,1,1,0,0,0,0,1,0,1,0,0,0,0,0,0,0,0,1,0,0,0,1,0,0
5913,0,-0.2594354906780068,0.7440964461554579,-0.0024857584906447,0,0,0,0,1,0,0,1,0,0,1,0,0,0,1,0,1,0,0,0,0,1,0,1,1,0,0,1,0,1
5914,0,-0.3001558543980371,-0.3477041829536853,-0.4336538248521554,0,1,1,1,1,0,0,0,0,0,1,0,0,0,0,0,1,0,0,0,0,0,0,0,0,1,0,1,0,1
5915,0,1.4915401492832985,-1.517609271070636,-0.4459848874274181,0,1,0,0,1,0,0,0,1,1,0,1,0,1,0,1,0,1,0,1,0,0,1,1,0,0,1,0,1,2
5916,0,1.6137012404433893,1.5949365102405126,2.6086553453266084,0,0,0,0,1,0,1,1,0,0,1,0,1,0,1,0,1,0,1,0,1,0,1,1,1,0,0,0,1,0
5917,0,-1.1552834925186746,-1.4893587220678115,-0.9796397457829724,0,1,0,0,1,0,0,0,1,1,0,1,0,1,0,1,0,1,0,1,0,0,0,1,0,0,1,0,0,2
5918,0,1.0843365120829946,-1.504314895069307,-0.4993680205797181,0,1,1,1,1,0,0,0,1,1,0,1,0,1,0,1,0,1,0,1,0,0,1,0,0,0,1,0,1,2
5919,0,1.4100994218432374,0.0262001420836923,0.9184615249702534,0,1,0,0,1,0,0,0,0,0,1,0,0,0,1,0,0,0,0,0,1,0,1,0,0,0,0,0,1,0
5920,1,-0.2594354906780068,0.466576347127715,-0.12072278067921,0,0,0,0,1,0,0,1,0,0,0,0,0,0,0,0,0,0,0,0,1,0,0,1,0,1,0,1,0,1
5921,0,-0.2187151269579764,0.4466347831257217,-0.0885826050581765,0,0,0,0,1,0,0,0,0,0,0,0,1,0,1,0,1,0,1,0,1,1,0,0,0,0,1,1,0,1
5922,0,1.6137012404433893,1.3456669602155942,2.3515118812124096,0,1,1,1,1,0,1,1,0,0,1,0,0,0,1,0,0,0,1,0,1,0,1,0,0,0,0,0,1,0
5923,0,-1.0738427650786138,0.8138919201624348,-0.7909016931998821,0,0,0,0,1,0,0,1,0,0,0,0,0,0,1,0,1,0,0,0,1,0,0,1,0,1,0,0,0,1
5924,0,1.2064976032430856,-1.4660935640654862,-0.4682205065255662,0,1,1,1,1,0,0,0,1,1,0,1,0,1,0,1,0,1,0,1,0,0,1,0,1,0,0,0,1,2
5925,0,-0.5037576729981889,0.1308933530941583,-0.3809765843696379,0,1,0,0,1,0,1,0,0,0,0,0,1,0,0,0,1,0,1,0,0,1,0,1,0,1,0,1,0,1
5926,0,-1.0738427650786138,0.4615909561272169,-0.7925561291446849,0,1,0,0,1,0,0,0,0,0,1,0,0,0,1,0,1,0,1,0,1,0,0,0,1,0,0,0,0,1
5927,0,0.758573602322752,-1.329826210051864,-0.4610954023899493,0,1,0,0,1,0,1,0,1,1,0,1,0,1,0,1,0,1,0,1,0,0,1,0,0,0,1,0,1,2
5928,0,1.1657772395230557,-1.4960059100684764,-0.4271243176566675,0,0,1,1,1,0,0,0,1,1,0,1,0,1,0,1,0,1,0,1,0,0,1,0,1,0,0,0,1,2
5929,1,1.2064976032430856,0.8089065291619363,1.4729181579384605,0,1,1,0,1,0,1,1,0,0,1,0,1,0,1,0,0,0,0,0,0,0,0,1,0,1,0,0,1,0
5930,0,1.6137012404433893,0.6626683931473177,1.723002695354834,0,0,0,0,1,0,1,1,0,0,1,0,0,0,0,0,1,0,0,0,0,0,1,1,0,0,0,0,1,0
5931,1,-0.7888002190384014,1.1047063951915064,-0.4596615579044537,1,1,1,0,1,0,0,1,0,0,0,0,1,0,1,0,0,0,1,0,1,0,0,1,0,1,0,1,0,1
5932,0,-1.1145631287986442,0.9867188081797118,-0.7860266219491969,1,1,1,0,1,0,0,1,0,0,0,0,0,0,1,0,0,0,1,0,1,0,0,1,0,1,0,0,0,1
5933,1,-1.1960038562387048,1.3373579752147635,-0.8758735233249481,1,1,0,0,1,0,1,1,0,0,0,0,1,0,1,0,0,0,1,0,1,0,0,1,0,1,0,0,0,1
5934,1,-0.2594354906780068,0.966777244177718,0.044919346114435,1,0,1,0,1,0,1,1,0,0,0,0,1,0,1,0,0,0,0,0,1,0,0,1,0,1,0,1,0,1
5935,1,-0.7888002190384014,-0.1615829189350795,-0.657973279821469,0,1,0,0,1,0,0,0,0,0,0,0,1,0,0,0,0,0,1,0,0,0,0,1,0,1,0,1,0,1
5936,0,0.2292088739623573,-1.4893587220678115,-0.6720690740711878,0,0,1,1,1,0,0,0,1,1,0,1,0,1,0,1,0,1,0,1,0,0,1,1,0,0,1,1,0,2
5937,1,-0.9924020376385532,0.6394032351449919,-0.735158231432997,1,0,1,0,1,0,1,1,0,0,0,0,0,0,0,0,0,0,0,0,1,0,0,1,0,1,0,0,0,1
5938,1,0.0663274190822359,1.4669781412277214,0.5935964828487977,0,1,1,1,1,0,1,1,0,0,0,0,1,0,1,0,1,0,1,0,1,0,0,1,0,1,0,1,0,0
5939,0,-0.5851984004382496,-1.03568814102246,-0.7629748144516129,0,1,0,0,0,1,0,0,0,0,1,0,0,0,1,0,0,0,0,0,0,0,0,0,0,0,1,1,0,1
5940,0,0.9621754209229036,0.7008897241511383,1.1091628415411765,0,1,1,1,1,0,0,1,0,0,0,0,1,0,1,0,1,0,0,0,0,1,0,1,0,0,1,0,1,0
5941,0,0.1477681465222966,-0.9941432160183072,-0.4467128392431312,0,0,0,0,0,1,0,0,0,0,0,0,1,0,0,0,1,0,0,0,0,0,0,1,0,0,0,1,0,1
5942,0,-0.9516816739185228,-0.532163649972125,-0.8106887470997223,1,0,1,0,0,1,0,0,0,0,0,0,0,0,1,0,0,0,1,0,1,0,0,1,0,1,0,0,0,1
5943,0,-1.2774445836787656,0.6676537841478158,-0.968345463066453,1,1,0,0,1,0,0,1,0,0,0,0,0,0,1,0,0,0,1,0,0,0,0,1,0,1,0,0,0,1
5944,0,-0.8295205827584317,-0.2695997239458775,-0.7168711994564446,1,1,0,0,1,0,0,0,0,0,1,0,0,0,0,0,1,0,0,0,0,0,0,0,0,0,1,0,0,1
5945,1,1.002895784642934,1.0149693571825356,1.4504840065269358,0,0,1,1,1,0,0,1,0,0,0,0,1,0,1,0,1,0,1,0,0,0,0,1,1,0,0,0,1,0
5946,0,0.3920903288424788,0.3037202411114352,0.3886008397147797,1,0,0,0,1,0,0,0,0,0,1,0,1,0,1,0,1,0,0,0,1,1,0,0,1,0,0,1,0,0
5947,0,0.0256070553622056,-1.3381351950526947,-0.679172119060874,1,0,1,1,1,0,1,0,1,1,0,1,0,1,0,1,0,1,0,1,0,0,1,1,0,0,1,1,0,2
5948,0,1.5322605130033284,0.6593447991469852,1.5116981364846351,0,1,1,0,1,0,0,1,0,0,1,0,1,0,0,0,1,0,0,0,0,0,1,0,0,0,0,0,1,0
5949,0,1.4508197855632678,-0.6584602219847502,0.3554238842350031,0,0,0,0,0,1,0,0,0,0,0,0,1,0,0,0,1,0,0,0,1,0,0,0,0,1,0,0,1,0
5950,0,-1.2774445836787656,-1.33148800705203,-0.994882615621088,0,1,0,1,0,1,0,0,0,0,0,0,0,0,0,0,0,0,0,0,0,0,0,1,0,1,0,0,0,1
5951,0,0.188488510242327,1.181149057199148,0.5566253542689406,0,0,0,0,1,0,1,1,0,0,0,0,0,0,0,0,1,0,1,0,1,0,0,0,1,0,0,1,0,0
5952,0,-1.1552834925186746,-1.3065610520495383,-0.968632231963552,0,0,0,1,1,0,1,0,1,1,0,1,0,1,0,1,0,1,0,1,0,0,0,1,0,0,1,0,0,2
5953,0,-1.2774445836787656,-0.467353566965646,-0.9834118597371228,0,1,0,0,1,0,0,0,0,0,1,0,0,0,0,0,0,0,0,0,0,0,0,1,0,0,1,0,0,1
5954,0,-0.5037576729981889,-0.3244390249513595,-0.4915590829202494,0,1,0,0,0,1,0,0,0,0,1,0,1,0,1,0,1,0,1,0,0,0,0,1,1,0,0,1,0,1
5955,0,1.6137012404433893,0.1209225710931616,1.1363176501818713,0,1,1,1,1,0,0,0,0,0,1,0,1,0,0,0,1,0,1,0,0,0,1,0,0,0,0,0,1,0
5956,0,-0.055833672077855,0.8354952811645946,0.232576500546921,1,0,0,0,1,0,1,1,0,0,0,0,0,0,1,0,0,0,0,0,1,0,0,1,0,1,0,1,0,1
5957,1,-0.5851984004382496,0.4582673621268844,-0.3781309545445772,1,1,1,0,1,0,0,1,0,0,0,0,0,0,0,0,0,0,0,0,1,0,0,0,0,1,0,1,0,1
5958,0,-0.8702409464784621,-0.3227772279511935,-0.7374744417557206,0,1,1,0,1,0,0,0,0,0,0,0,0,0,0,0,0,0,1,0,0,0,0,1,0,0,0,0,0,1
5959,0,0.0256070553622056,-1.4943441130683104,-0.7228271688577343,0,0,1,1,1,0,0,0,1,1,0,1,0,1,0,1,0,1,0,1,0,0,1,0,1,0,0,1,0,2
5960,1,1.2064976032430856,0.6543594081464871,1.1821124371340093,0,0,0,0,1,0,1,1,0,0,0,0,0,0,0,0,0,0,1,0,0,1,0,0,0,1,0,0,1,0
5961,0,-1.2774445836787656,-0.9592454790148186,-0.9899413669326106,0,0,0,0,0,1,0,0,0,0,0,0,0,0,1,0,1,0,0,0,0,0,0,0,0,0,1,0,0,1
5962,0,-0.6666391278783103,0.531386430134194,-0.4228448433461112,0,1,1,0,1,0,0,1,0,0,1,0,1,0,0,0,0,0,0,0,0,0,0,0,0,0,0,1,0,1
5963,0,-0.4223169455581282,0.4615909561272169,-0.2717617528667299,0,1,1,1,1,0,1,0,0,0,0,0,0,0,1,0,1,0,1,0,1,1,0,1,0,0,1,1,0,1
5964,0,0.6771328748826912,-0.1000964299289328,0.3284234896158233,0,0,1,1,1,0,0,0,0,0,1,0,0,0,1,0,1,0,0,0,0,0,0,0,0,0,0,0,1,0
5965,0,0.1477681465222966,-0.035286346922454,-0.0402510163240073,0,1,1,1,1,0,0,0,0,0,1,0,0,0,1,0,0,0,0,0,1,1,0,1,1,0,0,1,0,1
5966,0,0.3920903288424788,1.152898508196324,0.8198571426600133,1,1,1,0,1,0,1,1,0,0,0,0,1,0,1,0,1,0,0,0,1,0,0,1,0,1,0,1,0,0
5967,1,-1.1552834925186746,-1.3148700370503688,-0.960558584552915,1,1,0,0,0,1,0,0,0,0,0,0,0,0,0,0,0,0,0,0,0,0,0,1,0,0,0,0,0,1
5968,0,-0.8295205827584317,0.3087056321119333,-0.6207815597823045,1,0,0,0,1,0,1,0,0,0,0,0,0,0,0,0,1,0,1,0,1,1,0,0,0,0,1,0,0,1
5969,0,-0.055833672077855,0.7590526191569525,0.1961127323234698,0,0,0,0,1,0,0,1,0,0,1,0,0,0,1,0,1,0,0,0,0,0,0,0,0,1,0,1,0,1
5970,0,-1.1145631287986442,0.8105683261621028,-0.823460992593599,0,1,1,0,1,0,1,1,0,0,1,0,0,0,0,0,0,0,0,0,1,0,0,1,0,1,0,0,0,1
5971,0,1.369379058123207,-1.4876969250676455,-0.3995062669514279,0,1,1,1,1,0,0,0,1,1,0,1,0,1,0,1,0,1,0,1,0,0,1,0,1,0,0,0,1,2
5972,1,-0.7073594915983407,-0.3244390249513595,-0.6717602460281581,1,0,0,0,1,0,1,0,0,0,0,0,0,0,0,0,1,0,0,0,0,0,0,0,1,0,0,1,0,1
5973,0,1.2879383306831464,1.3174164112127704,1.9469030265514644,0,1,0,0,1,0,1,1,0,0,0,0,1,0,1,0,0,0,1,0,1,0,1,1,0,0,0,0,1,0
5974,0,-0.9109613101984924,-1.4860351280674795,-0.9093813659936852,0,1,1,1,1,0,0,0,1,1,0,1,0,1,0,1,0,1,0,1,0,0,0,1,1,0,0,0,0,2
5975,0,-1.0331224013585834,0.830509890164096,-0.7371876728586216,1,1,1,1,1,0,0,1,0,0,0,0,1,0,0,0,1,0,1,0,0,0,0,1,0,1,0,0,0,1
5976,0,-0.1372743995179157,-1.0124229830201346,-0.5625012962333886,0,1,0,0,0,1,0,0,0,0,0,0,1,0,0,0,1,0,0,0,0,0,0,0,0,1,0,1,0,1
5977,0,1.002895784642934,-1.4660935640654862,-0.5091843405188807,0,1,0,0,1,0,0,0,1,1,0,1,0,1,0,1,0,1,0,1,0,0,1,0,0,0,0,0,1,2
5978,0,0.5549717837226001,0.6477122201458225,0.6917155639485625,0,0,0,0,1,0,1,1,0,0,1,0,1,0,0,0,0,0,0,0,0,0,0,0,0,0,1,1,0,0
5979,0,0.8400143297628127,-1.4993295040688086,-0.5743029393063145,0,1,0,0,1,0,0,0,1,1,0,1,0,1,0,1,0,1,0,1,0,0,1,0,0,0,0,0,1,2
5980,0,-0.62591876415828,0.5014740841312035,-0.3937047115716532,0,0,0,0,1,0,0,0,0,0,1,0,1,0,0,0,1,0,1,0,1,1,0,0,1,0,0,1,0,1
5981,0,0.2292088739623573,-1.481049737066981,-0.6766353172788433,0,0,1,1,1,0,0,0,1,1,0,1,0,1,0,1,0,1,0,1,0,0,1,1,0,0,1,1,0,2
5982,0,-0.7073594915983407,-1.4943441130683104,-0.8713955167010156,0,1,0,0,1,0,0,0,1,1,0,1,0,1,0,1,0,1,0,1,0,1,0,0,0,0,1,1,0,2
5983,0,-0.4223169455581282,-0.4789861459668089,-0.5209859835918066,0,0,0,0,0,1,0,0,0,0,0,0,1,0,0,0,0,0,1,0,1,0,0,1,0,1,0,1,0,1
5984,0,-0.748079855318371,0.677624566148813,-0.5031842528257296,1,1,1,0,1,0,1,1,0,0,0,0,0,0,0,0,0,0,0,0,1,0,0,1,0,1,0,1,0,1
5985,0,1.002895784642934,0.3269853991137605,0.9217262785679972,0,0,1,0,1,0,1,0,0,0,0,0,1,0,1,0,1,0,1,0,0,1,0,0,0,0,0,0,1,0
5986,1,-0.8702409464784621,0.4782089261288781,-0.6406127319740061,0,1,0,0,1,0,0,1,0,0,0,0,0,0,0,0,0,0,0,0,1,0,0,1,1,0,0,0,0,1
5987,0,-1.2774445836787656,-1.4760643460664828,-0.9968017613170592,0,0,1,1,1,0,0,0,1,1,0,1,0,1,0,1,0,1,0,1,0,0,1,0,0,0,1,0,0,2
5988,0,-0.8295205827584317,-1.4527991880641573,-0.8901678498880433,0,1,1,1,1,0,0,0,1,1,0,1,0,1,0,1,0,1,0,1,0,0,1,0,0,0,0,0,0,2
5989,1,-1.1960038562387048,0.9917041991802098,-0.8824471488122975,1,1,1,0,1,0,1,1,0,0,0,0,0,0,0,0,0,0,1,0,1,0,0,1,0,1,0,0,0,1
5990,0,0.1477681465222966,0.9950277931805424,0.5438751679209944,0,1,0,1,1,0,0,1,0,0,0,0,1,0,0,0,0,0,1,0,1,0,0,1,0,1,0,1,0,1
5991,0,-0.6666391278783103,0.9800716201790473,-0.3513952696765658,1,1,0,0,1,0,0,1,0,0,1,0,0,0,0,0,0,0,1,0,1,0,0,1,0,1,0,1,0,1
5992,0,1.3286586944031769,0.2555281281066175,1.0474192920811405,1,1,1,1,1,0,1,0,0,0,1,0,1,0,1,0,0,0,0,0,1,1,0,0,1,0,0,0,1,0
5993,0,-1.2367242199587352,0.3386179781149237,-0.938830325811173,0,1,0,0,1,0,0,1,0,0,0,0,1,0,0,0,0,0,0,0,0,0,0,0,0,1,0,0,0,1
5994,0,0.3920903288424788,1.3440051632154282,0.935755895379924,1,0,0,0,1,0,1,1,0,0,1,0,0,0,1,0,0,0,1,0,1,0,0,1,0,1,0,1,0,0
5995,0,1.6137012404433893,1.5683477582378549,2.538286669807668,0,1,1,1,1,0,0,1,0,0,1,0,1,0,1,0,1,0,1,0,1,0,1,0,0,0,0,0,1,0
5996,0,1.2064976032430856,-1.4926823160681442,-0.4526908677903516,0,1,0,0,1,0,0,0,1,1,0,1,0,1,0,1,0,1,0,1,0,0,1,0,0,0,0,0,1,2
5997,0,-1.0738427650786138,0.830509890164096,-0.7619600937388005,0,0,0,0,1,0,1,1,0,0,0,0,1,0,0,0,0,0,1,0,0,0,0,1,0,1,0,0,0,1
5998,0,0.6364125111626608,-1.4860351280674795,-0.5487143300266996,0,1,1,0,1,0,0,0,1,1,0,1,0,1,0,1,0,1,0,1,0,0,1,1,0,0,1,1,0,2
5999,0,0.1070477828022663,1.4686399382278874,0.7702020051700019,0,1,0,0,1,0,1,1,0,0,1,0,0,0,1,0,1,0,1,0,1,0,1,1,0,1,0,1,0,0
6000,0,0.7992939660427822,-1.4993295040688086,-0.5961856120695713,0,1,0,1,1,0,0,0,1,1,0,1,0,1,0,1,0,1,0,1,0,1,0,0,1,0,0,0,1,2
6001,0,-1.2774445836787656,-1.3248408190513656,-0.9947943790373652,0,0,0,0,0,1,0,0,0,0,0,0,0,0,0,0,0,0,0,0,0,0,0,1,0,0,1,0,0,1
6002,0,-1.0738427650786138,0.6011819041411709,-0.8027253954187387,1,1,1,0,1,0,1,1,0,0,0,0,0,0,0,0,0,0,1,0,0,0,0,1,0,1,0,0,0,1
6003,0,1.5729808767233588,0.9451738831755588,1.864622412229944,0,0,1,0,1,0,1,0,0,0,1,0,1,0,1,0,1,0,1,0,1,0,1,0,1,0,0,0,1,0
6004,0,1.4100994218432374,0.6659919871476498,1.464094499566179,0,0,1,1,1,0,0,1,0,0,1,0,1,0,1,0,0,0,0,0,0,1,0,0,0,0,0,0,1,0
6005,1,1.125056875803025,0.2322629701042917,0.924196902912236,0,1,0,0,1,0,1,0,0,0,1,0,1,0,0,0,0,0,0,0,1,1,0,1,0,1,0,0,1,0
6006,0,-0.3815965818380978,-1.1437049460332582,-0.7063269277015688,0,1,1,1,0,1,0,0,0,0,0,0,0,0,0,0,1,0,0,0,0,0,0,1,0,0,0,1,0,1
6007,0,0.2699292376823877,-0.3294244159518578,-0.0388392309844424,0,1,0,1,0,1,0,0,0,0,0,0,0,0,1,0,1,0,1,0,1,1,0,0,0,0,0,1,0,1
6008,0,-0.7073594915983407,-1.504314895069307,-0.9000062289731366,0,1,1,1,1,0,0,0,1,1,0,1,0,1,0,1,0,1,0,1,0,1,0,1,0,0,1,1,0,2
6009,1,0.8400143297628127,1.2991366442109429,1.4143290663465145,1,1,1,0,1,0,1,1,0,0,0,0,1,0,1,0,0,0,1,0,1,0,0,1,0,1,0,0,1,0
6010,0,-0.3408762181180675,-1.3481059770536914,-0.7370773771289681,0,1,1,1,1,0,1,0,1,1,0,1,0,1,0,1,0,1,0,1,0,0,1,0,0,0,1,1,0,2
6011,0,0.188488510242327,-1.5093002860698053,-0.7041210131084986,0,0,1,1,1,0,0,0,1,1,0,1,0,1,0,1,0,1,0,1,0,0,0,0,0,1,0,1,0,2
6012,0,-1.1145631287986442,0.6261088591436628,-0.8274536980070561,1,0,1,1,1,0,0,1,0,0,0,0,1,0,0,0,0,0,0,0,1,0,0,1,0,1,0,0,0,1
6013,1,0.7178532386027215,1.1927816362003112,1.2838492181664092,0,0,1,0,1,0,1,1,0,0,0,0,0,0,0,0,1,0,1,0,1,1,0,1,0,1,0,0,1,0
6014,0,0.880734693482843,0.9750862291785486,1.2270027991029888,0,0,0,0,1,0,0,1,0,0,0,0,0,0,1,0,0,0,1,0,1,1,0,1,1,0,0,0,1,0
6015,0,-1.1960038562387048,0.3253236021135945,-0.9026974447766822,0,0,0,0,1,0,0,1,0,0,1,0,0,0,0,0,0,0,0,0,0,0,0,1,0,1,0,0,0,1
6016,0,1.4508197855632678,1.4520219682262263,2.1603914408688034,1,1,0,0,1,0,1,1,0,0,0,0,1,0,1,0,1,0,1,0,1,1,0,0,0,1,0,0,1,0
6017,0,-1.1145631287986442,-0.2862176939475387,-0.8771970720807902,0,1,0,0,1,0,0,0,0,0,0,0,0,0,1,0,1,0,0,0,0,0,0,0,0,1,0,0,0,1
6018,0,0.0256070553622056,-1.4760643460664828,-0.7014739155968143,0,1,0,0,1,0,0,0,1,1,0,1,0,1,0,1,0,1,0,1,0,0,1,0,0,0,1,1,0,2
6019,0,0.3513699651224484,0.5247392421335293,0.4341970943535417,0,0,0,0,1,0,1,0,0,0,0,0,1,0,1,0,0,0,1,0,1,1,0,1,0,1,0,1,0,0
6020,0,0.0663274190822359,-0.1167143999305941,-0.1264140403293312,0,0,1,1,0,1,0,0,0,0,1,0,0,0,1,0,1,0,1,0,1,1,0,0,0,0,1,1,0,1
6021,0,-0.7888002190384014,-1.4727407520661506,-0.8934987809235794,0,0,1,1,1,0,0,0,1,1,0,1,0,1,0,1,0,1,0,1,0,0,0,1,0,0,1,1,0,2
6022,0,-0.5037576729981889,-1.5242564590713006,-0.8524025920546806,0,0,0,0,1,0,0,0,1,1,0,1,0,1,0,1,0,1,0,1,0,0,0,1,1,0,0,1,0,2
6023,1,0.758573602322752,-1.5009913010689746,-0.5787588867843163,0,0,0,0,1,0,0,0,1,1,0,1,0,1,0,1,0,1,0,1,0,0,1,0,1,0,0,0,1,2
6024,0,-1.1960038562387048,0.8886727851699104,-0.8985944436335717,1,0,1,0,1,0,1,1,0,0,0,0,1,0,0,0,0,0,0,0,1,0,0,1,1,0,0,0,0,1
6025,0,0.3513699651224484,-0.6501512369839195,-0.1931650159156369,0,0,0,1,1,0,0,0,0,0,0,0,0,0,0,0,0,0,0,0,0,0,0,0,0,0,0,1,0,1
6026,0,-0.7888002190384014,-1.505976692069473,-0.9033812783005342,0,0,0,0,1,0,0,0,1,1,0,1,0,1,0,1,0,1,0,1,0,0,0,0,1,0,0,1,0,2
6027,0,0.1070477828022663,-1.3065610520495383,-0.6487525568224354,0,1,1,1,1,0,1,0,1,1,0,1,0,1,0,1,0,1,0,1,0,0,1,0,0,0,0,1,0,2
6028,0,-0.8295205827584317,0.534710024134526,-0.6235168938777117,1,1,1,0,1,0,0,1,0,0,1,0,0,0,0,0,1,0,0,0,0,0,0,0,0,0,0,0,0,1
6029,0,-1.1552834925186746,1.001674981181207,-0.8467113324045594,0,1,0,0,1,0,0,1,0,0,1,0,1,0,0,0,1,0,0,0,1,0,0,1,0,0,1,0,0,1
6030,0,0.4328106925625091,-0.5221928679711283,-0.0897958580843651,1,0,0,0,0,1,0,0,0,0,0,0,0,0,1,0,0,0,1,0,1,0,0,1,0,0,0,1,0,1
6031,1,-0.8295205827584317,-1.1786026830367469,-0.8487628329761147,0,0,1,1,0,1,0,0,0,0,0,0,0,0,0,0,1,0,0,0,0,0,0,1,0,0,1,0,0,1
6032,1,1.4508197855632678,1.3473287572157604,2.2147010581501925,1,1,1,0,1,0,1,1,0,0,0,0,1,0,1,0,0,0,1,0,1,0,0,1,0,1,0,0,1,0
6033,1,-0.3001558543980371,0.8039211381614382,0.0050584694176554,1,1,0,0,1,0,1,1,0,0,0,0,1,0,0,0,0,0,1,0,0,0,0,1,0,1,0,1,0,1
6034,0,-1.0331224013585834,-1.479387940066815,-0.9488010597718504,0,0,0,0,1,0,0,0,1,1,0,1,0,1,0,1,0,1,0,1,0,1,0,0,0,0,1,0,0,2
6035,1,1.369379058123207,1.5317882242341998,2.2994522968159514,1,1,1,0,1,0,1,1,0,0,0,0,1,0,1,0,1,0,1,0,1,1,0,1,0,1,0,0,1,0
6036,0,0.8400143297628127,1.5201556452330371,1.568743087861432,0,0,1,0,1,0,0,1,0,0,1,0,1,0,1,0,1,0,1,0,1,1,0,0,0,1,0,0,1,0
6037,1,1.247217966963116,1.4835961112293827,2.0963757993779044,0,1,0,0,1,0,1,1,0,0,1,0,1,0,1,0,0,0,1,0,1,0,0,1,0,0,0,0,1,0
6038,0,1.5322605130033284,1.6431286232453304,2.401872911372203,1,0,1,1,1,0,1,1,0,0,1,0,1,0,1,0,1,0,1,0,1,0,1,1,0,0,0,0,1,0
6039,1,-0.2187151269579764,-0.9393039150128252,-0.5504790617011558,1,1,1,0,0,1,0,0,0,0,0,0,0,0,0,0,0,0,0,0,1,0,0,0,0,0,0,1,0,1
6040,0,-1.2774445836787656,0.1990270301009692,-0.974566142218911,1,0,0,0,1,0,0,1,0,0,0,0,0,0,0,0,0,0,0,0,0,0,0,0,0,0,1,0,0,1
6041,0,-1.1145631287986442,-1.4893587220678115,-0.9574261858307552,0,0,0,0,1,0,0,0,1,1,0,1,0,1,0,1,0,1,0,1,0,0,0,0,0,0,1,0,0,2
6042,1,0.188488510242327,-1.5009913010689746,-0.6846869055435497,0,0,1,0,1,0,0,0,1,1,0,1,0,1,0,1,0,1,0,1,0,1,0,0,0,0,1,1,0,2
6043,0,-1.1960038562387048,-0.8179927340006982,-0.948095167102068,1,1,0,0,0,1,0,0,0,0,0,0,0,0,1,0,0,0,1,0,0,0,0,1,0,0,1,0,0,1
6044,0,-0.8295205827584317,0.3934572791204055,-0.6118034873885086,0,0,0,1,1,0,1,1,0,0,0,0,0,0,0,0,0,0,0,0,0,0,0,1,0,1,0,0,0,1
6045,0,0.2292088739623573,-1.5009913010689746,-0.6691131485164737,0,0,1,1,1,0,0,0,1,1,0,1,0,1,0,1,0,1,0,1,0,1,0,0,1,0,0,1,0,2
6046,0,-0.9516816739185228,0.682609957149311,-0.6610395011058365,0,0,0,0,1,0,0,1,0,0,0,0,0,0,1,0,0,0,0,0,1,0,0,1,1,0,0,0,0,1
6047,0,-0.7888002190384014,0.036170924084689,-0.6077225453913288,0,1,1,0,1,0,1,0,0,0,1,0,0,0,0,0,0,0,0,0,1,0,0,1,0,1,0,1,0,1
6048,1,-0.1372743995179157,0.9867188081797118,0.1649652182693179,1,1,1,0,1,0,1,1,0,0,0,0,0,0,0,0,0,0,1,0,1,0,0,1,0,1,0,1,0,1
6049,0,0.5956921474426305,-1.4860351280674795,-0.5572291603559507,0,0,1,1,1,0,0,0,1,1,0,1,0,1,0,1,0,1,0,1,0,0,1,0,1,0,0,1,0,2
6050,0,1.1657772395230557,1.151236711196158,1.6164570205095412,0,1,1,0,1,0,1,1,0,0,1,0,0,0,1,0,1,0,1,0,0,0,0,0,0,0,0,0,1,0
6051,0,-0.6666391278783103,-1.4876969250676455,-0.8841457030489616,0,1,0,0,1,0,0,0,1,1,0,1,0,1,0,1,0,1,0,1,0,0,0,0,0,0,1,1,0,2
6052,0,0.3513699651224484,0.4549437681265523,0.3735565021900405,0,0,1,1,1,0,0,0,0,0,1,0,1,0,0,0,1,0,1,0,1,0,1,0,0,1,0,1,0,0
6053,0,0.4328106925625091,-1.3181936310507012,-0.5336479333560298,0,0,0,1,1,0,1,0,1,1,0,1,0,1,0,1,0,1,0,1,0,0,1,1,0,1,0,1,0,2
6054,0,0.1477681465222966,1.0831030341893466,0.5197865805646673,1,0,1,1,1,0,1,1,0,0,0,0,1,0,1,0,0,0,1,0,0,0,0,1,0,0,0,1,0,0
6055,0,-1.0738427650786138,-0.3244390249513595,-0.8556011682146325,0,0,0,0,1,0,0,0,0,0,0,0,0,0,0,0,0,0,0,0,1,0,0,1,0,1,0,0,0,1
6056,0,1.0436161483629645,0.2106596091021319,0.8909537699946672,0,0,0,0,1,0,1,0,0,0,1,0,1,0,1,0,1,0,0,0,0,1,0,1,1,0,0,0,1,0
6057,0,-0.5444780367182193,-0.1067436179295974,-0.5234786670819759,0,1,0,0,1,0,0,0,0,0,0,0,0,0,0,0,1,0,1,0,0,0,0,1,1,0,0,1,0,1
6058,0,-0.8702409464784621,-0.626886078981594,-0.7755264684861825,0,1,1,0,1,0,0,0,0,0,0,0,0,0,0,0,0,0,0,0,0,0,0,1,0,0,0,0,0,1
6059,0,0.2699292376823877,-0.8130073430001998,-0.2864752032025084,0,0,0,0,0,1,0,0,0,0,1,0,1,0,0,0,1,0,0,0,0,1,0,1,0,0,0,1,0,1
6060,1,-0.9924020376385532,0.7424346491552913,-0.6909517029878692,0,0,0,0,1,0,0,1,0,0,0,0,1,0,0,0,0,0,1,0,0,0,0,1,0,1,0,0,0,1
6061,0,-0.2594354906780068,-0.5072366949696331,-0.447396672766983,0,0,0,1,1,0,1,0,0,0,0,0,0,0,0,0,0,0,0,0,0,0,0,1,0,0,1,1,0,1
6062,1,0.8400143297628127,0.3003966471111027,0.7606503949820077,0,0,0,0,1,0,0,1,0,0,0,0,1,0,0,0,0,0,0,0,0,0,0,1,1,0,0,0,1,0
6063,0,1.5322605130033284,-1.5142856770703037,-0.3875060915651258,0,0,1,1,1,0,0,0,1,1,0,1,0,1,0,1,0,1,0,1,0,0,1,1,0,0,1,0,1,2
6064,0,-1.2774445836787656,-0.6468276429835875,-0.9857942474976384,1,1,0,0,0,1,0,0,0,0,0,0,0,0,0,0,0,0,1,0,1,0,0,1,0,0,1,0,0,1
6065,0,1.0843365120829946,-1.3215172250510334,-0.339373035144333,0,1,0,0,1,0,1,0,1,1,0,1,0,1,0,1,0,1,0,1,0,0,1,0,0,0,1,0,1,2
6066,0,-1.2367242199587352,1.003336778181373,-0.9272051559056927,1,1,0,0,1,0,0,1,0,0,0,0,0,0,1,0,0,0,1,0,1,0,0,0,0,1,0,0,0,1
6067,0,-1.0331224013585834,-0.979187043016812,-0.8889545968618547,0,1,0,0,0,1,0,0,0,0,1,0,0,0,1,0,0,0,0,0,0,1,0,0,0,0,1,0,0,1
6068,0,-0.8295205827584317,-0.6717545979860794,-0.7937473230249428,1,0,0,1,1,0,0,0,0,0,0,0,0,0,0,0,0,0,0,0,0,0,0,1,0,1,0,0,0,1
6069,0,1.0843365120829946,0.398442670120904,0.998028864342297,0,1,1,1,1,0,0,0,0,0,0,0,1,0,1,0,1,0,1,0,1,1,0,0,1,0,0,0,1,0
6070,0,1.1657772395230557,0.5396954151350245,1.189612546750448,0,1,1,1,1,0,1,0,0,0,0,0,0,0,1,0,1,0,1,0,1,0,1,1,0,0,0,0,1,0
6071,0,1.6137012404433893,1.3556377422165908,2.321732034205961,0,1,1,1,1,0,1,1,0,0,1,0,0,0,1,0,0,0,1,0,1,0,1,1,0,0,0,0,1,0
6072,0,-0.7888002190384014,-1.5275800530716328,-0.894932625409075,0,0,1,1,1,0,0,0,1,1,0,1,0,1,0,1,0,1,0,1,0,0,0,0,0,0,1,1,0,2
6073,0,1.2879383306831464,-1.3248408190513656,-0.3018724870621387,0,0,1,1,1,0,1,0,1,1,0,1,0,1,0,1,0,1,0,1,0,1,0,0,0,0,1,0,1,2
6074,0,-1.2774445836787656,-1.3730329320561832,-0.9954340942693556,1,1,1,0,0,1,0,0,0,0,0,0,0,0,0,0,0,0,0,0,0,0,0,1,0,1,0,0,0,1
6075,0,-0.9109613101984924,0.004596781081533,-0.7033268838549933,0,0,0,0,1,0,0,0,0,0,0,0,1,0,0,0,1,0,0,0,1,1,0,0,0,0,1,0,0,1
6076,0,1.3286586944031769,-0.1133908059302618,0.7034069112918347,0,0,1,1,1,0,0,0,0,0,1,0,1,0,1,0,0,0,0,0,0,1,0,0,0,0,0,0,1,0
6077,0,1.2064976032430856,1.6348196382444995,2.034588131626007,0,0,1,0,1,0,1,1,0,0,1,0,1,0,1,0,1,0,1,0,1,0,1,0,0,0,1,0,1,0
6078,0,0.9214550572028734,0.8438042661654253,1.1634945179684963,0,0,1,0,1,0,1,0,0,0,1,0,1,0,1,0,1,0,1,0,1,1,0,1,0,1,0,0,1,0
6079,0,-0.3001558543980371,-0.3543513709543497,-0.4000356864537648,0,0,1,0,1,0,1,0,0,0,0,0,1,0,0,0,0,0,0,0,0,0,0,0,0,1,0,1,0,1
6080,0,-1.2774445836787656,-1.1653083070354178,-0.992676701028018,1,1,0,0,0,1,0,0,0,0,1,0,0,0,0,0,0,0,0,0,0,0,0,0,0,0,1,0,0,1
6081,0,-1.2774445836787656,-0.4972659129686364,-0.9838089243638752,0,1,0,0,1,0,0,0,0,0,1,0,0,0,0,0,0,0,0,0,0,0,0,1,1,0,0,0,0,1
6082,0,1.0843365120829946,1.2077378092018058,1.6589208764261434,1,0,1,0,1,0,1,1,0,0,0,0,1,0,0,0,0,0,1,0,1,0,0,0,0,1,0,0,1,0
6083,1,1.2879383306831464,-1.341458789053027,-0.3225419067992069,0,1,1,1,1,0,1,0,1,1,0,1,0,1,0,1,0,1,0,1,0,0,1,1,0,0,0,0,1,2
6084,0,0.1477681465222966,1.0049985751815391,0.5119997020511293,0,1,1,0,1,0,1,1,0,0,0,0,0,0,0,0,0,0,1,0,1,0,0,1,0,0,0,1,0,1
6085,0,-1.1960038562387048,-0.4690153639658123,-0.9390288581245492,1,0,0,0,1,0,1,0,0,0,0,0,0,0,0,0,0,0,0,0,0,0,0,1,0,0,1,0,0,1
6086,0,1.1657772395230557,0.1707764810981453,0.8589680083951486,0,1,1,0,1,0,1,0,0,0,1,0,0,0,1,0,0,0,0,0,1,0,1,1,0,0,1,0,1,0
6087,0,-0.2594354906780068,-0.8246399220013625,-0.5541188207797216,0,1,0,1,0,1,0,0,0,0,0,0,1,0,0,0,0,0,1,0,0,1,0,1,0,0,0,1,0,1
6088,0,-1.2774445836787656,-0.3111446489500306,-0.9813383000196366,1,0,0,0,1,0,0,0,0,0,0,0,0,0,0,0,0,0,0,0,1,0,0,1,0,1,0,0,0,1
6089,1,-1.2774445836787656,0.85876043916692,-0.965808661284422,1,0,1,0,1,0,1,1,0,0,0,0,1,0,0,0,0,0,1,0,0,0,0,1,0,1,0,0,0,1
6090,0,1.4508197855632678,1.2791950802089491,2.115324605732378,0,1,1,1,1,0,0,1,0,0,1,0,1,0,1,0,0,0,1,0,1,0,1,1,1,0,0,0,1,0
6091,1,-1.2367242199587352,0.7341256641544608,-0.9368008843855484,1,1,1,0,1,0,1,1,0,0,0,0,0,0,0,0,0,0,1,0,0,0,0,1,0,0,1,0,0,1
6092,0,1.6137012404433893,0.9800716201790473,2.016212863065732,0,0,1,0,1,0,1,1,0,0,1,0,1,0,1,0,1,0,0,0,0,0,1,1,0,0,0,0,1,0
6093,0,1.5729808767233588,-0.5886647479777732,0.4340647394779574,0,0,1,0,0,1,0,0,0,0,0,0,0,0,1,0,1,0,0,0,1,0,1,1,0,1,0,0,1,0
6094,0,1.002895784642934,-1.4694171580658184,-0.4530438141252429,0,1,0,0,1,0,0,0,1,1,0,1,0,1,0,1,0,1,0,1,0,0,1,0,1,0,0,0,1,2
6095,0,-1.1552834925186746,-1.4993295040688086,-0.975977927558476,0,1,0,0,1,0,0,0,1,1,0,1,0,1,0,1,0,1,0,1,0,0,0,1,0,0,1,0,0,2
6096,1,-1.2774445836787656,0.180747263099142,-0.9748087928241488,0,0,0,0,1,0,0,1,0,0,0,0,0,0,0,0,0,0,0,0,0,0,0,1,0,1,0,0,0,1
6097,0,1.6137012404433893,0.5396954151350245,1.5310219483199303,0,1,1,1,1,0,1,0,0,0,1,0,1,0,1,0,1,0,0,0,1,0,1,0,1,0,0,0,1,0
6098,0,-0.4630373092781585,0.3701921211180801,-0.3220566055887315,0,1,1,1,1,0,1,0,0,0,1,0,0,0,0,0,0,0,1,0,1,1,0,1,0,0,0,1,0,1
6099,0,1.5729808767233588,-1.33148800705203,-0.2069961004141874,0,0,1,1,1,0,1,0,1,1,0,1,0,1,0,1,0,1,0,1,0,0,1,0,0,0,0,0,1,2
6100,1,-0.1372743995179157,1.1396041321949948,0.2969671475186415,1,0,1,0,1,0,1,1,0,0,0,0,0,0,1,0,0,0,1,0,1,0,0,1,0,0,0,1,0,1
6101,1,1.4915401492832985,1.5118466602322065,2.288775670185492,0,0,0,0,1,0,1,1,0,0,1,0,0,0,1,0,1,0,1,0,1,0,1,0,1,0,0,0,1,0
6102,0,1.2879383306831464,0.6726391751483144,1.4138437651360387,0,0,1,0,1,0,1,0,0,0,1,0,0,0,1,0,1,0,1,0,1,0,1,1,1,0,0,0,1,0
6103,0,-0.6666391278783103,-1.4960059100684764,-0.8756749910115718,0,1,0,0,1,0,0,0,1,1,0,1,0,1,0,1,0,1,0,1,0,0,0,0,1,0,0,1,0,2
6104,0,-1.1552834925186746,-1.3580767590546885,-0.9627644991459852,0,0,0,0,1,0,1,0,1,1,0,1,0,1,0,1,0,1,0,1,0,1,0,0,0,1,0,0,0,2
6105,0,0.7992939660427822,1.5450826002355291,1.604456845123239,1,0,0,0,1,0,1,1,0,0,1,0,1,0,0,0,1,0,1,0,1,1,0,1,1,0,0,0,1,0
6106,0,-1.2367242199587352,-0.3211154309510272,-0.9557717498859524,1,1,0,0,1,0,0,0,0,0,1,0,0,0,1,0,0,0,0,0,0,0,0,1,0,0,1,0,0,1
6107,0,-1.2774445836787656,-1.4893587220678115,-0.9969782344845048,0,1,0,0,1,0,0,0,1,1,0,1,0,1,0,1,0,1,0,1,0,0,0,0,0,0,1,0,0,2
6108,0,-0.5851984004382496,-1.3165318340505352,-0.7954238181156762,0,1,0,0,0,1,0,0,0,0,0,0,0,0,0,0,0,0,0,0,0,0,0,0,0,0,1,1,0,1
6109,0,-1.2367242199587352,-0.3526895739541836,-0.9609335900337368,0,0,0,0,1,0,1,0,0,0,0,0,1,0,0,0,0,0,0,0,0,0,0,0,0,0,1,0,0,1
6110,0,-0.5444780367182193,-0.1649065129354117,-0.506868130196157,0,0,1,0,1,0,0,0,0,0,0,0,1,0,0,0,0,0,0,0,1,0,0,1,0,0,1,1,0,1
6111,0,0.3106496014024181,0.6344178441444933,0.5525885305636219,0,0,0,0,1,0,1,1,0,0,0,0,0,0,0,0,0,0,0,0,1,0,0,0,0,0,0,1,0,1
6112,1,1.369379058123207,1.3340343812144315,2.0346101907719376,0,0,1,1,1,0,1,1,0,0,0,0,1,0,1,0,0,0,1,0,1,1,0,1,0,1,0,0,1,0
6113,0,-0.4630373092781585,0.3502505571160864,-0.3128138234437672,0,1,0,0,1,0,1,1,0,0,0,0,0,0,0,0,0,0,0,0,0,0,0,0,0,0,1,1,0,1
6114,0,-0.9924020376385532,0.0627596760873473,-0.7759455922588658,0,1,0,0,1,0,0,0,0,0,0,0,1,0,0,0,1,0,1,0,0,0,0,1,0,1,0,0,0,1
6115,0,1.6137012404433893,1.4869197052297147,2.4596678737106434,0,0,1,1,1,0,0,1,0,0,1,0,1,0,1,0,1,0,1,0,1,0,1,1,1,0,0,0,1,0
6116,0,0.6364125111626608,0.3020584441112687,0.5742726710135025,0,0,0,0,1,0,1,0,0,0,0,0,1,0,1,0,1,0,1,0,0,1,0,1,0,0,0,1,0,0
6117,0,1.4915401492832985,-1.5109620830699717,-0.3669910858495724,0,1,0,0,1,0,0,0,1,1,0,1,0,1,0,1,0,1,0,1,0,0,1,1,0,0,0,0,1,2
6118,0,1.6137012404433893,1.7760723832586205,2.76507674912122,0,1,0,0,1,0,1,1,0,0,1,0,1,0,1,0,1,0,1,0,1,0,1,1,0,1,0,0,1,0
6119,0,-0.748079855318371,-0.4424266119631542,-0.684664846397619,0,0,0,0,1,0,0,0,0,0,0,0,1,0,0,0,0,0,0,0,0,1,0,0,1,0,0,1,0,1
6120,0,-1.0738427650786138,-0.1765390919365744,-0.8480128220144709,0,1,0,0,1,0,0,0,0,0,0,0,1,0,0,0,0,0,1,0,0,0,0,0,0,1,0,0,0,1
6121,0,-0.9924020376385532,-1.504314895069307,-0.9354773356297064,0,0,1,1,1,0,0,0,1,1,0,1,0,1,0,1,0,1,0,1,0,0,1,0,0,0,0,0,0,2
6122,0,-0.62591876415828,-1.502653098069141,-0.8818736110180992,0,0,0,0,1,0,0,0,1,1,0,1,0,1,0,1,0,1,0,1,0,1,0,0,0,0,1,1,0,2
6123,0,1.3286586944031769,0.9568064621767214,1.671869595087466,0,1,0,0,1,0,1,1,0,0,1,0,0,0,0,0,1,0,0,0,1,1,0,0,0,1,0,0,1,0
6124,0,1.002895784642934,-0.181524482937073,0.4388074558530584,0,0,1,1,1,0,0,0,0,0,1,0,0,0,1,0,1,0,0,0,0,1,0,1,0,0,1,0,1,0
6125,0,-0.7888002190384014,1.245959140205627,-0.4062122473143615,1,1,1,0,1,0,1,1,0,0,0,0,0,0,1,0,0,0,1,0,1,0,0,1,1,0,0,1,0,1
6126,1,-0.5444780367182193,1.034910921184529,-0.2214007227069361,1,1,0,0,1,0,0,1,0,0,0,0,0,0,1,0,0,0,1,0,1,0,0,1,1,0,0,1,0,1
6127,0,0.9621754209229036,1.4968904872307114,1.6896933849994733,0,0,1,0,1,0,1,1,0,0,1,0,1,0,1,0,0,0,1,0,1,1,0,0,0,0,0,0,1,0
6128,0,-0.748079855318371,0.4433111891253892,-0.5105961258584456,0,0,1,0,1,0,0,1,0,0,0,0,0,0,0,0,0,0,0,0,1,0,0,1,0,1,0,1,0,1
6129,0,0.7992939660427822,-0.8263017190015288,-0.114193273483722,0,1,1,0,0,1,0,0,0,0,1,0,0,0,0,0,0,0,0,0,1,0,0,1,0,1,0,0,1,1
6130,0,1.0436161483629645,0.004596781081533,0.6687078747428397,0,0,0,0,1,0,0,0,0,0,1,0,1,0,1,0,1,0,0,0,0,0,1,1,1,0,0,0,1,0
6131,1,0.5956921474426305,1.0066603721817051,0.9815506823320624,1,0,0,0,1,0,1,1,0,0,0,0,1,0,0,0,1,0,1,0,0,0,0,1,0,1,0,1,0,0
6132,0,1.4100994218432374,-0.3776165289566755,0.5732800094466208,0,0,0,0,0,1,0,0,0,0,0,0,0,0,1,0,1,0,1,0,1,0,0,1,1,0,0,0,1,0
6133,0,-1.2367242199587352,-1.3248408190513656,-0.9838530426557368,0,1,0,0,0,1,0,0,0,0,0,0,0,0,0,0,0,0,0,0,0,0,0,1,1,0,0,0,0,1
6134,1,-1.0738427650786138,-0.6667692069855808,-0.8837927567140703,0,1,0,0,1,0,0,0,0,0,0,0,0,0,0,0,0,0,0,0,0,0,0,0,1,0,0,0,0,1
6135,0,1.5729808767233588,1.6364814352446655,2.6012875905857533,0,1,1,1,1,0,1,1,0,0,1,0,1,0,1,0,1,0,1,0,1,0,1,1,0,0,0,0,1,0
6136,0,0.5549717837226001,-1.479387940066815,-0.612972622122836,0,0,1,1,1,0,0,0,1,1,0,1,0,1,0,1,0,1,0,1,0,0,1,0,0,0,0,1,0,2
6137,0,-1.1145631287986442,-0.3626603559551803,-0.8911605114549249,1,0,0,0,1,0,0,0,0,0,1,0,0,0,0,0,1,0,0,0,0,0,0,0,1,0,0,0,0,1
6138,1,1.4100994218432374,0.6344178441444933,1.459903261839346,0,1,1,0,1,0,1,1,0,0,1,0,1,0,0,0,0,0,0,0,0,0,0,0,0,0,0,0,1,0
6139,0,-1.1960038562387048,-1.481049737066981,-0.983455978028984,0,1,0,1,1,0,0,0,1,1,0,1,0,1,0,1,0,1,0,1,0,0,0,0,0,0,0,0,0,2
6140,0,-1.1960038562387048,-1.4893587220678115,-0.9801912244312402,0,0,0,0,1,0,0,0,1,1,0,1,0,1,0,1,0,1,0,1,0,0,0,0,0,0,1,0,0,2
6141,1,0.7992939660427822,1.3107692232121058,1.4508810711536886,1,1,1,0,1,0,1,1,0,0,1,0,0,0,1,0,0,0,1,0,1,0,0,1,0,1,0,0,1,0
6142,0,0.3920903288424788,-0.4823097399671412,-0.0335670951070044,1,0,1,0,1,0,1,0,0,0,0,0,0,0,0,0,0,0,0,0,0,0,0,1,0,1,0,1,0,1
6143,0,0.7178532386027215,-1.4760643460664828,-0.5915311322781931,0,1,1,1,1,0,0,0,1,1,0,1,0,1,0,1,0,1,0,1,0,1,0,1,0,0,1,0,1,2
6144,1,-0.3815965818380978,0.8388188751649267,-0.1127814881441571,0,1,1,0,1,0,0,1,0,0,1,0,1,0,0,0,0,0,0,0,1,0,0,1,0,1,0,1,0,1
6145,0,1.4100994218432374,-0.3510277769540174,0.5930450042005302,0,0,1,1,0,1,0,0,0,0,1,0,1,0,1,0,1,0,1,0,0,0,1,0,1,0,0,0,1,0
6146,0,-0.3001558543980371,1.15456030519649,0.0394045596317594,1,0,0,0,1,0,0,1,0,0,0,0,1,0,1,0,0,0,1,0,1,0,0,1,0,1,0,1,0,1
6147,1,0.2699292376823877,1.141265929195161,0.7051054655284988,0,0,1,0,1,0,0,1,0,0,1,0,1,0,0,0,0,0,1,0,1,1,0,0,0,0,1,1,0,0
6148,0,1.4915401492832985,0.0710686610881779,1.0139114494124029,0,0,0,0,1,0,1,0,0,0,1,0,1,0,0,0,1,0,0,0,0,0,1,1,0,0,1,0,1,0
6149,0,-1.2774445836787656,-1.2932666760482092,-0.9943752552646818,0,0,0,0,0,1,0,0,0,0,0,0,0,0,0,0,0,0,0,0,0,1,0,0,0,0,1,0,0,1
6150,0,-0.0151133083578247,0.8737166121684152,0.2610769170893885,0,1,0,0,1,0,0,1,0,0,0,0,0,0,0,0,0,0,1,0,1,0,0,0,0,1,0,1,0,1
6151,0,-0.9516816739185228,0.2073360151017999,-0.709062261796976,1,0,0,0,1,0,0,1,0,0,0,0,0,0,0,0,0,0,0,0,0,0,0,0,0,1,0,0,0,1
6152,0,-0.6666391278783103,0.9451738831755588,-0.311490274687925,1,0,0,0,1,0,0,1,0,0,0,0,1,0,1,0,0,0,0,0,1,0,0,1,1,0,0,1,0,1
6153,0,1.125056875803025,-1.4561227820644893,-0.4452348764657742,0,1,1,1,1,0,0,0,1,1,0,1,0,1,0,1,0,1,0,1,0,0,1,1,0,0,0,0,1,2
6154,0,1.6137012404433893,1.476948923228718,2.396380184035458,0,0,1,1,1,0,1,1,0,0,0,0,1,0,1,0,1,0,1,0,1,0,1,1,0,0,0,0,1,0
6155,0,-1.1145631287986442,-1.5093002860698053,-0.950168726819554,1,1,1,0,1,0,0,0,1,1,0,1,0,1,0,1,0,1,0,1,0,0,0,0,0,0,1,0,0,2
6156,1,-0.2594354906780068,0.6992279271509723,-0.0379789242931449,0,0,0,0,1,0,0,1,0,0,1,0,0,0,0,0,0,0,1,0,0,0,0,1,1,0,0,1,0,1
6157,0,-1.1960038562387048,-1.4926823160681442,-0.977301476314318,1,1,0,0,1,0,0,0,1,1,0,1,0,1,0,1,0,1,0,1,0,0,0,0,0,0,1,0,0,2
6158,0,-1.2367242199587352,-1.4993295040688086,-0.9920149266500968,0,1,0,0,1,0,0,0,1,1,0,1,0,1,0,1,0,1,0,1,0,0,0,1,0,1,0,0,0,2
6159,0,-1.2367242199587352,-1.4710789550659844,-0.9889045870738676,0,0,0,1,1,0,0,0,1,1,0,1,0,1,0,1,0,1,0,1,0,1,0,0,0,0,0,0,0,2
6160,0,0.1477681465222966,0.827186296163764,0.4713446961008446,0,0,0,0,1,0,1,0,0,0,1,0,0,0,1,0,1,0,1,0,1,1,0,1,1,0,0,1,0,0
6161,0,-1.0331224013585834,0.3186764141129299,-0.7703646283383981,0,1,0,0,1,0,0,1,0,0,1,0,0,0,0,0,0,0,0,0,0,0,0,0,0,0,1,0,0,1
6162,1,1.125056875803025,-0.5088984919697991,0.2769815613054252,0,0,1,0,0,1,0,0,0,0,0,0,1,0,0,0,0,0,1,0,1,0,1,1,1,0,0,0,1,0
6163,0,-0.5444780367182193,0.8089065291619363,-0.2907105592212033,0,0,1,0,1,0,1,1,0,0,0,0,1,0,0,0,0,0,0,0,1,0,0,1,0,1,0,1,0,1
6164,1,0.5142514200025698,0.3452651661155883,0.5296911370875527,0,1,1,0,1,0,1,0,0,0,1,0,0,0,1,0,1,0,0,0,1,0,1,0,1,0,0,1,0,0
6165,1,-1.1552834925186746,0.1957034361006372,-0.8761382330761166,0,1,0,0,1,0,0,1,0,0,0,0,0,0,0,0,0,0,0,0,0,0,0,1,0,1,0,0,0,1
6166,0,-0.055833672077855,1.3107692232121058,0.4251749036678843,1,0,1,1,1,0,1,1,0,0,0,0,0,0,1,0,1,0,1,0,1,0,0,1,0,1,0,1,0,0
6167,0,0.5956921474426305,0.8404806721650927,0.8194821371791912,0,1,1,1,1,0,0,1,0,0,1,0,0,0,1,0,0,0,0,0,1,0,0,0,0,1,0,1,0,0
6168,0,-1.2774445836787656,0.4815325201292102,-0.9708160874106916,1,1,0,0,1,0,0,1,0,0,0,0,0,0,0,0,0,0,0,0,1,0,0,1,0,1,0,0,0,1
6169,0,-1.2774445836787656,-0.6601220189849164,-0.9859707206650842,1,0,0,0,1,0,0,0,0,0,0,0,0,0,0,0,0,0,0,0,0,0,0,1,0,0,0,0,0,1
6170,0,-1.2774445836787656,-1.5076384890696393,-0.9972208850897424,0,0,0,0,1,0,0,0,1,1,0,1,0,1,0,1,0,1,0,1,0,0,0,0,1,0,0,0,0,2
6171,1,1.0843365120829946,0.7972739501607736,1.3539531839341816,0,0,1,1,1,0,1,1,0,0,0,0,0,0,1,0,0,0,0,0,1,0,0,1,1,0,0,0,1,0
6172,0,-0.9109613101984924,0.1774236690988095,-0.7147535214470971,1,1,1,0,1,0,0,1,0,0,0,0,0,0,0,0,0,0,0,0,0,0,0,1,0,1,0,0,0,1
6173,1,0.1070477828022663,0.8720548151682491,0.3974024389411299,0,1,0,0,1,0,1,1,0,0,1,0,0,0,0,0,0,0,0,0,1,0,0,0,1,0,0,1,0,1
6174,0,-1.1552834925186746,-1.166970104035584,-0.9534996578550902,1,1,0,0,0,1,0,0,0,0,0,0,0,0,1,0,0,0,0,0,0,0,0,1,0,1,0,0,0,1
6175,0,-0.0151133083578247,0.8654076271675846,0.328291134740239,0,1,1,1,1,0,0,1,0,0,1,0,1,0,0,0,0,0,0,0,1,1,0,1,0,1,0,1,0,1
6176,0,0.4328106925625091,0.4350022041245586,0.479175692906244,1,1,0,0,1,0,1,1,0,0,0,0,1,0,0,0,0,0,0,0,0,0,0,1,0,1,0,1,0,1
6177,0,-1.1552834925186746,-0.3477041829536853,-0.9196168097055312,1,1,0,0,1,0,0,0,0,0,0,0,0,0,0,0,0,0,0,0,1,0,0,0,0,1,0,0,0,1
6178,1,0.880734693482843,-1.522594662071134,-0.5508761263279085,0,0,1,0,1,0,0,0,1,1,0,1,0,1,0,1,0,1,0,1,0,0,1,1,0,0,1,0,1,2
6179,1,-0.8702409464784621,1.0099839661820376,-0.5656336949555484,1,0,0,0,1,0,1,1,0,0,0,0,0,0,0,0,0,0,1,0,1,0,0,1,0,0,0,0,0,1
6180,1,1.369379058123207,1.2509445312061254,1.8494898381214824,0,0,0,0,1,0,1,1,0,0,1,0,0,0,0,0,0,0,1,0,1,0,1,1,0,0,0,0,1,0
6181,0,1.1657772395230557,1.1678546811978192,1.747797175380944,0,1,1,1,1,0,1,1,0,0,0,0,0,0,1,0,0,0,1,0,1,1,0,1,0,1,0,0,1,0
6182,0,1.6137012404433893,0.7956121531606076,1.862504734220597,0,1,1,1,1,0,1,0,0,0,1,0,1,0,1,0,1,0,1,0,1,0,1,0,1,0,0,0,1,0
6183,0,0.4735310562825394,-0.3477041829536853,0.0164851070097594,0,1,1,1,0,1,0,0,0,0,0,0,0,0,1,0,1,0,1,0,1,1,0,1,0,1,0,1,0,1
6184,0,0.3513699651224484,-0.3011738669490337,-0.0186109941659881,0,1,0,0,1,0,1,0,0,0,0,0,0,0,1,0,0,0,0,0,0,0,0,1,0,0,0,1,0,1
6185,0,0.7178532386027215,1.302460238211275,1.302180368434823,0,1,1,0,1,0,1,1,0,0,1,0,0,0,1,0,0,0,1,0,1,1,0,1,0,1,0,0,1,0
6186,0,0.5956921474426305,1.5317882242341998,1.3218130083131483,1,1,1,0,1,0,1,1,0,0,1,0,0,0,1,0,1,0,1,0,1,1,0,1,1,0,0,1,0,0
6187,0,-0.9924020376385532,-1.4827115340671475,-0.9327640606802298,0,1,1,1,1,0,0,0,1,1,0,1,0,1,0,1,0,1,0,1,0,0,1,0,0,0,1,0,0,2
6188,0,-0.5851984004382496,-1.4860351280674795,-0.8476157573877182,0,1,0,0,1,0,0,0,1,1,0,1,0,1,0,1,0,1,0,1,0,0,0,0,0,0,1,1,0,2
6189,0,1.6137012404433893,0.9036289581714056,1.912601054629222,0,1,1,1,1,0,1,0,0,0,1,0,1,0,1,0,1,0,1,0,1,0,1,1,1,0,0,0,1,0
6190,0,-1.2774445836787656,0.5230774451333633,-0.970264608762424,1,1,0,0,1,0,0,1,0,0,0,0,0,0,0,0,0,0,0,0,1,0,0,0,0,1,0,0,0,1
6191,1,0.3920903288424788,-0.3028356639492,0.0626548994427197,0,0,0,0,1,0,1,0,0,0,0,0,0,0,1,0,0,0,0,0,0,0,0,0,0,1,0,1,0,1
6192,1,-0.5851984004382496,0.3303089931140931,-0.4346244272731063,0,0,0,0,1,0,0,1,0,0,0,0,1,0,0,0,0,0,0,0,0,0,0,1,0,1,0,1,0,1
6193,0,-0.7888002190384014,1.3091074262119398,-0.4326391041393431,0,0,0,1,1,0,1,1,0,0,0,0,1,0,1,0,0,0,1,0,1,1,0,1,1,0,0,1,0,1
6194,0,1.4508197855632678,0.6277706561438292,1.523698311870937,0,0,1,1,1,0,1,1,0,0,0,0,1,0,0,0,1,0,0,0,0,1,0,1,0,0,0,0,1,0
6195,0,-1.1552834925186746,0.2472191431057869,-0.8709763929283322,1,1,0,0,1,0,1,1,0,0,0,0,0,0,0,0,0,0,0,0,0,0,0,1,0,0,0,0,0,1
6196,0,1.4915401492832985,1.505199472231542,2.2725401387804944,0,1,0,0,1,0,1,1,0,0,1,0,1,0,1,0,0,0,1,0,1,0,1,1,1,0,0,0,1,0
6197,0,-0.62591876415828,-0.4407648149629881,-0.6084946154989033,1,1,0,0,1,0,0,0,0,0,0,0,0,0,0,0,1,0,0,0,0,0,0,0,0,0,1,1,0,1
6198,0,-0.3001558543980371,-1.304899255049372,-0.7275698852328354,0,1,1,1,1,0,1,0,1,1,0,1,0,1,0,1,0,1,0,1,0,0,1,0,1,0,0,1,0,2
6199,1,0.4328106925625091,0.8238627021634315,0.695752387653881,1,1,0,0,1,0,0,1,0,0,0,0,0,0,0,0,0,0,1,0,1,0,0,1,0,0,1,1,0,1
6200,0,1.0843365120829946,-1.504314895069307,-0.4663675382673871,0,0,1,1,1,0,0,0,1,1,0,1,0,1,0,1,0,1,0,1,0,0,1,0,1,0,0,0,1,2
6201,1,-1.1145631287986442,0.5297246331340278,-0.8404244758143092,0,0,0,0,1,0,0,1,0,0,1,0,1,0,0,0,0,0,0,0,0,0,0,0,0,1,0,0,0,1
6202,0,-0.4630373092781585,0.4233696251233959,-0.2888575909630243,1,1,1,1,1,0,1,0,0,0,1,0,1,0,0,0,1,0,1,0,0,1,0,0,0,0,1,1,0,1
6203,0,1.4915401492832985,1.3406815692150955,2.186090345878072,0,0,1,1,1,0,1,1,0,0,1,0,1,0,1,0,1,0,1,0,0,1,0,1,1,0,0,0,1,0
6204,0,-0.7888002190384014,-1.3165318340505352,-0.8593732821687827,0,1,0,0,0,1,0,0,0,0,0,0,0,0,0,0,0,0,0,0,0,0,0,1,0,0,0,1,0,1
6205,0,0.3920903288424788,1.0133075601823696,0.7410177551036825,1,1,1,0,1,0,1,1,0,0,0,0,1,0,1,0,0,0,1,0,0,0,0,1,0,0,0,1,0,0
6206,0,0.7992939660427822,1.0266019361836989,1.2391353293648752,0,1,1,0,1,0,1,1,0,0,0,0,1,0,0,0,1,0,0,0,1,0,0,1,1,0,0,0,1,0
6207,1,0.5549717837226001,0.6726391751483144,0.7454516434357538,1,1,0,0,1,0,0,1,0,0,1,0,0,0,0,0,0,0,0,0,1,0,0,0,0,1,0,1,0,1
6208,0,1.1657772395230557,0.53304822713436,1.1387441562342484,0,1,1,0,1,0,1,0,0,0,1,0,1,0,1,0,1,0,0,0,1,0,1,1,0,0,0,0,1,0
6209,0,-0.1372743995179157,-1.326502616051532,-0.6581056346970532,0,1,0,0,0,1,0,0,0,0,0,0,0,0,0,0,0,0,0,0,0,1,0,1,0,0,1,1,0,1
6210,0,-0.3001558543980371,-0.3327480099521901,-0.4470878447239532,0,0,0,1,1,0,0,0,0,0,0,0,1,0,0,0,1,0,0,0,0,1,0,1,1,0,0,1,0,1
6211,0,-1.1145631287986442,0.6975661301508063,-0.7980047381895683,1,0,1,1,1,0,0,1,0,0,0,0,0,0,0,0,1,0,1,0,0,0,0,1,0,1,0,0,0,1
6212,0,-0.7073594915983407,-0.46569176996548,-0.702157749120666,0,1,0,0,0,1,0,0,0,0,0,0,0,0,1,0,0,0,1,0,1,1,0,0,0,1,0,1,0,1
6213,0,-0.5444780367182193,-1.4827115340671475,-0.8347332161641879,0,0,1,1,1,0,0,0,1,1,0,1,0,1,0,1,0,1,0,1,0,0,1,0,0,0,1,1,0,2
6214,0,0.4735310562825394,-1.4860351280674795,-0.6328699717523295,0,1,0,0,1,0,0,0,1,1,0,1,0,1,0,1,0,1,0,1,0,0,1,0,0,0,1,1,0,2
6215,1,-1.0738427650786138,1.113015380192337,-0.7584526895358188,1,0,0,0,1,0,1,1,0,0,0,0,1,0,0,0,0,0,1,0,1,0,0,1,0,1,0,0,0,1
6216,0,1.0436161483629645,0.2272775791037931,0.8605342077562286,0,1,1,1,1,0,1,0,0,0,1,0,1,0,1,0,1,0,0,0,0,0,1,0,1,0,0,0,1,0
6217,0,1.2064976032430856,0.5546515881365197,1.1926567088888853,0,1,1,1,1,0,0,1,0,0,1,0,1,0,0,0,0,0,0,0,0,1,0,1,1,0,0,0,1,0
6218,0,1.5322605130033284,-0.2114368289400632,0.8088716879865232,0,0,1,1,0,1,0,0,0,0,0,0,1,0,1,0,1,0,1,0,1,1,0,1,0,0,0,0,1,0
6219,1,-1.2774445836787656,-1.2982520670487077,-0.994441432702474,1,0,0,0,0,1,0,0,0,0,0,0,0,0,0,0,0,0,0,0,0,0,0,1,0,0,1,0,0,1
6220,0,-0.9109613101984924,-0.3676457469556786,-0.7759235331129352,0,1,1,1,0,1,0,0,0,0,1,0,1,0,1,0,1,0,0,0,1,0,1,0,1,0,0,0,0,1
6221,0,-0.2594354906780068,-1.5009913010689746,-0.7976076735628157,0,1,0,0,1,0,0,0,1,1,0,1,0,1,0,1,0,1,0,1,0,1,0,1,0,0,0,1,0,2
6222,0,1.369379058123207,0.8188773111629334,1.6311263525534585,0,1,0,0,1,0,1,1,0,0,0,0,1,0,0,0,0,0,0,0,1,0,0,0,1,0,0,0,1,0
6223,0,-1.0331224013585834,0.1408641350951549,-0.7821442122653932,1,0,1,1,1,0,0,1,0,0,0,0,0,0,0,0,0,0,0,0,0,0,0,1,0,1,0,0,0,1
6224,0,0.758573602322752,0.6460504231456565,0.891196420599905,0,1,1,1,1,0,1,1,0,0,0,0,1,0,0,0,1,0,0,0,0,1,0,0,0,0,0,0,1,0
6225,0,1.6137012404433893,1.3739175092184182,2.3245335457391603,0,1,1,1,1,0,1,1,0,0,1,0,1,0,1,0,1,0,1,0,0,0,1,1,1,0,0,0,1,0
6226,0,1.3286586944031769,-1.2965902700485417,-0.2757323991342563,0,1,0,0,1,0,1,0,1,1,0,1,0,1,0,1,0,1,0,1,0,0,1,0,0,0,1,0,1,2
6227,0,-1.2367242199587352,-0.6219006879810957,-0.9703307862002162,1,1,0,0,1,0,0,0,0,0,0,0,0,0,0,0,0,0,0,0,0,0,0,0,0,0,0,0,0,1
6228,0,1.5322605130033284,0.006258578081699,1.002264220360992,0,1,0,1,1,0,1,0,0,0,1,0,1,0,0,0,1,0,0,0,0,1,0,0,0,0,0,0,1,0
6229,0,1.6137012404433893,0.6875953481498096,1.7416867919581394,0,1,1,0,1,0,1,0,0,0,0,0,1,0,1,0,1,0,1,0,1,0,1,1,1,0,0,0,1,0
6230,0,-1.2774445836787656,-1.4860351280674795,-0.9969341161926432,0,0,1,1,1,0,0,0,1,1,0,1,0,1,0,1,0,1,0,1,0,0,0,0,0,0,1,0,0,2
6231,1,-1.2774445836787656,0.3868100911197414,-0.9720734587287416,1,0,1,0,1,0,0,1,0,0,0,0,1,0,0,0,0,0,0,0,0,0,0,1,0,0,1,0,0,1
6232,0,-1.1145631287986442,1.1877962451998123,-0.7790118135432335,1,0,0,0,1,0,1,1,0,0,0,0,0,0,1,0,0,0,1,0,1,0,0,1,0,1,0,0,0,1
6233,0,-1.1960038562387048,-1.46443176706532,-0.9804118158905472,0,1,0,0,1,0,0,0,1,1,0,1,0,1,0,1,0,1,0,1,0,0,0,0,0,0,1,0,0,2
6234,0,1.0436161483629645,-1.3115464430500368,-0.3553217976522309,0,1,0,0,1,0,1,0,1,1,0,1,0,1,0,1,0,1,0,1,0,0,1,1,1,0,0,0,1,2
6235,1,-0.4223169455581282,-0.8213163280010305,-0.6174506287467685,1,1,1,1,0,1,0,0,0,0,1,0,0,0,0,0,0,0,0,0,1,0,0,0,0,0,1,1,0,1
6236,1,0.0256070553622056,1.1911198392001443,0.4369986058867409,0,1,1,0,1,0,1,1,0,0,0,0,1,0,0,0,0,0,1,0,1,0,0,1,0,0,0,1,0,1
6237,0,-1.2774445836787656,0.1724382780983114,-0.9749190885538024,1,1,0,0,1,0,0,1,0,0,0,0,0,0,0,0,0,0,0,0,0,0,0,0,0,1,0,0,0,1
6238,1,0.880734693482843,0.3070438351117673,0.7232822017753978,0,1,1,0,1,0,1,1,0,0,0,0,0,0,0,0,0,0,0,0,0,0,0,0,0,0,0,0,1,0
6239,0,1.6137012404433893,1.151236711196158,2.2085465564355267,0,1,1,0,1,0,1,1,0,0,0,0,1,0,0,0,0,0,1,0,1,0,1,1,0,1,0,0,1,0
6240,0,-1.2774445836787656,0.9484974771758908,-0.964617467404164,1,1,0,1,1,0,1,1,0,0,0,0,0,0,0,0,0,0,1,0,1,0,0,1,0,1,0,0,0,1
6241,0,-1.1960038562387048,-0.518869273970796,-0.9311978613191498,1,1,0,0,1,0,0,0,0,0,0,0,0,0,1,0,0,0,0,0,0,0,0,1,0,1,0,0,0,1
6242,0,1.6137012404433893,1.4187860282229037,2.3729313119111217,0,0,1,1,1,0,1,1,0,0,1,0,1,0,1,0,1,0,0,0,1,0,1,0,1,0,0,0,1,0
6243,0,1.6137012404433893,0.6261088591436628,1.6233615331858513,0,0,1,1,1,0,1,0,0,0,1,0,1,0,1,0,0,0,1,0,1,0,1,1,1,0,0,0,1,0
6244,1,0.880734693482843,1.1396041321949948,1.3305925483935677,0,1,1,0,1,0,1,1,0,0,0,0,0,0,1,0,0,0,1,0,1,0,0,1,1,0,0,0,1,0
6245,0,1.0843365120829946,0.5097830691320341,1.0647798399286028,0,0,1,0,1,0,1,0,0,0,0,0,1,0,0,0,1,0,1,0,1,1,0,1,0,1,0,0,1,0
6246,0,0.880734693482843,0.0178911570828617,0.5440516410884401,0,1,0,0,1,0,0,0,0,0,1,0,1,0,0,0,0,0,1,0,0,0,1,1,0,0,0,0,1,0
6247,0,1.125056875803025,0.8238627021634315,1.3021362501429614,0,1,0,0,1,0,1,1,0,0,0,0,0,0,1,0,0,0,1,0,0,0,1,1,0,1,0,0,1,0
6248,0,1.125056875803025,-0.1316705729320893,0.5840007543689422,0,0,1,0,0,1,0,0,0,0,0,0,1,0,1,0,1,0,1,0,1,0,1,0,1,0,0,0,1,0
6249,0,-1.1960038562387048,0.3236618051134285,-0.90984460805823,0,1,0,0,1,0,1,1,0,0,0,0,0,0,0,0,0,0,0,0,0,0,0,0,0,1,0,0,0,1
6250,0,1.4915401492832985,1.1429277261953277,2.027507145782252,0,0,1,0,1,0,1,1,0,0,1,0,0,0,0,0,0,0,1,0,1,0,1,0,0,0,0,0,1,0
6251,0,-1.2774445836787656,-1.5126238800701377,-0.9972870625275344,0,0,1,1,1,0,0,0,1,1,0,1,0,1,0,1,0,1,0,1,0,0,0,0,0,1,0,0,0,2
6252,0,0.7178532386027215,-0.8412578920030237,-0.1139947411703457,0,1,1,1,0,1,0,0,0,0,1,0,0,0,0,0,0,0,1,0,0,0,0,1,1,0,0,0,1,1
6253,0,0.9621754209229036,-0.6617838159850825,0.1258322933882515,0,0,0,0,0,1,0,0,0,0,0,0,0,0,0,0,0,0,1,0,1,0,0,1,1,0,0,0,1,1
6254,0,1.125056875803025,1.0781176431888486,1.4700284098215382,0,0,1,0,1,0,0,1,0,0,1,0,0,0,0,0,1,0,1,0,1,0,1,1,0,1,0,0,1,0
6255,1,1.4915401492832985,1.5218174422332031,2.3516662952339247,0,1,1,0,1,0,1,1,0,0,1,0,0,0,1,0,1,0,1,0,1,1,0,1,0,0,1,0,1,0
6256,0,-1.2774445836787656,-0.9874960280176428,-0.9903163724134324,1,0,0,0,0,1,0,0,0,0,0,0,0,0,0,0,0,0,0,0,1,0,0,0,0,0,1,0,0,1
6257,1,-1.2774445836787656,0.2738078951084448,-0.9735734806520294,1,0,0,0,1,0,0,1,0,0,0,0,1,0,0,0,0,0,0,0,0,0,0,1,0,1,0,0,0,1
6258,0,-1.1960038562387048,-1.491020519067978,-0.9855957151842624,0,0,1,0,1,0,0,0,1,1,0,1,0,1,0,1,0,1,0,1,0,0,0,1,0,0,1,0,0,2
6259,0,1.125056875803025,0.4050898581215686,0.998933289325456,0,1,1,1,1,0,0,0,0,0,0,0,1,0,0,0,1,0,1,0,1,0,1,0,0,0,0,0,1,0
6260,0,-0.7888002190384014,-0.9758634490164798,-0.807071047167087,0,0,0,0,0,1,0,0,0,0,0,0,0,0,1,0,1,0,0,0,0,0,1,0,0,0,1,1,0,1
6261,0,1.2064976032430856,-1.4727407520661506,-0.4334111742469177,0,1,1,1,1,0,0,0,1,1,0,1,0,1,0,1,0,1,0,1,0,0,1,0,0,0,0,0,1,2
6262,0,0.5142514200025698,1.0631614701873533,0.954285577961714,0,0,0,0,1,0,1,1,0,0,1,0,1,0,0,0,0,0,0,0,1,1,0,0,0,0,0,1,0,0
6263,0,-0.3001558543980371,-0.3510277769540174,-0.3779103630852702,0,0,0,0,0,1,0,0,0,0,0,0,0,0,1,0,1,0,1,0,1,1,0,0,0,1,0,1,0,1
6264,0,0.4735310562825394,1.1745018691984834,0.9258733980029696,0,1,0,0,1,0,0,1,0,0,0,0,0,0,1,0,1,0,1,0,1,0,1,0,0,0,0,1,0,0
6265,0,-1.2367242199587352,-0.6484894399837535,-0.9730440611496928,0,0,0,0,1,0,0,0,0,0,0,0,0,0,0,0,0,0,0,0,0,0,0,1,0,0,1,0,0,1
6266,1,0.0256070553622056,0.6344178441444933,0.1926053281204881,1,1,0,0,1,0,1,1,0,0,0,0,1,0,1,0,0,0,0,0,0,0,0,1,1,0,0,1,0,1
6267,0,-1.2774445836787656,0.1774236690988095,-0.97485291111601,1,0,0,0,1,0,0,1,0,0,0,0,0,0,0,0,0,0,0,0,0,0,0,1,0,1,0,0,0,1
6268,0,-0.4223169455581282,-1.4594463760648215,-0.8069607514374335,0,0,0,0,1,0,0,0,1,1,0,1,0,1,0,1,0,1,0,1,0,1,0,0,0,0,0,1,0,2
6269,0,0.1070477828022663,-1.0406735320229583,-0.4870148988585248,0,0,0,0,0,1,0,0,0,0,0,0,0,0,1,0,1,0,0,0,0,0,0,1,0,0,1,1,0,1
6270,0,-0.1372743995179157,-1.481049737066981,-0.7592468187893241,0,0,1,1,1,0,0,0,1,1,0,1,0,1,0,1,0,1,0,1,0,0,1,0,0,0,1,1,0,2
6271,1,-0.2187151269579764,0.7025515211513048,-0.0263096360958033,0,1,1,0,1,0,1,1,0,0,1,0,0,0,1,0,0,0,0,0,0,1,0,1,0,1,0,1,0,1
6272,0,0.880734693482843,-0.1250233849314247,0.4426457472450008,0,1,0,1,1,0,0,0,0,0,0,0,1,0,1,0,1,0,0,0,0,1,0,1,0,1,0,0,1,0
6273,1,-1.2367242199587352,0.1957034361006372,-0.9429774452461452,1,0,0,0,1,0,0,1,0,0,0,0,0,0,0,0,0,0,0,0,0,0,0,1,0,1,0,0,0,1
6274,0,1.002895784642934,0.7357874611546272,1.17333289705359,0,1,0,0,1,0,1,1,0,0,0,0,0,0,0,0,0,0,1,0,0,1,0,1,0,1,0,0,1,0
6275,0,1.2064976032430856,0.1541585110964841,0.8637327839161805,0,1,0,0,1,0,1,0,0,0,1,0,1,0,1,0,1,0,0,0,0,0,1,0,0,0,0,0,1,0
6276,0,-0.7073594915983407,-1.4760643460664828,-0.857564432202465,0,0,1,1,1,0,0,0,1,1,0,1,0,1,0,1,0,1,0,1,0,1,0,0,1,0,0,1,0,2
6277,0,-1.2367242199587352,-1.4760643460664828,-0.9911325608128686,1,1,0,0,1,0,0,0,1,1,0,1,0,1,0,1,0,1,0,1,0,0,0,0,0,0,1,0,0,2
6278,0,1.5322605130033284,1.3140928172124378,2.165663576746241,0,0,1,0,1,0,1,1,0,0,0,0,0,0,1,0,1,0,1,0,1,0,1,1,0,0,0,0,1,0
6279,0,-0.4630373092781585,-0.6584602219847502,-0.5971341553445915,0,0,1,1,1,0,0,0,0,0,0,0,0,0,0,0,0,0,0,0,0,0,0,1,0,1,0,1,0,1
6280,0,-0.3815965818380978,-0.5088984919697991,-0.5119417337602186,0,0,0,1,1,0,0,0,0,0,0,0,0,0,0,0,1,0,0,0,0,1,0,1,0,1,0,1,0,1
6281,0,-1.0738427650786138,-1.4677553610656522,-0.9543379054004568,0,1,0,0,1,0,0,0,1,1,0,1,0,1,0,1,0,1,0,1,0,1,0,0,0,0,1,0,0,2
6282,0,-1.1552834925186746,-1.502653098069141,-0.9754264489102084,0,1,1,1,1,0,0,0,1,1,0,1,0,1,0,1,0,1,0,1,0,0,1,0,1,0,0,0,0,2
6283,0,-1.1960038562387048,1.1379423351948288,-0.8789838629011771,1,0,0,0,1,0,0,1,0,0,1,0,0,0,1,0,0,0,1,0,1,0,0,1,1,0,0,0,0,1
6284,0,-0.3815965818380978,0.9551446651765552,0.027272029369873,0,0,0,0,1,0,1,1,0,0,0,0,0,0,0,0,0,0,1,0,1,0,0,1,0,1,0,1,0,1
6285,0,-0.2594354906780068,-0.3393951979528547,-0.4045136930776974,0,1,0,0,0,1,0,0,0,0,1,0,0,0,0,0,1,0,1,0,1,1,0,0,1,0,0,1,0,1
6286,0,-0.9924020376385532,-1.4860351280674795,-0.9336023082255964,0,0,0,1,1,0,0,0,1,1,0,1,0,1,0,1,0,1,0,1,0,0,0,0,0,0,1,0,0,2
6287,0,-0.2594354906780068,0.6377414381448259,-0.0112652985710643,1,1,0,0,1,0,1,1,0,0,0,0,0,0,0,0,0,0,0,0,1,0,0,1,0,1,0,1,0,1
6288,0,-1.2367242199587352,0.4881797081298748,-0.9417421330740255,0,1,0,0,1,0,1,1,0,0,0,0,1,0,0,0,0,0,0,0,0,0,0,1,0,1,0,0,0,1
6289,0,1.4100994218432374,1.7096005032519754,2.414402506260842,1,1,0,0,1,0,1,1,0,0,1,0,1,0,1,0,1,0,1,0,1,0,1,0,1,0,0,0,1,0
6290,0,1.5729808767233588,0.96179185317722,1.8995640993841767,1,0,1,0,1,0,1,1,0,0,0,0,0,0,0,0,0,0,1,0,1,0,1,1,0,0,0,0,1,0
6291,0,1.0843365120829946,0.5014740841312035,1.1057657330678483,0,0,0,0,1,0,1,0,0,0,1,0,1,0,1,0,1,0,0,0,1,1,0,0,1,0,0,0,1,0
6292,0,0.2699292376823877,1.1711782751981514,0.6863993097792632,0,1,1,1,1,0,1,1,0,0,0,0,0,0,1,0,0,0,1,0,1,1,0,0,0,1,0,1,0,0
6293,0,-0.4630373092781585,-1.5009913010689746,-0.8306302150210773,0,1,0,1,1,0,0,0,1,1,0,1,0,1,0,1,0,1,0,1,0,0,1,0,0,0,1,1,0,2
6294,0,-1.2774445836787656,-1.4976677070686424,-0.9970885302141584,1,1,0,0,1,0,0,0,1,1,0,1,0,1,0,1,0,1,0,1,0,0,0,0,0,0,1,0,0,2
6295,0,0.6364125111626608,-1.481049737066981,-0.5525746805645725,0,0,1,1,1,0,0,0,1,1,0,1,0,1,0,1,0,1,0,1,0,0,1,0,0,0,0,1,0,2
6296,1,-0.055833672077855,-0.4773243489666429,-0.3086667040087952,0,0,1,0,0,1,0,0,0,0,1,0,1,0,1,0,0,0,0,0,1,1,0,1,1,0,0,1,0,1
6297,0,1.2879383306831464,1.614878074242506,2.180774091708772,0,0,1,1,1,0,1,1,0,0,1,0,1,0,1,0,1,0,1,0,1,1,0,0,0,1,0,0,1,0
6298,0,0.5549717837226001,0.5064594751317021,0.657347414588528,0,1,1,1,1,0,1,1,0,0,0,0,1,0,0,0,0,0,0,0,0,0,0,1,0,0,0,1,0,0
6299,0,0.7992939660427822,0.5380336181348585,0.8621665845551005,0,0,0,0,1,0,1,0,0,0,0,0,0,0,1,0,1,0,1,0,1,0,1,1,0,0,0,0,1,0
6300,0,1.4100994218432374,-1.3248408190513656,-0.2644822347095981,0,0,1,1,1,0,1,0,1,1,0,1,0,1,0,1,0,1,0,1,0,0,1,1,0,0,1,0,1,2
6301,1,1.4100994218432374,-0.3277626189516918,0.637847129585787,0,0,0,0,1,0,1,0,0,0,0,0,1,0,0,0,0,0,0,0,0,0,0,0,0,1,0,0,1,0
6302,0,-1.1145631287986442,0.358559542116917,-0.8232845194261533,1,0,0,0,1,0,1,1,0,0,0,0,0,0,0,0,0,0,0,0,0,0,0,0,0,1,0,0,0,1
6303,0,1.5729808767233588,1.478610720228884,2.3947257480906554,0,0,1,0,1,0,1,1,0,0,0,0,1,0,1,0,1,0,1,0,1,0,1,0,0,1,0,0,1,0
6304,0,-0.9516816739185228,0.4283550161238945,-0.6907090523826314,1,0,0,0,1,0,0,1,0,0,0,0,0,0,0,0,0,0,1,0,0,0,0,1,0,0,0,0,0,1
6305,1,-0.2594354906780068,1.0049985751815391,0.0959421506521497,1,0,0,0,1,0,1,1,0,0,1,0,1,0,0,0,0,0,0,0,1,0,0,1,0,1,0,1,0,1
6306,0,1.5729808767233588,1.7129240972523074,2.660251687658521,0,1,0,0,1,0,1,1,0,0,1,0,1,0,1,0,1,0,1,0,1,1,0,1,0,0,0,0,1,0
6307,0,-0.0151133083578247,-1.491020519067978,-0.7403862490185734,0,0,0,0,1,0,0,0,1,1,0,1,0,1,0,1,0,1,0,1,0,0,0,0,0,0,0,1,0,2
6308,0,-1.2367242199587352,0.1857326540996401,-0.9443451122938488,0,0,0,0,1,0,0,1,0,0,0,0,0,0,0,0,0,0,0,0,0,0,0,0,0,1,0,0,0,1
6309,0,1.5729808767233588,-1.30157566104904,-0.1727161876378757,0,0,1,0,1,0,1,0,1,1,0,1,0,1,0,1,0,1,0,1,0,0,1,0,1,0,0,0,1,2
6310,0,1.125056875803025,-0.6750781919864114,0.2180174642326574,0,0,0,0,0,1,0,0,0,0,1,0,0,0,1,0,0,0,0,0,1,1,0,1,0,1,0,0,1,0
6311,1,0.9214550572028734,1.17616366619865,1.3809094602615002,0,0,0,0,1,0,1,1,0,0,0,0,0,0,1,0,0,0,1,0,1,1,0,1,0,1,0,0,1,0
6312,0,0.880734693482843,1.3506523512160928,1.4839918491956727,1,1,0,0,1,0,0,1,0,0,1,0,1,0,0,0,1,0,1,0,1,1,0,1,1,0,0,0,1,0
6313,0,-1.2367242199587352,1.0332491241843629,-0.9185579707008574,1,1,0,0,1,0,0,1,0,0,0,0,0,0,1,0,0,0,1,0,1,0,0,1,0,1,0,0,0,1
6314,0,-1.0738427650786138,0.3020584441112687,-0.8287331284710369,0,0,0,0,1,0,1,1,0,0,0,0,0,0,0,0,0,0,0,0,0,0,0,1,0,0,1,0,0,1
6315,0,0.6364125111626608,0.1774236690988095,0.4229469299288834,0,0,1,1,1,0,0,0,0,0,1,0,1,0,1,0,0,0,0,0,1,0,1,1,1,0,0,1,0,0
6316,0,1.247217966963116,-1.3132082400502028,-0.3117770435850242,0,1,1,1,1,0,1,0,1,1,0,1,0,1,0,1,0,1,0,1,0,0,1,0,0,0,1,0,1,2
6317,0,-1.2774445836787656,0.4782089261288781,-0.9708602057025528,1,1,0,0,1,0,1,1,0,0,0,0,1,0,0,0,0,0,0,0,0,0,0,1,0,1,0,0,0,1
6318,0,-0.8295205827584317,-1.4527991880641573,-0.901748901501662,0,1,0,1,1,0,0,0,1,1,0,1,0,1,0,1,0,1,0,1,0,0,0,0,1,0,0,0,0,2
6319,1,0.880734693482843,-1.3231790220511994,-0.4036754455323307,0,1,1,0,0,1,0,0,0,0,0,0,0,0,0,0,0,0,0,0,0,0,0,1,0,0,0,0,1,1
6320,0,-0.0965540357978854,-0.0086975949197961,-0.1299655628241743,0,0,1,1,1,0,0,0,0,0,0,0,0,0,1,0,1,0,1,0,0,1,0,1,0,1,0,1,0,1
6321,0,-0.0965540357978854,-1.4993295040688086,-0.7164300165378306,1,0,1,0,1,0,0,0,1,1,0,1,0,1,0,1,0,1,0,1,0,0,0,0,0,0,0,1,0,2
6322,0,-1.1552834925186746,0.4732235351283796,-0.8720352319330058,1,0,0,0,1,0,0,1,0,0,0,0,0,0,0,0,0,0,1,0,0,0,0,1,0,1,0,0,0,1
6323,0,0.3106496014024181,1.3689321182179202,0.906836355064773,0,0,0,0,1,0,1,1,0,0,0,0,0,0,1,0,1,0,1,0,1,1,0,1,1,0,0,1,0,0
6324,0,-0.9516816739185228,0.3685303241179136,-0.7201138939082579,0,0,1,1,1,0,0,1,0,0,0,0,0,0,0,0,1,0,0,0,0,0,0,1,0,1,0,0,0,1
6325,0,-0.62591876415828,0.9003053641710731,-0.3111593874989645,1,0,1,1,1,0,0,1,0,0,1,0,0,0,0,0,1,0,1,0,0,0,0,0,0,1,0,1,0,1
6326,0,1.2064976032430856,-0.7033287409892356,0.2068996546835832,0,0,0,0,0,1,0,0,0,0,0,0,1,0,1,0,0,0,0,0,1,0,1,1,1,0,0,0,1,0
6327,0,-0.1779947632379461,0.8803638001690798,0.0899641221049294,0,1,0,0,1,0,0,1,0,0,0,0,1,0,0,0,1,0,1,0,0,1,0,1,0,0,0,1,0,1
6328,0,1.5322605130033284,0.830509890164096,1.8033200456885217,0,0,0,0,1,0,1,0,0,0,1,0,1,0,1,0,1,0,1,0,1,0,1,0,1,0,0,0,1,0
6329,0,0.5549717837226001,1.3174164112127704,1.1578694357561672,0,0,0,0,1,0,0,1,0,0,0,0,1,0,1,0,1,0,1,0,1,0,1,1,0,0,0,1,0,0
6330,0,-0.3815965818380978,0.8438042661654253,-0.1035828242910541,0,0,1,0,1,0,1,1,0,0,0,0,0,0,1,0,0,0,0,0,1,0,0,0,0,0,1,1,0,1
6331,0,0.5956921474426305,-0.8130073430001998,-0.2139447313823587,0,1,1,1,0,1,0,0,0,0,1,0,0,0,1,0,1,0,0,0,0,1,0,0,0,1,0,1,0,1
6332,0,1.4508197855632678,1.3456669602155942,2.1588914189455157,0,1,1,1,1,0,0,1,0,0,1,0,1,0,1,0,0,0,1,0,1,0,1,1,0,0,0,0,1,0
6333,1,1.125056875803025,1.3705939152180862,1.8360558182496844,1,0,0,0,1,0,1,1,0,0,0,0,0,0,1,0,1,0,1,0,1,1,0,1,0,1,0,0,1,0
6334,0,1.4100994218432374,1.304122035211441,2.0997287895593715,0,0,0,1,1,0,1,1,0,0,0,0,1,0,0,0,1,0,1,0,1,0,1,1,0,1,0,0,1,0
6335,0,-0.748079855318371,0.1624674960973147,-0.5992738924998696,0,0,0,0,1,0,0,0,0,0,0,0,0,0,0,0,1,0,1,0,1,0,0,1,0,1,0,1,0,1
6336,0,1.002895784642934,0.3170146171127639,0.7670475473019114,0,1,1,1,1,0,1,1,0,0,0,0,0,0,0,0,0,0,0,0,0,0,0,1,0,1,0,0,1,0
6337,0,0.9214550572028734,1.2010906212011416,1.3980494166496562,0,0,1,1,1,0,1,1,0,0,1,0,0,0,0,0,0,0,1,0,1,1,0,0,0,0,1,0,1,0
6338,0,-1.2774445836787656,-1.479387940066815,-0.9968458796089206,0,1,0,0,1,0,0,0,1,1,0,1,0,1,0,1,0,1,0,1,0,0,0,1,0,0,1,0,0,2
6339,0,-1.2774445836787656,-0.4939423189683041,-0.983764806072014,1,1,0,1,1,0,0,0,0,0,0,0,0,0,0,0,1,0,0,0,0,0,0,1,0,0,1,0,0,1
6340,0,-0.3815965818380978,1.068146861187852,-0.0857149160871852,0,1,0,0,1,0,1,1,0,0,0,0,0,0,1,0,1,0,1,0,0,0,0,1,1,0,0,1,0,1
6341,0,-0.7888002190384014,1.182810854199314,-0.4062784247521537,1,0,0,0,1,0,1,1,0,0,1,0,0,0,0,0,0,0,1,0,1,0,0,1,0,1,0,1,0,1
6342,0,0.5956921474426305,1.307445629211773,1.259760630810082,0,1,1,0,1,0,1,1,0,0,0,0,1,0,1,0,0,0,1,0,1,0,0,1,0,1,0,1,0,0
6343,0,0.2292088739623573,-1.4843733310673135,-0.6836721848307374,0,1,0,0,1,0,0,0,1,1,0,1,0,1,0,1,0,1,0,1,0,1,0,0,0,0,1,1,0,2
6344,1,0.2292088739623573,0.3386179781149237,0.2603489652736753,1,0,1,0,1,0,1,1,0,0,0,0,0,0,0,0,0,0,0,0,0,0,0,1,0,0,0,1,0,1
6345,1,-1.2367242199587352,-0.2729233179462098,-0.9536099535847437,0,0,0,0,1,0,1,0,0,0,0,0,1,0,0,0,0,0,0,0,0,0,0,1,1,0,0,0,0,1
6346,1,-1.2774445836787656,-0.5155456799704636,-0.9840515749691132,1,1,1,1,1,0,0,0,0,0,0,0,0,0,0,0,1,0,0,0,0,0,0,1,1,0,0,0,0,1
6347,0,-0.7073594915983407,0.1275697590938257,-0.5166844501353196,0,1,1,0,1,0,0,1,0,0,0,0,0,0,0,0,0,0,0,0,0,0,0,1,0,0,0,1,0,1
6348,0,-0.2594354906780068,0.142525932095321,-0.2047460675292557,0,0,0,0,1,0,0,1,0,0,0,0,0,0,0,0,0,0,0,0,0,0,0,1,1,0,0,1,0,1
6349,0,0.1070477828022663,-1.4976677070686424,-0.683539829955153,0,0,1,1,1,0,0,0,1,1,0,1,0,1,0,1,0,1,0,1,0,0,1,0,1,0,0,1,0,2
6350,0,-1.1960038562387048,-1.4860351280674795,-0.972492582501425,0,1,0,1,1,0,0,0,1,1,0,1,0,1,0,1,0,1,0,1,0,0,0,1,0,0,1,0,0,2
6351,0,0.7178532386027215,1.2941512532104444,1.2314808057269215,1,1,1,1,1,0,1,1,0,0,0,0,1,0,0,0,1,0,1,0,1,0,0,0,0,1,0,0,1,0
6352,0,0.3920903288424788,0.9850570111795456,0.7653931113571087,0,1,1,0,1,0,1,1,0,0,1,0,0,0,1,0,0,0,0,0,1,0,0,1,0,1,0,1,0,0
6353,0,-0.9109613101984924,-0.3261008219515255,-0.754812930457253,0,1,1,0,1,0,0,0,0,0,1,0,0,0,0,0,1,0,0,0,0,0,0,1,1,0,0,0,0,1
6354,0,1.1657772395230557,0.96179185317722,1.5798608974105055,0,0,1,0,1,0,0,1,0,0,1,0,1,0,0,0,1,0,0,0,1,1,0,0,0,0,0,0,1,0
6355,0,1.4508197855632678,1.5118466602322065,2.2057450449023275,0,0,0,0,1,0,1,1,0,0,1,0,1,0,0,0,1,0,1,0,1,0,1,0,1,0,0,0,1,0
6356,0,-0.9109613101984924,1.1346187411944968,-0.5359420845328228,0,1,0,0,1,0,0,1,0,0,1,0,0,0,1,0,0,0,1,0,1,1,0,1,0,1,0,0,0,1
6357,0,1.3286586944031769,0.830509890164096,1.539669133524766,1,1,1,0,1,0,1,1,0,0,1,0,1,0,1,0,0,0,0,0,0,1,0,0,0,1,0,0,1,0
6358,0,1.6137012404433893,0.5214156481331973,1.5913978307322634,0,0,1,1,1,0,0,0,0,0,1,0,0,0,1,0,1,0,1,0,1,0,1,1,0,0,0,0,1,0
6359,0,0.9214550572028734,0.4865179111297087,0.8641519076888637,0,1,1,1,1,0,0,1,0,0,0,0,1,0,0,0,1,0,0,0,0,0,0,0,0,1,0,0,1,0
6360,0,-1.2774445836787656,-1.477726143066649,-0.9968238204629898,1,0,0,0,1,0,0,0,1,1,0,1,0,1,0,1,0,1,0,1,0,0,0,1,0,0,1,0,0,2
6361,0,-1.0331224013585834,-0.0651986929254444,-0.8212330188545981,0,0,0,0,1,0,0,0,0,0,0,0,0,0,1,0,1,0,0,0,1,0,0,0,0,0,0,0,0,1
6362,0,-1.2367242199587352,0.3369561811147576,-0.9457568976334136,0,0,0,0,1,0,1,1,0,0,0,0,0,0,0,0,0,0,0,0,0,0,0,1,0,0,1,0,0,1
6363,0,-0.9516816739185228,0.3352943841145911,-0.693334090748385,0,0,0,0,1,0,0,1,0,0,1,0,0,0,0,0,0,0,0,0,0,0,0,1,0,1,0,0,0,1
6364,0,-0.2187151269579764,-1.2932666760482092,-0.6578850432377462,0,1,0,1,1,0,1,0,1,1,0,1,0,1,0,1,0,1,0,1,0,0,1,1,1,0,0,1,0,2
6365,1,-1.0331224013585834,1.2359883582046305,-0.6965767852001984,1,1,1,0,1,0,1,1,0,0,0,0,0,0,1,0,0,0,1,0,1,0,0,1,0,1,0,0,0,1
6366,0,1.2879383306831464,0.1175989770928291,0.9260719303163456,0,0,1,0,1,0,0,0,0,0,0,0,1,0,1,0,1,0,0,0,1,0,1,1,0,0,1,0,1,0
6367,0,1.5322605130033284,-0.5437962289732878,0.5131247184935952,0,1,0,0,0,1,0,0,0,0,1,0,0,0,1,0,1,0,0,0,1,0,1,0,0,0,0,0,1,0
6368,1,-1.2367242199587352,0.9717626351782166,-0.9256168973986822,1,1,0,0,1,0,1,1,0,0,0,0,0,0,0,0,0,0,1,0,1,0,0,1,0,1,0,0,0,1
6369,1,1.4100994218432374,1.3390197722149295,2.1582517037135247,0,1,0,0,1,0,0,1,0,0,1,0,1,0,0,0,1,0,1,0,1,0,1,1,0,1,0,0,1,0
6370,0,0.5142514200025698,0.8155537171626008,0.7663857729239903,1,0,0,0,1,0,1,1,0,0,0,0,1,0,0,0,0,0,1,0,0,0,0,1,1,0,0,1,0,0
6371,0,-0.3408762181180675,-1.3165318340505352,-0.7618056797172855,0,0,0,0,1,0,1,0,1,1,0,1,0,1,0,1,0,1,0,1,0,0,1,0,1,0,0,1,0,2
6372,0,-1.1552834925186746,-1.504314895069307,-0.9630512680430844,0,1,1,1,1,0,0,0,1,1,0,1,0,1,0,1,0,1,0,1,0,0,1,0,1,0,0,0,0,2
6373,0,0.4735310562825394,0.936864898174728,0.8131732214430102,0,1,1,1,1,0,0,1,0,0,0,0,0,0,1,0,0,0,1,0,1,0,0,1,0,0,0,1,0,0
6374,0,1.6137012404433893,-1.46443176706532,-0.3518143934492492,0,0,1,1,1,0,0,0,1,1,0,1,0,1,0,1,0,1,0,1,0,0,1,1,0,0,1,0,1,2
6375,0,-1.2774445836787656,0.3170146171127639,-0.9729999428578312,1,0,0,0,1,0,0,1,0,0,0,0,1,0,0,0,0,0,0,0,0,0,0,1,1,0,0,0,0,1
6376,0,1.369379058123207,-1.5093002860698053,-0.4583600682945422,0,1,0,0,1,0,0,0,1,1,0,1,0,1,0,1,0,1,0,1,0,0,1,0,0,0,0,0,1,2
6377,0,-1.2774445836787656,-0.6684310039857471,-0.9860810163947376,1,1,0,0,0,1,0,0,0,0,0,0,1,0,0,0,1,0,0,0,1,0,0,1,0,0,1,0,0,1
6378,0,-0.7888002190384014,0.641065032145158,-0.5225521829528864,1,1,1,1,1,0,0,1,0,0,1,0,0,0,0,0,0,0,0,0,1,0,0,0,0,1,0,1,0,1
6379,0,-0.9109613101984924,0.5297246331340278,-0.6577747475080926,1,1,0,0,1,0,1,1,0,0,0,0,1,0,0,0,0,0,0,0,0,0,0,1,0,0,0,0,0,1
6380,1,1.3286586944031769,1.3157546142126038,1.896564055537601,0,1,1,0,1,0,1,1,0,0,0,0,1,0,1,0,0,0,1,0,1,0,0,1,0,1,0,0,1,0
6381,0,-1.2774445836787656,-1.502653098069141,-0.9971547076519502,0,1,0,1,1,0,0,0,1,1,0,1,0,1,0,1,0,1,0,1,0,0,0,0,0,0,1,0,0,2
6382,0,0.2292088739623573,0.3087056321119333,0.2305470591212964,0,1,1,1,1,0,0,0,0,0,1,0,1,0,1,0,1,0,1,0,0,1,0,0,0,1,0,1,0,1
6383,0,-0.3815965818380978,-0.8196545310008642,-0.627355185269654,0,1,0,1,0,1,0,0,0,0,1,0,0,0,1,0,1,0,0,0,0,0,1,0,0,0,1,1,0,1
6384,0,-0.9109613101984924,-1.4843733310673135,-0.9244257035184242,0,0,1,0,1,0,0,0,1,1,0,1,0,1,0,1,0,1,0,1,0,1,0,0,0,0,1,0,0,2
6385,0,-1.1552834925186746,1.2276793732037996,-0.8449466007301032,1,1,0,1,1,0,1,1,0,0,0,0,1,0,0,0,0,0,1,0,1,0,0,1,0,1,0,0,0,1
6386,0,1.6137012404433893,0.6244470621434968,1.682480044280134,0,1,1,1,1,0,1,0,0,0,1,0,0,0,1,0,1,0,1,0,1,0,1,1,1,0,0,0,1,0
6387,0,0.1070477828022663,-0.2629525359452129,-0.1846943038782472,0,0,1,0,1,0,0,0,0,0,0,0,1,0,0,0,1,0,0,0,0,0,0,0,0,1,0,1,0,1
6388,0,-1.2774445836787656,-1.4744025490663168,-0.9967797021711284,1,0,0,0,1,0,0,0,1,1,0,1,0,1,0,1,0,1,0,1,0,0,0,0,0,0,1,0,0,2
6389,0,1.0436161483629645,-1.502653098069141,-0.5294566956291963,0,0,1,1,1,0,0,0,1,1,0,1,0,1,0,1,0,1,0,1,0,0,1,0,1,0,0,0,1,2
6390,0,1.5322605130033284,1.3755793062185846,2.292106601221028,0,1,1,1,1,0,0,1,0,0,0,0,1,0,1,0,1,0,1,0,1,1,0,1,0,1,0,0,1,0
6391,0,0.2292088739623573,0.4715617381282135,0.2571283299677929,0,1,1,1,1,0,1,0,0,0,0,0,1,0,1,0,0,0,1,0,1,1,0,0,1,0,0,1,0,0
6392,0,1.125056875803025,-0.4989277099688025,0.3484090758290396,0,0,1,1,0,1,0,0,0,0,0,0,1,0,0,0,0,0,1,0,1,0,0,1,0,1,0,0,1,0
6393,0,-0.2594354906780068,0.9185851311729007,0.0309117884484389,0,1,0,0,1,0,1,1,0,0,1,0,1,0,0,0,0,0,1,0,0,0,0,1,1,0,0,1,0,1
6394,0,-0.9924020376385532,-0.2180840169407275,-0.7987547491512123,0,0,0,0,1,0,0,0,0,0,1,0,1,0,0,0,1,0,0,0,0,1,0,0,0,0,0,0,0,1
6395,0,0.3513699651224484,1.2575917192067896,0.8530782164316513,1,1,1,1,1,0,1,1,0,0,0,0,0,0,1,0,1,0,1,0,1,1,0,1,0,1,0,1,0,0
6396,1,0.1477681465222966,0.9036289581714056,0.4505870397800537,0,0,1,0,1,0,1,1,0,0,0,0,1,0,0,0,0,0,1,0,0,0,0,1,1,0,0,1,0,1
6397,1,0.880734693482843,0.0162293600826957,0.5515738098508095,0,1,0,0,1,0,0,0,0,0,0,0,0,0,1,0,1,0,0,0,1,1,0,0,0,0,0,0,1,0
6398,0,1.5729808767233588,1.3705939152180862,2.4017846747884803,1,1,1,1,1,0,1,1,0,0,0,0,1,0,1,0,0,0,1,0,1,0,1,1,0,0,0,0,1,0
6399,0,0.9214550572028734,0.2771314891087769,0.8228792456525192,0,0,0,0,1,0,1,1,0,0,0,0,0,0,0,0,0,0,0,0,0,0,0,1,0,1,0,0,1,0
6400,0,1.6137012404433893,-0.1665683099355778,0.8758653141780668,0,0,0,0,1,0,1,0,0,0,1,0,1,0,0,0,0,0,0,0,0,0,1,0,0,0,0,0,1,0
6401,0,-1.1960038562387048,-0.3211154309510272,-0.9375508953471922,1,0,0,1,1,0,0,0,0,0,1,0,0,0,0,0,1,0,0,0,0,0,0,1,0,0,1,0,0,1
6402,0,0.880734693482843,-0.1649065129354117,0.4264984524237264,0,0,1,1,1,0,1,0,0,0,0,0,1,0,1,0,0,0,0,0,0,0,1,1,0,0,0,0,1,0
6403,0,1.6137012404433893,1.722894879253304,2.672560691087854,0,1,1,1,1,0,1,1,0,0,1,0,1,0,1,0,1,0,1,0,1,0,1,1,0,0,0,0,1,0
6404,0,0.7992939660427822,1.48027251722905,1.5228159460337092,0,1,0,0,1,0,1,1,0,0,1,0,0,0,1,0,1,0,1,0,1,0,1,1,0,1,0,0,1,0
6405,1,1.125056875803025,1.217708591202803,1.7192305814006843,0,0,0,0,1,0,1,1,0,0,1,0,0,0,0,0,0,0,1,0,1,1,0,1,0,0,0,0,1,0
6406,0,0.2699292376823877,-0.4690153639658123,-0.1651499005836447,0,0,0,0,0,1,0,0,0,0,0,0,0,0,1,0,0,0,1,0,1,0,0,1,1,0,0,1,0,1
6407,0,-0.7073594915983407,-0.2862176939475387,-0.5946414718544221,0,0,0,0,1,0,0,0,0,0,0,0,0,0,0,0,0,0,1,0,0,1,0,0,0,0,1,1,0,1
6408,0,1.4915401492832985,1.3872118852197473,2.236385198600073,1,1,0,0,1,0,1,1,0,0,0,0,0,0,1,0,1,0,1,0,1,0,1,1,0,0,0,0,1,0
6409,0,0.4328106925625091,-1.5142856770703037,-0.663311593136699,0,1,1,1,1,0,0,0,1,1,0,1,0,1,0,1,0,1,0,1,0,1,0,1,0,0,1,1,0,2
6410,1,1.247217966963116,0.6061672951416694,1.3073642677285382,0,0,0,0,1,0,1,0,0,0,1,0,1,0,1,0,1,0,1,0,0,1,0,0,0,0,0,0,1,0
6411,1,-1.2367242199587352,0.1774236690988095,-0.9432862732891748,0,1,1,0,1,0,0,1,0,0,0,0,0,0,0,0,0,0,0,0,0,0,0,0,0,1,0,0,0,1
6412,0,1.6137012404433893,1.4470365772257276,2.3823505672235314,0,0,1,1,1,0,0,1,0,0,1,0,1,0,1,0,1,0,1,0,1,0,1,1,0,0,0,0,1,0
6413,0,-0.0151133083578247,0.8737166121684152,0.2976950993343547,1,0,1,1,1,0,1,1,0,0,0,0,0,0,1,0,0,0,0,0,1,0,0,1,0,0,0,1,0,1
6414,0,0.3106496014024181,-1.3132082400502028,-0.5615527529583684,0,1,1,1,1,0,1,0,1,1,0,1,0,1,0,1,0,1,0,1,0,0,1,0,1,0,0,1,0,2
6415,0,1.0436161483629645,-0.6451658459834212,0.1148688978606925,0,0,1,0,0,1,0,0,0,0,1,0,1,0,0,0,0,0,1,0,0,1,0,1,0,1,0,0,1,0
6416,0,1.4100994218432374,-0.6933579589882389,0.3606519018205795,0,1,0,0,0,1,0,0,0,0,1,0,0,0,0,0,1,0,1,0,0,0,1,0,0,1,0,0,1,0
6417,1,0.758573602322752,0.4233696251233959,0.6739579514743469,1,0,1,0,1,0,1,1,0,0,1,0,0,0,0,0,0,0,0,0,0,0,0,1,0,1,0,0,1,0
6418,0,-0.055833672077855,0.4831943171293762,0.0901185361264443,0,1,1,0,1,0,1,0,0,0,0,0,0,0,1,0,1,0,1,0,1,1,0,1,0,0,1,1,0,1
6419,1,1.4915401492832985,0.6693155811479823,1.5467501193685214,0,1,1,0,1,0,1,1,0,0,1,0,1,0,0,0,0,0,0,0,0,0,0,1,1,0,0,0,1,0
6420,0,-0.0151133083578247,0.4815325201292102,0.1497444075771332,0,1,1,0,1,0,1,1,0,0,0,0,0,0,0,0,1,0,0,0,0,1,0,1,0,1,0,1,0,1
6421,0,-0.4630373092781585,0.2089978121019659,-0.3330420602622214,0,0,0,0,1,0,0,0,0,0,1,0,1,0,0,0,1,0,1,0,0,0,1,0,1,0,0,1,0,1
6422,0,0.7992939660427822,-0.3659839499555126,0.2254072781194427,0,1,0,0,1,0,0,0,0,0,1,0,0,0,1,0,0,0,0,0,0,1,0,0,0,1,0,0,1,1
6423,0,1.6137012404433893,-1.3464441800535252,-0.2184889154440834,0,0,1,1,1,0,1,0,1,1,0,1,0,1,0,1,0,1,0,1,0,0,1,0,1,0,0,0,1,2
6424,0,1.6137012404433893,-0.3510277769540174,0.7313558491860348,1,0,1,0,0,1,0,0,0,0,0,0,1,0,1,0,0,0,1,0,1,0,1,1,0,1,0,0,1,0
6425,0,0.7992939660427822,-0.681725379987076,-0.0016033926534166,0,1,1,1,0,1,0,0,0,0,1,0,0,0,1,0,0,0,0,0,1,1,0,0,0,0,0,0,1,0
6426,0,0.3513699651224484,-0.4889569279678058,-0.1105976326970175,0,0,0,0,1,0,0,0,0,0,0,0,0,0,0,0,1,0,0,0,0,1,0,0,0,0,0,1,0,1
6427,0,0.3513699651224484,-1.4827115340671475,-0.6517967189608723,0,1,0,0,1,0,0,0,1,1,0,1,0,1,0,1,0,1,0,1,0,0,1,0,0,0,1,1,0,2
6428,0,-1.0738427650786138,0.1491731200959855,-0.8211889005627366,1,0,0,0,1,0,0,1,0,0,0,0,0,0,0,0,0,0,0,0,0,0,0,1,0,0,1,0,0,1
6429,0,1.4100994218432374,0.1524967140963176,1.0471545823299715,0,1,1,1,1,0,1,0,0,0,1,0,1,0,1,0,1,0,0,0,0,1,0,1,1,0,0,0,1,0
6430,0,-0.6666391278783103,-1.5093002860698053,-0.8840574664652386,0,0,1,1,1,0,0,0,1,1,0,1,0,1,0,1,0,1,0,1,0,0,0,0,0,0,1,1,0,2
6431,0,-0.62591876415828,-1.51594747407047,-0.8542555603128597,0,1,0,0,1,0,0,0,1,1,0,1,0,1,0,1,0,1,0,1,0,0,1,0,0,0,1,1,0,2
6432,0,0.1070477828022663,-0.1250233849314247,-0.0658616847495529,0,1,1,0,1,0,0,0,0,0,1,0,1,0,1,0,0,0,0,0,0,0,0,0,0,0,1,1,0,1
6433,0,1.0436161483629645,-1.4710789550659844,-0.4801545044740762,0,0,1,1,1,0,0,0,1,1,0,1,0,1,0,1,0,1,0,1,0,0,1,0,1,0,0,0,1,2
6434,0,-1.2774445836787656,-0.4740007549663106,-0.9835000963208456,1,1,0,0,1,0,0,0,0,0,0,0,0,0,1,0,0,0,0,0,0,0,0,1,0,1,0,0,0,1
6435,0,0.7992939660427822,-0.4839715369673072,0.1210013404294278,0,1,1,1,0,1,0,0,0,0,0,0,1,0,1,0,1,0,1,0,0,0,1,0,0,0,1,0,1,0
6436,0,1.5322605130033284,0.4931650991303729,1.4601900307364448,0,0,0,0,1,0,0,0,0,0,1,0,0,0,1,0,1,0,1,0,1,0,1,0,0,0,0,0,1,0
6437,0,-0.5444780367182193,-1.3248408190513656,-0.799438582675064,0,0,1,1,1,0,1,0,1,1,0,1,0,1,0,1,0,1,0,1,0,0,1,1,0,0,0,1,0,2
6438,1,-1.2774445836787656,0.3203382111130964,-0.9729558245659696,1,1,0,0,1,0,1,1,0,0,0,0,0,0,0,0,0,0,0,0,0,0,0,1,0,1,0,0,0,1
6439,0,0.1070477828022663,1.4005062612210766,0.6515017409168917,0,0,1,1,1,0,0,1,0,0,1,0,0,0,1,0,1,0,1,0,1,0,0,1,0,1,0,1,0,0
6440,0,-0.0151133083578247,1.2160467942026365,0.4655210815751393,0,0,0,0,1,0,1,1,0,0,0,0,0,0,1,0,0,0,1,0,1,0,0,1,0,1,0,1,0,1
6441,0,-0.62591876415828,-0.3128064459501966,-0.5996709571266223,0,0,1,1,1,0,0,0,0,0,1,0,0,0,0,0,1,0,0,0,0,0,0,1,1,0,0,1,0,1
6442,0,1.4100994218432374,-0.4723389579661445,0.5082496472429099,0,0,1,1,1,0,0,0,0,0,0,0,1,0,0,0,0,0,0,0,0,1,0,0,1,0,0,0,1,0
6443,0,-0.9516816739185228,-1.504314895069307,-0.9394479818972328,0,0,0,0,1,0,0,0,1,1,0,1,0,1,0,1,0,1,0,1,0,0,0,0,0,0,0,0,0,2
6444,0,-0.055833672077855,0.4881797081298748,0.1358692047867212,1,1,0,1,1,0,1,0,0,0,0,0,1,0,0,0,1,0,1,0,1,1,0,1,0,0,1,1,0,1
6445,0,-1.1552834925186746,0.8604222361670865,-0.8434465788068154,0,1,0,0,1,0,1,1,0,0,1,0,0,0,0,0,0,0,1,0,0,0,0,0,0,1,0,0,0,1
6446,1,1.0436161483629645,0.8338334841644282,1.25561351137511,0,1,1,1,1,0,1,1,0,0,1,0,1,0,0,0,1,0,0,0,0,1,0,1,0,0,0,0,1,0
6447,0,1.125056875803025,0.4732235351283796,1.112383476847059,0,1,0,0,1,0,0,0,0,0,1,0,0,0,1,0,1,0,1,0,1,1,0,0,0,0,1,0,1,0
6448,0,1.0436161483629645,1.325725396213601,1.7382014469010885,1,1,0,0,1,0,1,1,0,0,0,0,0,0,1,0,1,0,1,0,1,1,0,1,0,1,0,0,1,0
6449,0,-1.2774445836787656,-1.502653098069141,-0.9971547076519502,0,1,0,0,1,0,0,0,1,1,0,1,0,1,0,1,0,1,0,1,0,0,0,0,0,0,1,0,0,2
6450,0,-0.2187151269579764,-1.491020519067978,-0.7630851101812663,0,0,1,1,1,0,0,0,1,1,0,1,0,1,0,1,0,1,0,1,0,0,1,0,0,0,1,1,0,2
6451,1,1.369379058123207,1.7112623002521414,2.462910568162457,0,1,1,1,1,0,1,1,0,0,1,0,1,0,1,0,1,0,1,0,1,1,0,1,0,1,0,0,1,0
6452,0,-0.7073594915983407,0.7640380101574512,-0.4577424122084825,0,1,0,0,1,0,1,1,0,0,1,0,0,0,0,0,0,0,1,0,0,0,0,1,0,0,0,1,0,1
6453,1,0.5956921474426305,1.1728400721983174,1.1432442220041117,1,1,1,0,1,0,1,1,0,0,0,0,0,0,1,0,0,0,1,0,1,0,0,1,0,1,0,1,0,0
6454,0,0.3513699651224484,0.5496661971360212,0.4018804455650626,0,0,0,0,1,0,1,1,0,0,1,0,0,0,0,0,0,0,0,0,0,0,0,1,1,0,0,1,0,1
6455,0,1.0843365120829946,-0.6800635829869099,0.1707447145031619,0,1,1,0,0,1,0,0,0,0,0,0,0,0,0,0,0,0,1,0,1,0,0,1,0,1,0,0,1,0
6456,0,0.7178532386027215,0.1857326540996401,0.5531841275037508,0,0,0,1,1,0,0,1,0,0,0,0,0,0,0,0,0,0,0,0,0,0,1,0,1,0,0,0,1,0
6457,0,-0.62591876415828,-0.6750781919864114,-0.6562967847307355,0,1,1,1,0,1,0,0,0,0,1,0,0,0,1,0,0,0,1,0,0,1,0,0,1,0,0,1,0,1
6458,0,-1.0738427650786138,-0.518869273970796,-0.8753441038226112,0,1,1,1,1,0,0,0,0,0,1,0,0,0,0,0,0,0,0,0,0,0,0,1,0,1,0,0,0,1
6459,1,0.758573602322752,-1.1736172920362484,-0.3619395414314417,0,1,1,0,0,1,0,0,0,0,0,0,1,0,0,0,0,0,0,0,0,0,0,1,1,0,0,0,1,1
6460,0,0.4735310562825394,1.1894580421999783,0.9346088197915272,1,1,0,0,1,0,0,1,0,0,0,0,1,0,0,0,1,0,1,0,1,0,0,0,0,1,0,1,0,0
6461,0,0.6771328748826912,0.682609957149311,0.8904022913463997,0,1,1,0,1,0,0,1,0,0,0,0,1,0,0,0,0,0,1,0,0,0,0,1,1,0,0,0,1,0
6462,0,-1.2367242199587352,1.0266019361836989,-0.9319699314267244,1,1,0,0,1,0,0,1,0,0,0,0,1,0,0,0,0,0,1,0,1,0,0,0,0,1,0,0,0,1
6463,0,1.0843365120829946,0.144187729095487,0.8017024655590449,0,1,1,0,1,0,1,0,0,0,1,0,0,0,0,0,1,0,0,0,1,1,0,1,0,0,1,0,1,0
6464,1,0.7178532386027215,0.1857326540996401,0.5183306769332409,0,1,0,0,1,0,1,0,0,0,1,0,1,0,0,0,0,0,1,0,0,0,0,1,0,0,0,0,1,0
6465,0,1.0843365120829946,-1.4677553610656522,-0.4384186003731871,0,0,1,1,1,0,0,0,1,1,0,1,0,1,0,1,0,1,0,1,0,0,1,0,0,0,1,0,1,2
6466,0,-0.5851984004382496,0.3120292261122658,-0.3938591255931681,0,1,0,0,1,0,1,1,0,0,0,0,0,0,0,0,0,0,0,0,0,0,0,0,0,0,1,1,0,1
6467,0,-0.9109613101984924,0.3419415721152558,-0.6588777048046278,0,1,0,0,1,0,1,1,0,0,0,0,0,0,0,0,0,0,0,0,0,0,0,0,0,1,0,0,0,1
6468,0,-0.748079855318371,-0.6700928009859131,-0.7228712871495957,0,1,1,0,1,0,0,0,0,0,0,0,0,0,0,0,0,0,0,0,0,1,0,0,0,1,0,1,0,1
6469,0,0.1070477828022663,-1.439504812062828,-0.6945473437745736,0,1,0,0,1,0,0,0,1,1,0,1,0,1,0,1,0,1,0,1,0,0,1,0,0,0,0,1,0,2
6470,0,-0.9924020376385532,-0.7083141319897339,-0.8533511353297009,0,1,1,1,1,0,0,0,0,0,0,0,0,0,0,0,0,0,0,0,0,1,0,1,0,0,1,0,0,1
6471,0,-0.5851984004382496,-1.4860351280674795,-0.8531746621622552,0,1,1,1,1,0,0,0,1,1,0,1,0,1,0,1,0,1,0,1,0,1,0,0,0,0,0,1,0,2
6472,0,1.125056875803025,0.9767480261787151,1.558287052690279,0,0,1,1,1,0,1,1,0,0,1,0,1,0,0,0,0,0,1,0,0,1,0,0,0,0,0,0,1,0
6473,0,-1.2774445836787656,0.9850570111795456,-0.9641321661936888,1,0,0,0,1,0,0,1,0,0,0,0,0,0,1,0,0,0,1,0,1,0,0,0,0,1,0,0,0,1
6474,0,-1.0738427650786138,-1.502653098069141,-0.9508746194893366,0,0,0,0,1,0,0,0,1,1,0,1,0,1,0,1,0,1,0,1,0,0,1,0,0,0,1,0,0,2
6475,0,-0.5444780367182193,0.3701921211180801,-0.3988886108653683,0,0,0,1,1,0,1,0,0,0,1,0,1,0,0,0,1,0,1,0,0,0,0,1,0,0,1,1,0,1
6476,0,0.8400143297628127,-0.0203301739209587,0.5346323857760302,0,1,1,1,1,0,1,0,0,0,1,0,1,0,0,0,1,0,0,0,0,1,0,0,0,0,0,0,1,0
6477,1,1.6137012404433893,1.4885815022298807,2.488697709755448,0,1,1,0,1,0,1,1,0,0,1,0,1,0,1,0,0,0,1,0,1,0,1,1,0,0,0,0,1,0
6478,0,1.125056875803025,1.5301264272340338,1.9239835739294648,0,0,1,0,1,0,1,1,0,0,0,0,1,0,1,0,1,0,1,0,1,0,1,1,1,0,0,0,1,0
6479,0,-1.2774445836787656,-0.3244390249513595,-0.9815147731870822,1,0,0,0,1,0,0,0,0,0,0,0,0,0,0,0,0,0,1,0,0,0,0,1,1,0,0,0,0,1
6480,0,-0.7888002190384014,-0.3759547319565092,-0.688966379854106,0,0,0,1,1,0,0,0,0,0,0,0,0,0,1,0,1,0,0,0,0,0,0,0,0,0,1,1,0,1
6481,0,-1.1145631287986442,0.1724382780983114,-0.8644248265869134,0,0,1,1,1,0,0,1,0,0,0,0,0,0,0,0,0,0,0,0,0,0,0,0,1,0,0,0,0,1
6482,0,-1.2774445836787656,1.219370388202969,-0.9610218266174596,1,1,0,0,1,0,1,1,0,0,0,0,0,0,1,0,0,0,1,0,1,0,0,1,0,1,0,0,0,1
6483,0,-0.7888002190384014,1.071470455188184,-0.4170432879663364,0,1,1,1,1,0,0,1,0,0,0,0,0,0,1,0,0,0,1,0,1,0,0,0,0,1,0,1,0,1
6484,0,0.188488510242327,0.85876043916692,0.4759991758922229,0,1,0,0,1,0,1,0,0,0,1,0,1,0,1,0,1,0,1,0,1,1,0,1,0,0,0,1,0,0
6485,0,1.2879383306831464,0.2920876621102721,1.0960155905664777,0,1,1,0,1,0,0,1,0,0,1,0,0,0,0,0,0,0,0,0,0,0,0,1,0,0,1,0,1,0
6486,0,-1.1145631287986442,0.1059663980916664,-0.8512334573203535,1,0,1,0,1,0,1,0,0,0,0,0,0,0,1,0,1,0,1,0,0,0,0,0,0,0,0,0,0,1
6487,0,1.1657772395230557,0.9833952141793793,1.51028635114507,0,0,1,0,1,0,1,1,0,0,0,0,1,0,0,0,1,0,0,0,1,0,1,1,0,0,0,0,1,0
6488,0,-1.2774445836787656,0.1574821050968162,-0.9751176208671786,1,0,0,0,1,0,0,1,0,0,0,0,0,0,0,0,0,0,0,0,0,0,0,1,0,1,0,0,0,1
6489,0,-1.2774445836787656,-1.5259182560714666,-0.9974635356949804,1,1,0,0,1,0,0,0,1,1,0,1,0,1,0,1,0,1,0,1,0,0,0,1,0,0,1,0,0,2
6490,0,-0.2594354906780068,-1.5076384890696393,-0.7739161508332413,0,1,0,0,1,0,0,0,1,1,0,1,0,1,0,1,0,1,0,1,0,1,0,0,0,0,1,1,0,2
6491,0,-1.2774445836787656,0.1475113230958195,-0.9752499757427628,1,0,0,0,1,0,0,1,0,0,0,0,0,0,0,0,0,0,0,0,0,0,0,1,0,1,0,0,0,1
6492,0,-0.3408762181180675,-1.4960059100684764,-0.7926223065824769,0,1,1,0,1,0,0,0,1,1,0,1,0,1,0,1,0,1,0,1,0,0,1,0,0,0,1,1,0,2
6493,0,-0.62591876415828,-0.3377334009526884,-0.5933620413904415,0,1,1,0,0,1,0,0,0,0,0,0,0,0,1,0,1,0,1,0,1,1,0,0,0,1,0,1,0,1
6494,0,-0.2594354906780068,-1.1619847130350858,-0.658789468220905,0,0,0,1,0,1,0,0,0,0,0,0,0,0,1,0,0,0,0,0,0,0,0,1,0,0,1,1,0,1
6495,0,-1.2774445836787656,0.1624674960973147,-0.9750514434293864,1,1,0,0,1,0,0,1,0,0,0,0,0,0,0,0,0,0,0,0,0,0,0,1,0,1,0,0,0,1
6496,1,0.3106496014024181,1.2326647642042976,0.7970259266217362,1,1,1,0,1,0,1,1,0,0,1,0,0,0,0,0,0,0,1,0,1,0,0,0,0,1,0,1,0,0
6497,0,0.7992939660427822,1.272547892208285,1.3610782880697987,0,1,0,0,1,0,1,1,0,0,0,0,1,0,1,0,0,0,1,0,1,0,0,1,0,1,0,0,1,0
6498,0,-1.2774445836787656,0.5829021371393436,-0.9694704795089186,1,0,0,0,1,0,0,1,0,0,0,0,1,0,1,0,0,0,0,0,0,0,0,1,0,1,0,0,0,1
6499,0,-1.2774445836787656,-1.477726143066649,-0.9968238204629898,0,1,0,0,1,0,0,0,1,1,0,1,0,1,0,1,0,1,0,1,0,0,0,0,0,0,1,0,0,2
6500,0,-0.4630373092781585,-0.9858342310174764,-0.6658925132105911,0,0,0,0,0,1,0,0,0,0,1,0,0,0,0,0,1,0,0,0,0,0,1,0,0,0,1,1,0,1
6501,0,1.4100994218432374,1.3606231332170895,2.0017420633351906,0,0,1,0,1,0,1,1,0,0,0,0,1,0,1,0,0,0,1,0,1,1,0,1,0,0,0,0,1,0
6502,0,0.4735310562825394,-0.2828940999472064,0.0616842970217689,0,0,1,1,1,0,0,0,0,0,1,0,0,0,0,0,1,0,0,0,0,0,0,0,0,0,0,1,0,1
6503,0,1.5322605130033284,-0.1466267459335843,0.8201439115571123,0,1,1,1,0,1,0,0,0,0,0,0,1,0,1,0,1,0,1,0,1,1,0,0,0,1,0,0,1,0
6504,0,-1.1960038562387048,0.4815325201292102,-0.8877192846897354,1,1,0,0,1,0,0,1,0,0,0,0,0,0,0,0,0,0,1,0,0,0,0,0,0,1,0,0,0,1
6505,0,0.9621754209229036,-0.1649065129354117,0.5195880482512909,0,1,1,1,1,0,0,0,0,0,1,0,1,0,1,0,0,0,0,0,0,0,1,1,0,0,0,0,1,0
6506,0,-0.7888002190384014,0.6593447991469852,-0.5137726428724668,1,0,0,0,1,0,1,1,0,0,0,0,0,0,0,0,0,0,0,0,1,0,0,1,0,1,0,1,0,1
6507,0,1.0436161483629645,0.9518210711762232,1.3923140387076736,1,0,1,1,1,0,1,1,0,0,1,0,1,0,0,0,0,0,0,0,1,0,0,1,0,0,0,0,1,0
6508,0,0.3920903288424788,0.9784098231788813,0.8411442184831411,1,0,1,1,1,0,1,1,0,0,0,0,0,0,0,0,0,0,1,0,1,0,0,1,0,1,0,1,0,0
6509,1,-1.2774445836787656,-1.3198554280508674,-0.994728201599573,1,1,1,0,0,1,0,0,0,0,0,0,0,0,0,0,0,0,0,0,0,0,0,0,0,1,0,0,0,1
6510,0,0.5549717837226001,1.1595456961969886,1.0369853160559177,0,0,1,1,1,0,1,1,0,0,1,0,0,0,1,0,1,0,0,0,1,0,1,0,0,0,1,1,0,0
6511,0,1.247217966963116,-0.4690153639658123,0.4153806428746525,0,0,1,1,1,0,0,0,0,0,1,0,0,0,0,0,0,0,0,0,0,0,1,1,0,0,0,0,1,0
6512,0,-0.8702409464784621,-0.128346978931757,-0.7020253942450818,0,1,0,0,1,0,0,0,0,0,0,0,1,0,1,0,1,0,0,0,0,0,0,1,0,1,0,0,0,1
6513,0,-0.7073594915983407,-0.1698919039359101,-0.6232301249806126,0,1,1,1,1,0,1,0,0,0,0,0,0,0,1,0,1,0,0,0,0,0,0,1,0,0,0,1,0,1
6514,0,1.6137012404433893,-0.0020504069191315,1.0880963571773554,0,1,1,0,0,1,0,0,0,0,1,0,1,0,1,0,1,0,1,0,1,0,1,1,0,1,0,0,1,0
6515,0,-0.1372743995179157,-1.3181936310507012,-0.6912825901768298,1,0,0,0,0,1,0,0,0,0,0,0,0,0,0,0,0,0,0,0,0,0,0,1,1,0,0,1,0,1
6516,0,-1.2774445836787656,-0.5255164619714603,-0.9841839298446974,1,1,0,1,1,0,0,0,0,0,0,0,0,0,1,0,0,0,0,0,0,0,0,0,0,1,0,0,0,1
6517,0,-1.0738427650786138,-0.3294244159518578,-0.849115779311006,0,0,1,1,1,0,0,0,0,0,0,0,0,0,0,0,0,0,1,0,0,0,0,0,0,1,0,0,0,1
6518,0,-1.2774445836787656,-0.6468276429835875,-0.9857942474976384,1,1,0,0,1,0,0,0,0,0,0,0,0,0,0,0,0,0,0,0,0,0,0,0,0,1,0,0,0,1
6519,0,1.247217966963116,0.8836873941694119,1.537507337223557,0,1,1,1,1,0,1,1,0,0,0,0,1,0,0,0,0,0,0,0,1,1,0,1,0,1,0,0,1,0
6520,0,-1.2367242199587352,0.7008897241511383,-0.9319699314267244,1,1,0,0,1,0,0,1,0,0,0,0,0,0,1,0,0,0,0,0,1,0,0,1,0,1,0,0,0,1
6521,0,-0.5851984004382496,-1.3181936310507012,-0.8167550122306654,0,0,1,1,1,0,1,0,1,1,0,1,0,1,0,1,0,1,0,1,0,0,1,0,0,0,1,1,0,2
6522,0,0.4328106925625091,-1.0223937650211312,-0.3416451271751954,0,0,1,0,0,1,0,0,0,0,1,0,0,0,0,0,1,0,0,0,0,0,0,0,0,0,0,1,0,1
6523,0,-0.7073594915983407,-0.626886078981594,-0.6998415387979423,0,0,0,0,0,1,0,0,0,0,1,0,1,0,1,0,1,0,0,0,0,1,0,0,0,0,1,1,0,1
6524,0,-0.9109613101984924,1.0116457631822036,-0.5953032462323432,1,1,0,1,1,0,1,1,0,0,0,0,0,0,0,0,0,0,1,0,1,0,0,0,0,1,0,0,0,1
6525,0,0.9214550572028734,-1.4710789550659844,-0.4860884147294352,0,1,1,1,1,0,0,0,1,1,0,1,0,1,0,1,0,1,0,1,0,0,1,0,0,0,1,0,1,2
6526,0,0.6771328748826912,1.1911198392001443,1.2308631496408615,1,1,0,1,1,0,1,1,0,0,0,0,0,0,0,0,1,0,1,0,1,1,0,1,0,0,0,0,1,0
6527,0,-1.0738427650786138,-0.3144682429503628,-0.8627262723502495,1,1,1,1,1,0,0,0,0,0,0,0,1,0,1,0,0,0,0,0,0,0,0,1,0,0,1,0,0,1
6528,0,1.5322605130033284,-1.4760643460664828,-0.3624910200797092,0,1,1,1,1,0,0,0,1,1,0,1,0,1,0,1,0,1,0,1,0,0,1,0,1,0,0,0,1,2
6529,1,-1.2367242199587352,0.3352943841145911,-0.9367788252396176,1,1,0,0,1,0,1,1,0,0,0,0,0,0,0,0,0,0,0,0,0,0,0,1,0,0,1,0,0,1
6530,1,1.247217966963116,-0.952598291014154,0.0084555778909837,0,1,1,0,0,1,0,0,0,0,1,0,0,0,0,0,1,0,0,0,0,1,0,0,0,0,0,0,1,0
6531,0,-0.3001558543980371,0.0345091270845229,-0.2647469444607664,0,0,0,0,1,0,0,0,0,0,0,0,1,0,0,0,1,0,0,0,1,0,0,1,0,0,0,1,0,1
6532,1,-0.5851984004382496,-1.4760643460664828,-0.8427186269911023,0,0,0,0,1,0,0,0,1,1,0,1,0,1,0,1,0,1,0,1,0,1,0,0,0,0,0,1,0,2
6533,1,-0.1779947632379461,1.3639467272174215,0.3168865562940658,0,1,1,0,1,0,1,1,0,0,0,0,1,0,0,0,1,0,1,0,1,0,0,1,0,1,0,1,0,1
6534,1,0.8400143297628127,1.0631614701873533,1.2912610911991254,0,0,0,0,1,0,0,1,0,0,1,0,1,0,0,0,1,0,0,0,1,1,0,1,0,0,1,0,1,0
6535,0,0.1070477828022663,1.249282734205959,0.5939935474755504,1,1,0,0,1,0,0,1,0,0,0,0,1,0,1,0,0,0,1,0,1,1,0,1,0,0,0,1,0,0
6536,0,-1.2774445836787656,-1.341458789053027,-0.9950149704966722,0,1,0,0,0,1,0,0,0,0,0,0,0,0,0,0,0,0,0,0,0,0,0,0,0,0,1,0,0,1
6537,0,1.5322605130033284,1.691320736250148,2.5099406672867146,1,1,1,0,1,0,1,1,0,0,1,0,1,0,1,0,1,0,1,0,1,1,0,0,1,0,0,0,1,0
6538,0,-1.2367242199587352,0.5014740841312035,-0.9385214977681432,1,1,0,0,1,0,0,1,0,0,0,0,0,0,1,0,1,0,0,0,0,0,0,1,0,1,0,0,0,1
6539,0,-0.2594354906780068,0.2754696921086108,-0.1412819046866247,0,0,1,0,1,0,0,0,0,0,0,0,1,0,0,0,1,0,1,0,1,0,0,1,0,1,0,1,0,1
6540,0,0.0663274190822359,-0.0136829859202946,-0.1000092426502802,0,0,0,0,1,0,0,0,0,0,1,0,1,0,0,0,0,0,0,0,1,1,0,0,0,1,0,1,0,1
6541,0,-0.5444780367182193,-1.4710789550659844,-0.8299463814972255,0,0,0,1,1,0,0,0,1,1,0,1,0,1,0,1,0,1,0,1,0,0,1,0,0,0,1,1,0,2
6542,0,-0.7073594915983407,0.3735157151184122,-0.506868130196157,1,1,0,0,1,0,1,1,0,0,0,0,0,0,0,0,0,0,0,0,0,0,0,1,0,0,1,1,0,1
6543,0,1.2064976032430856,-0.3327480099521901,0.5054260765637799,0,0,1,1,1,0,0,0,0,0,1,0,0,0,1,0,0,0,0,0,0,1,0,0,1,0,0,0,1,0
6544,1,0.3920903288424788,1.329048990213933,0.901652455771058,1,0,0,0,1,0,1,1,0,0,0,0,1,0,1,0,0,0,1,0,1,0,0,1,0,0,0,1,0,0
6545,0,-0.9516816739185228,0.328647196113927,-0.6953855913199404,1,0,0,0,1,0,0,0,0,0,1,0,1,0,0,0,0,0,1,0,1,0,0,1,0,1,0,0,0,1
6546,0,-0.3408762181180675,-0.4523973939641511,-0.4429627844349118,0,1,0,0,1,0,0,0,0,0,1,0,0,0,0,0,0,0,0,0,0,0,0,1,0,1,0,1,0,1
6547,1,1.4508197855632678,-0.7581680419947175,0.3026584071687628,0,1,1,0,0,1,0,0,0,0,1,0,1,0,1,0,0,0,0,0,0,0,1,1,0,1,0,0,1,0
6548,0,-0.055833672077855,-0.346042385953519,-0.2791515667535152,0,1,1,1,1,0,0,0,0,0,0,0,0,0,1,0,1,0,0,0,0,0,0,0,0,0,1,1,0,1
6549,0,-1.2774445836787656,-0.2828940999472064,-0.9809632945388148,1,0,0,0,1,0,0,0,0,0,0,0,0,0,0,0,0,0,0,0,1,0,0,1,0,1,0,0,0,1
6550,0,-0.4630373092781585,1.3739175092184182,-0.013140325975174,1,1,1,0,1,0,1,1,0,0,0,0,0,0,1,0,1,0,1,0,1,0,0,1,0,1,0,1,0,1
6551,0,1.247217966963116,1.0382345151848615,1.6897375032913349,0,0,1,0,1,0,0,1,0,0,0,0,1,0,0,0,0,0,1,0,1,1,0,1,0,1,0,0,1,0
6552,1,-1.2367242199587352,0.4981504901308714,-0.9354552764837756,1,0,0,0,1,0,0,1,0,0,0,0,0,0,0,0,0,0,0,0,1,0,0,1,0,0,0,0,0,1
6553,0,1.1657772395230557,-0.1100672119299295,0.6491634714482374,0,0,1,1,0,1,0,0,0,0,0,0,1,0,1,0,1,0,1,0,1,0,1,1,0,0,0,0,1,0
6554,0,-1.2774445836787656,0.1292315560939922,-0.9754926263480004,1,0,0,0,1,0,0,1,0,0,0,0,0,0,0,0,0,0,0,0,0,0,0,0,0,1,0,0,0,1
6555,0,-0.5851984004382496,-1.4993295040688086,-0.8243433584308271,0,1,0,0,1,0,0,0,1,1,0,1,0,1,0,1,0,1,0,1,0,1,0,0,0,0,1,1,0,2
6556,0,-1.0738427650786138,-1.520932865070968,-0.9592350357970728,0,0,1,1,1,0,0,0,1,1,0,1,0,1,0,1,0,1,0,1,0,1,0,0,1,0,0,0,0,2
6557,0,0.0256070553622056,1.1711782751981514,0.4592121658389582,0,0,0,0,1,0,1,1,0,0,0,0,1,0,0,0,0,0,1,0,1,0,0,1,0,1,0,1,0,1
6558,0,-0.6666391278783103,-1.479387940066815,-0.8613144870106845,1,1,0,0,1,0,0,0,1,1,0,1,0,1,0,1,0,1,0,1,0,0,0,0,0,0,0,1,0,2
6559,0,0.9621754209229036,1.127971553193832,1.4955067233714996,0,0,1,0,1,0,0,1,0,0,0,0,0,0,1,0,1,0,1,0,1,0,0,1,0,1,0,0,1,0
6560,0,-0.3815965818380978,-1.4943441130683104,-0.8004312442419456,0,1,0,1,1,0,0,0,1,1,0,1,0,1,0,1,0,1,0,1,0,1,0,0,0,0,1,1,0,2
6561,0,-0.9516816739185228,0.3003966471111027,-0.6950547041309799,0,1,0,0,1,0,0,1,0,0,0,0,0,0,1,0,0,0,0,0,0,0,0,1,0,1,0,0,0,1
6562,1,-0.748079855318371,1.177825463198816,-0.4014474717933298,1,0,1,0,1,0,1,1,0,0,0,0,1,0,0,0,0,0,1,0,1,0,0,1,0,1,0,1,0,1
6563,0,-0.7073594915983407,0.3369561811147576,-0.5172800470754485,1,1,1,1,1,0,1,1,0,0,0,0,0,0,0,0,0,0,0,0,0,0,0,1,0,0,0,1,0,1
6564,0,-1.1145631287986442,-1.4860351280674795,-0.9636248058372824,0,1,0,0,1,0,0,0,1,1,0,1,0,1,0,1,0,1,0,1,0,0,0,0,1,0,0,0,0,2
6565,0,1.1657772395230557,1.3772411032187506,1.8068495090374344,0,1,1,0,1,0,1,1,0,0,1,0,1,0,0,0,0,0,1,0,1,0,0,1,0,1,0,0,1,0
6566,0,1.5322605130033284,1.721233082253138,2.590875673706462,0,1,1,1,1,0,1,1,0,0,1,0,1,0,1,0,1,0,1,0,1,0,1,1,1,0,0,0,1,0
6567,0,-0.7073594915983407,1.1612074931971548,-0.3145564959722927,0,1,0,0,1,0,1,1,0,0,1,0,0,0,0,0,0,0,1,0,1,0,0,1,0,1,0,1,0,1
6568,0,-0.9924020376385532,-1.4976677070686424,-0.9483157585613752,0,1,1,1,1,0,0,0,1,1,0,1,0,1,0,1,0,1,0,1,0,0,1,0,0,0,1,0,0,2
6569,0,-0.9924020376385532,-1.504314895069307,-0.9342420234575868,0,0,1,1,1,0,0,0,1,1,0,1,0,1,0,1,0,1,0,1,0,0,1,0,0,0,1,0,0,2
6570,0,-1.1552834925186746,-1.1835880740372453,-0.9572276535173788,0,0,0,0,0,1,0,0,0,0,1,0,0,0,0,0,0,0,0,0,0,0,0,1,0,0,1,0,0,1
6571,0,0.0663274190822359,-0.3244390249513595,-0.1740838546855792,0,0,0,0,1,0,0,0,0,0,1,0,1,0,0,0,0,0,0,0,0,1,0,0,0,0,1,1,0,1
6572,0,1.4508197855632678,0.8654076271675846,1.774929924875708,0,1,1,0,1,0,1,0,0,0,1,0,1,0,1,0,1,0,1,0,1,0,1,1,1,0,0,0,1,0
6573,0,0.5142514200025698,-0.4573827849646494,-0.0067211145093395,0,0,1,1,0,1,0,0,0,0,0,0,1,0,1,0,1,0,0,0,1,1,0,0,0,0,0,1,0,1
6574,1,-0.9516816739185228,0.8421424691652587,-0.6454216257868993,0,0,0,0,1,0,1,1,0,0,0,0,0,0,1,0,0,0,1,0,0,0,0,1,0,1,0,0,0,1
6575,0,-0.4223169455581282,-0.1898334679379036,-0.4527570452281437,0,0,0,0,1,0,1,0,0,0,1,0,0,0,0,0,1,0,0,0,0,0,0,1,0,0,1,1,0,1
6576,0,-1.2367242199587352,-1.477726143066649,-0.9876030974639562,0,0,0,0,1,0,0,0,1,1,0,1,0,1,0,1,0,1,0,1,0,0,0,0,0,0,1,0,0,2
6577,0,1.5322605130033284,0.2721460981082788,1.3172908833973542,0,1,1,0,1,0,1,0,0,0,0,0,1,0,1,0,1,0,1,0,0,0,1,0,0,0,0,0,1,0
6578,0,-0.9109613101984924,0.2920876621102721,-0.6999077162357344,0,0,0,1,1,0,1,0,0,0,1,0,0,0,1,0,1,0,0,0,1,1,0,0,1,0,0,0,0,1
6579,0,1.6137012404433893,0.6493740171459885,1.6400382475094624,0,1,0,0,1,0,1,0,0,0,1,0,0,0,1,0,1,0,1,0,1,0,1,0,1,0,0,0,1,0
6580,0,0.6771328748826912,0.4399875951250571,0.6813918836529936,0,0,1,1,1,0,0,0,0,0,0,0,1,0,1,0,0,0,1,0,1,1,0,0,1,0,0,0,1,0
6581,1,0.880734693482843,0.2438955491054544,0.7086790471692728,0,0,0,0,1,0,1,0,0,0,0,0,1,0,0,0,1,0,1,0,0,1,0,0,0,0,1,0,1,0
6582,0,1.5729808767233588,1.395520870220578,2.207465658284922,0,0,0,0,1,0,1,1,0,0,1,0,1,0,1,0,0,0,1,0,1,0,1,1,1,0,0,0,1,0
6583,0,-0.4223169455581282,-1.5126238800701377,-0.8237698206366288,0,0,0,0,1,0,0,0,1,1,0,1,0,1,0,1,0,1,0,1,0,1,0,1,0,0,1,1,0,2
6584,0,0.7178532386027215,-1.4694171580658184,-0.5336038150641683,0,0,1,1,1,0,0,0,1,1,0,1,0,1,0,1,0,1,0,1,0,0,1,0,1,0,0,0,1,2
6585,0,0.4328106925625091,-1.4876969250676455,-0.6449142654304931,0,0,1,1,1,0,0,0,1,1,0,1,0,1,0,1,0,1,0,1,0,1,0,0,0,0,1,1,0,2
6586,0,0.5142514200025698,-1.3331498040521963,-0.4890222811382186,0,0,1,1,1,0,1,0,1,1,0,1,0,1,0,1,0,1,0,1,0,0,1,1,1,0,0,1,0,2
6587,1,1.2879383306831464,1.28750406520978,1.8833726862710407,0,1,0,0,1,0,1,1,0,0,1,0,1,0,0,0,0,0,1,0,1,0,0,1,0,0,0,0,1,0
6588,0,-0.3815965818380978,-1.3597385560548545,-0.7297537406799748,0,0,1,1,1,0,1,0,1,1,0,1,0,1,0,1,0,1,0,1,0,0,1,0,0,0,1,1,0,2
6589,0,1.4508197855632678,-1.2949284730483754,-0.1624586847800991,0,0,1,0,1,0,1,0,1,1,0,1,0,1,0,1,0,1,0,1,0,0,1,0,1,0,0,0,1,2
6590,0,-1.2774445836787656,0.2023506241013013,-0.9745220239270496,1,0,0,0,1,0,0,1,0,0,0,0,0,0,0,0,0,0,0,0,0,0,0,1,0,1,0,0,0,1
6591,0,-1.2367242199587352,0.1674528870978128,-0.9463524945735426,1,1,0,0,1,0,0,1,0,0,0,0,0,0,0,0,0,0,0,0,0,0,0,1,1,0,0,0,0,1
6592,0,-0.2594354906780068,-0.1765390919365744,-0.3409171753594822,0,1,0,0,1,0,0,0,0,0,0,0,0,0,0,0,1,0,1,0,0,1,0,0,1,0,0,1,0,1
6593,0,0.9214550572028734,-0.3393951979528547,0.3081952527973692,1,1,1,0,0,1,0,0,0,0,0,0,0,0,1,0,1,0,1,0,1,0,0,1,0,0,0,0,1,0
6594,0,-0.748079855318371,-1.4860351280674795,-0.87373378616967,0,1,0,0,1,0,0,0,1,1,0,1,0,1,0,1,0,1,0,1,0,0,0,1,0,1,0,1,0,2
6595,0,1.5729808767233588,0.5912111221401742,1.5674857165433815,0,1,1,0,1,0,0,0,0,0,1,0,0,0,1,0,1,0,1,0,1,0,1,1,0,1,0,0,1,0
6596,0,1.2879383306831464,0.5480044001358552,1.4505281248187971,0,1,0,0,1,0,1,0,0,0,1,0,1,0,1,0,1,0,1,0,0,1,0,0,0,1,0,0,1,0
6597,0,-1.0331224013585834,0.1990270301009692,-0.8068945739996415,1,0,0,0,1,0,0,0,0,0,0,0,0,0,0,0,1,0,1,0,1,0,0,1,1,0,0,0,0,1
6598,0,1.002895784642934,0.3170146171127639,0.832342619256791,0,0,0,0,1,0,0,0,0,0,1,0,1,0,1,0,1,0,1,0,0,0,1,1,1,0,0,0,1,0
6599,0,-0.7888002190384014,0.9750862291785486,-0.4694778778436163,1,0,1,0,1,0,1,1,0,0,0,0,1,0,1,0,0,0,1,0,0,0,0,0,0,1,0,1,0,1
6600,0,-1.1960038562387048,-1.1653083070354178,-0.9653233600739468,1,0,1,1,0,1,0,0,0,0,1,0,0,0,0,0,0,0,0,0,0,0,0,0,1,0,0,0,0,1
6601,1,1.6137012404433893,1.4935668932303794,2.4788813898162854,0,1,1,0,1,0,1,1,0,0,0,0,1,0,1,0,1,0,1,0,1,0,1,0,1,0,0,0,1,0
6602,0,0.3106496014024181,1.0498670941860242,0.7216277658305951,0,0,1,1,1,0,1,1,0,0,0,0,1,0,1,0,0,0,1,0,0,0,0,1,1,0,0,1,0,0
6603,0,-0.748079855318371,0.0610978790871808,-0.5736411649283933,0,1,1,0,1,0,1,0,0,0,0,0,0,0,0,0,1,0,1,0,0,0,0,1,1,0,0,1,0,1
6604,0,-1.2367242199587352,-0.6734163949862454,-0.9660513118896598,0,1,1,1,1,0,0,0,0,0,0,0,0,0,0,0,0,0,0,0,0,0,0,1,0,1,0,0,0,1
6605,1,1.369379058123207,1.5334500212343665,2.273113676574693,1,1,0,0,1,0,1,1,0,0,0,0,1,0,1,0,1,0,1,0,1,1,0,0,1,0,0,0,1,0
6606,0,0.2292088739623573,1.3373579752147635,0.7705990697967546,1,0,1,0,1,0,1,1,0,0,0,0,0,0,1,0,1,0,1,0,1,0,0,1,0,1,0,1,0,0
6607,0,-1.2774445836787656,-1.3115464430500368,-0.9946179058699196,1,1,0,1,0,1,0,0,0,0,0,0,0,0,0,0,0,0,0,0,0,0,0,1,0,1,0,0,0,1
6608,0,-0.4223169455581282,-0.3194536339508612,-0.4794265526583631,1,1,0,0,1,0,0,0,0,0,0,0,1,0,0,0,1,0,0,0,0,1,0,1,1,0,0,1,0,1
6609,0,-1.2774445836787656,-1.4843733310673135,-0.9969120570467128,1,1,0,0,1,0,0,0,1,1,0,1,0,1,0,1,0,1,0,1,0,0,0,1,0,0,1,0,0,2
6610,0,-1.1145631287986442,0.5097830691320341,-0.8299463814972255,0,1,0,0,1,0,0,1,0,0,0,0,0,0,0,0,0,0,1,0,0,0,0,1,0,0,1,0,0,1
6611,0,-0.1372743995179157,0.142525932095321,-0.1417451467511694,0,1,1,1,1,0,1,0,0,0,1,0,0,0,0,0,1,0,1,0,0,1,0,0,0,0,0,1,0,1
6612,0,-1.2774445836787656,0.1707764810981453,-0.974941147699733,1,1,1,1,1,0,0,1,0,0,0,0,0,0,0,0,0,0,0,0,0,0,0,1,0,0,1,0,0,1
6613,0,-1.1960038562387048,-1.4744025490663168,-0.9779191324003778,0,0,0,0,1,0,0,0,1,1,0,1,0,1,0,1,0,1,0,1,0,0,0,0,0,0,1,0,0,2
6614,0,1.5729808767233588,-1.4976677070686424,-0.431756738302115,0,1,1,1,1,0,0,0,1,1,0,1,0,1,0,1,0,1,0,1,0,0,1,0,1,0,0,0,1,2
6615,0,-0.9516816739185228,-0.4872951309676395,-0.7922252419557243,0,1,0,1,1,0,0,0,0,0,0,0,1,0,0,0,0,0,0,0,0,0,0,1,0,1,0,0,0,1
6616,0,0.4328106925625091,1.217708591202803,0.991896421773562,1,1,0,0,1,0,1,1,0,0,0,0,1,0,0,0,0,0,1,0,1,0,0,1,0,1,0,1,0,0
6617,0,0.6364125111626608,0.6211234681431647,0.709473176422778,0,0,0,0,1,0,1,0,0,0,1,0,1,0,1,0,0,0,1,0,1,1,0,1,1,0,0,1,0,0
6618,0,-0.2594354906780068,0.7274784761537967,-0.0313170622220728,0,1,0,0,1,0,1,1,0,0,1,0,1,0,0,0,0,0,0,0,0,0,0,1,1,0,0,1,0,1
6619,0,-0.9516816739185228,-1.4827115340671475,-0.900712121642919,0,0,0,0,1,0,0,0,1,1,0,1,0,1,0,1,0,1,0,1,0,0,0,0,0,0,0,0,0,2
6620,0,-1.2774445836787656,0.53304822713436,-0.9701322538868398,1,1,0,0,1,0,0,1,0,0,0,0,0,0,0,0,0,0,0,0,1,0,0,1,0,1,0,0,0,1
6621,0,0.5549717837226001,-1.5076384890696393,-0.5830604202408033,0,0,1,1,1,0,0,0,1,1,0,1,0,1,0,1,0,1,0,1,0,0,1,0,1,0,0,1,0,2
6622,0,-1.2367242199587352,-0.0901256479279362,-0.9535878944388128,1,1,0,0,1,0,1,0,0,0,0,0,0,0,0,0,0,0,0,0,1,0,0,0,0,0,0,0,0,1
6623,1,-1.2774445836787656,0.3884718881199074,-0.9720513995828112,1,1,0,0,1,0,1,1,0,0,0,0,0,0,0,0,0,0,0,0,0,0,0,1,0,1,0,0,0,1
6624,0,1.2879383306831464,-0.1565975279345811,0.6907670206735422,0,1,1,1,0,1,0,0,0,0,1,0,0,0,1,0,1,0,1,0,1,0,1,1,0,0,0,0,1,0
6625,1,-0.8295205827584317,0.8820255971692458,-0.5229051292877777,1,0,0,0,1,0,1,1,0,0,0,0,1,0,0,0,0,0,1,0,0,0,0,1,0,1,0,0,0,1
6626,1,-1.0738427650786138,1.0299255301840309,-0.752651134156044,1,1,1,0,1,0,0,1,0,0,0,0,0,0,1,0,0,0,1,0,1,0,0,1,0,1,0,0,0,1
6627,0,1.0843365120829946,-1.4760643460664828,-0.4468010758268541,0,0,1,0,1,0,0,0,1,1,0,1,0,1,0,1,0,1,0,1,0,1,0,0,0,0,1,0,1,2
6628,0,-1.0331224013585834,0.9734244321783826,-0.7263125139147852,0,0,0,0,1,0,0,1,0,0,0,0,1,0,0,0,0,0,1,0,1,1,0,1,0,0,1,0,0,1
6629,1,1.6137012404433893,0.642726829145324,1.6985170433717545,0,0,1,0,1,0,1,0,0,0,1,0,1,0,1,0,0,0,1,0,1,0,1,1,1,0,0,0,1,0
6630,1,-0.6666391278783103,0.464914550127549,-0.468308743109289,0,1,0,0,1,0,0,1,0,0,0,0,0,0,0,0,0,0,0,0,1,0,0,1,0,1,0,1,0,1
6631,0,-0.3001558543980371,-0.3061592579495322,-0.385785478182531,0,1,1,0,1,0,1,0,0,0,0,0,0,0,1,0,0,0,0,0,0,0,0,0,1,0,0,1,0,1
6632,0,0.0663274190822359,-0.0701840839259427,-0.0021328121557533,1,0,1,0,1,0,1,0,0,0,1,0,1,0,0,0,1,0,0,0,0,0,0,0,0,1,0,1,0,1
6633,0,-1.2774445836787656,0.3236618051134285,-0.9729117062741084,1,0,0,0,1,0,1,1,0,0,0,0,0,0,0,0,0,0,0,0,0,0,0,1,0,1,0,0,0,1
6634,0,-0.9109613101984924,1.2409737492051285,-0.5342214711502281,1,0,1,1,1,0,1,1,0,0,0,0,1,0,1,0,0,0,1,0,1,0,0,1,1,0,0,0,0,1
6635,0,-0.3408762181180675,-1.4843733310673135,-0.7702322734628139,0,1,1,0,1,0,0,0,1,1,0,1,0,1,0,1,0,1,0,1,0,1,0,0,0,0,1,1,0,2
6636,0,-0.9109613101984924,0.184070857099474,-0.7074740032899653,0,0,1,1,1,0,1,0,0,0,1,0,1,0,0,0,0,0,1,0,0,1,0,0,0,1,0,0,0,1
6637,0,1.4915401492832985,-0.3693075439558449,0.6726564618644356,0,1,1,0,1,0,0,0,0,0,1,0,1,0,0,0,0,0,0,0,0,1,0,1,1,0,0,0,1,0
6638,0,1.002895784642934,-1.462769970065154,-0.5121843843654563,0,1,0,0,1,0,0,0,1,1,0,1,0,1,0,1,0,1,0,1,0,0,1,0,0,0,1,0,1,2
6639,0,0.7178532386027215,1.284180471209448,1.3044304013197543,0,1,1,1,1,0,0,1,0,0,0,0,1,0,1,0,1,0,1,0,1,1,0,1,0,0,0,0,1,0
6640,0,-0.1779947632379461,-0.4640299729653139,-0.3939473621768909,0,1,1,1,0,1,0,0,0,0,1,0,0,0,1,0,1,0,1,0,0,1,0,0,0,0,1,1,0,1
6641,0,-0.6666391278783103,-0.4856333339674735,-0.6694881539972957,1,0,0,0,1,0,0,0,0,0,1,0,0,0,0,0,0,0,0,0,0,0,0,1,0,1,0,1,0,1
6642,0,-0.3001558543980371,0.4732235351283796,-0.1666499225069325,0,1,0,0,1,0,0,0,0,0,1,0,1,0,0,0,1,0,1,0,1,0,0,1,0,0,1,1,0,1
6643,1,-1.1960038562387048,0.3269853991137605,-0.9003150570161664,0,0,1,0,1,0,0,1,0,0,0,0,1,0,0,0,0,0,0,0,0,0,0,1,0,0,0,0,0,1
6644,0,1.1657772395230557,1.0548524851865226,1.4973596916296783,0,1,1,0,1,0,1,1,0,0,0,0,0,0,0,0,0,0,1,0,1,1,0,1,0,0,0,0,1,0
6645,0,-1.2367242199587352,-1.4843733310673135,-0.9882207535500158,0,0,0,0,1,0,0,0,1,1,0,1,0,1,0,1,0,1,0,1,0,0,0,0,0,0,1,0,0,2
6646,0,0.758573602322752,-1.5076384890696393,-0.5655895766636869,0,1,1,1,1,0,0,0,1,1,0,1,0,1,0,1,0,1,0,1,0,1,0,0,0,0,1,0,1,2
6647,0,1.5729808767233588,0.4250314221235619,1.453528168665373,0,0,1,1,1,0,0,0,0,0,1,0,0,0,1,0,0,0,1,0,1,0,1,0,1,0,0,0,1,0
6648,0,-0.5037576729981889,-1.4860351280674795,-0.8266375096076202,0,0,1,1,1,0,0,0,1,1,0,1,0,1,0,1,0,1,0,1,0,0,0,0,0,0,1,1,0,2
6649,0,-1.0738427650786138,-1.4926823160681442,-0.9445215854612944,0,1,1,1,1,0,0,0,1,1,0,1,0,1,0,1,0,1,0,1,0,0,0,0,1,0,0,0,0,2
6650,0,-1.0738427650786138,-1.481049737066981,-0.9512275658242276,0,0,0,0,1,0,0,0,1,1,0,1,0,1,0,1,0,1,0,1,0,0,0,0,0,0,1,0,0,2
6651,0,-0.1372743995179157,0.0893484280900052,-0.2111652789950902,0,0,0,0,1,0,1,0,0,0,1,0,1,0,0,0,1,0,0,0,0,0,0,0,0,0,1,1,0,1
6652,0,0.1477681465222966,-1.5358890380724637,-0.7018048027857748,0,1,0,0,1,0,0,0,1,1,0,1,0,1,0,1,0,1,0,1,0,0,1,1,1,0,0,1,0,2
6653,0,-0.1779947632379461,-1.1636465100352518,-0.656936499962726,0,0,0,0,0,1,0,0,0,0,0,0,0,0,1,0,0,0,0,0,0,0,0,1,0,0,1,1,0,1
6654,0,-1.0331224013585834,0.722493085153298,-0.7487907836181711,1,0,1,0,1,0,1,1,0,0,0,0,0,0,0,0,0,0,1,0,0,0,0,1,0,1,0,0,0,1
6655,0,1.247217966963116,-1.3481059770536914,-0.2918576348095998,0,0,0,0,1,0,1,0,1,1,0,1,0,1,0,1,0,1,0,1,0,0,1,0,0,0,1,0,1,2
6656,0,0.6364125111626608,-1.3697093380558512,-0.4881178561550598,0,1,1,1,1,0,1,0,1,1,0,1,0,1,0,1,0,1,0,1,0,0,1,0,0,0,1,1,0,2
6657,0,0.6771328748826912,-1.4727407520661506,-0.6083181423314576,0,0,1,0,1,0,0,0,1,1,0,1,0,1,0,1,0,1,0,1,0,1,0,0,0,0,0,0,1,2
6658,1,-0.2187151269579764,0.5546515881365197,-0.0695676212659108,1,1,0,0,1,0,1,1,0,0,0,0,1,0,0,0,0,0,0,0,0,0,0,1,0,1,0,1,0,1
6659,0,1.6137012404433893,0.9152615371725684,1.9589252610836967,0,1,1,0,1,0,1,0,0,0,1,0,1,0,1,0,1,0,1,0,1,0,1,0,1,0,0,0,1,0
6660,0,-1.2774445836787656,0.1458495260956535,-0.9752720348886934,1,1,1,0,1,0,0,1,0,0,0,0,0,0,0,0,0,0,0,0,0,0,0,1,0,1,0,0,0,1
6661,0,1.6137012404433893,-0.3693075439558449,0.6636563303247089,0,0,1,1,0,1,0,0,0,0,0,0,1,0,0,0,1,0,1,0,1,0,1,0,1,0,0,0,1,0
6662,0,0.5956921474426305,-0.8346107040023594,-0.2122461771456945,0,0,0,0,0,1,0,0,0,0,1,0,1,0,0,0,1,0,0,0,0,1,0,0,1,0,0,1,0,1
6663,0,-1.2774445836787656,-0.3360716039525224,-0.9816691872085972,0,0,0,0,1,0,0,0,0,0,0,0,0,0,0,0,0,0,1,0,0,0,0,1,0,1,0,0,0,1
6664,0,0.1477681465222966,1.330710787214099,0.7088555203367183,0,0,0,0,1,0,1,1,0,0,0,0,1,0,1,0,0,0,1,0,1,1,0,1,0,0,0,1,0,0
6665,0,0.4328106925625091,-1.1786026830367469,-0.4657498821813275,0,1,1,1,0,1,0,0,0,0,0,0,1,0,0,0,0,0,0,0,0,0,0,0,1,0,0,1,0,1
6666,1,-0.2187151269579764,0.6344178441444933,0.0134409448713224,0,0,1,0,1,0,1,0,0,0,0,0,1,0,1,0,1,0,1,0,1,0,0,0,0,1,0,1,0,1
6667,0,-0.9516816739185228,0.4915033021302069,-0.6866281103854515,1,0,0,0,1,0,0,1,0,0,0,0,0,0,0,0,0,0,0,0,1,0,0,1,0,1,0,0,0,1
6668,0,0.2292088739623573,1.2924894562102784,0.7538782371812821,0,0,0,0,1,0,1,1,0,0,0,0,0,0,1,0,1,0,1,0,1,0,0,1,0,1,0,1,0,0
6669,1,0.1070477828022663,1.1396041321949948,0.5624489687946459,0,0,0,0,1,0,1,1,0,0,1,0,0,0,0,0,0,0,1,0,1,0,0,1,0,1,0,1,0,1
6670,0,-1.318164947398796,0.2854404741096075,-1.005779833710855,0,0,1,1,1,0,1,0,0,0,0,0,1,0,1,0,1,0,1,0,0,0,1,0,0,0,1,0,0,1
6671,0,1.0843365120829946,1.1728400721983174,1.6566929026871429,0,0,1,0,1,0,0,1,0,0,0,0,1,0,0,0,1,0,1,0,1,0,1,1,0,0,1,0,1,0
6672,0,-0.2187151269579764,-1.4760643460664828,-0.7712469941756263,0,1,0,0,1,0,0,0,1,1,0,1,0,1,0,1,0,1,0,1,0,0,1,0,1,0,0,1,0,2
6673,1,-1.2367242199587352,-0.6916961619880726,-0.9682351673367996,0,0,0,0,1,0,0,0,0,0,0,0,0,0,0,0,0,0,0,0,0,0,0,0,0,1,0,0,0,1
6674,0,-1.0331224013585834,-1.3713711350560172,-0.9294551887906244,0,1,0,0,1,0,1,0,1,1,0,1,0,1,0,1,0,1,0,1,0,0,0,0,0,0,1,0,0,2
6675,0,0.1477681465222966,0.1973652331008032,0.1024495987017069,0,0,0,0,1,0,1,0,0,0,0,0,1,0,0,0,1,0,0,0,1,1,0,1,0,0,1,1,0,1
6676,0,0.3513699651224484,0.9817334171792133,0.7120099782048087,0,0,1,1,1,0,1,1,0,0,1,0,1,0,0,0,0,0,1,0,0,0,0,1,0,0,0,1,0,0
6677,0,-0.7888002190384014,-1.1835880740372453,-0.8482113543278471,0,0,0,0,0,1,0,0,0,0,0,0,1,0,0,0,0,0,0,0,0,0,0,0,0,1,0,1,0,1
6678,0,-0.5444780367182193,-1.4594463760648215,-0.7995268192587868,0,1,0,1,1,0,0,0,1,1,0,1,0,1,0,1,0,1,0,1,0,0,1,0,1,0,0,1,0,2
6679,0,1.125056875803025,-0.8994207870088381,0.0039555121211203,0,0,1,0,0,1,0,0,0,0,1,0,1,0,0,0,1,0,0,0,0,0,1,0,0,0,0,0,1,0
6680,0,0.6364125111626608,1.0216165451832002,1.035948536197175,1,0,0,1,1,0,0,1,0,0,0,0,1,0,1,0,1,0,1,0,0,0,1,1,0,0,1,1,0,0
6681,1,-1.1960038562387048,0.8737166121684152,-0.8782338519395333,1,1,0,0,1,0,1,1,0,0,0,0,0,0,1,0,0,0,1,0,0,0,0,0,0,1,0,0,0,1
6682,0,1.4915401492832985,0.9202469281730667,1.844504471141144,0,1,1,0,1,0,1,1,0,0,0,0,1,0,0,0,1,0,1,0,0,0,1,1,0,0,1,0,1,0
6683,0,0.4328106925625091,-0.6850489739874083,-0.1537232629915409,0,1,0,0,0,1,0,0,0,0,0,0,0,0,1,0,1,0,0,0,1,1,0,0,0,1,0,1,0,1
6684,0,-0.8702409464784621,-0.9542600880143204,-0.8281595906768386,0,0,0,1,0,1,0,0,0,0,1,0,0,0,0,0,1,0,0,0,0,1,0,1,0,0,1,0,0,1
6685,0,0.5142514200025698,-0.4823097399671412,-0.0256699208638129,0,0,1,0,1,0,0,0,0,0,0,0,0,0,1,0,0,0,0,0,0,0,0,1,1,0,0,1,0,1
6686,0,1.6137012404433893,1.4952286902305454,2.4173143135236947,0,1,1,0,1,0,1,1,0,0,0,0,1,0,1,0,1,0,1,0,1,0,1,1,1,0,0,0,1,0
6687,1,-1.2367242199587352,0.4798707231290441,-0.9295213662284164,1,0,1,0,1,0,1,1,0,0,0,0,0,0,1,0,0,0,0,0,0,0,0,0,0,1,0,0,0,1
6688,0,-0.8295205827584317,-1.477726143066649,-0.9067342684820008,0,0,1,1,1,0,0,0,1,1,0,1,0,1,0,1,0,1,0,1,0,0,1,0,0,0,0,0,0,2
6689,0,1.4100994218432374,1.5816421342391835,2.25387810132312,0,0,1,1,1,0,1,1,0,0,0,0,1,0,1,0,1,0,1,0,1,1,0,1,1,0,0,0,1,0
6690,0,0.188488510242327,0.9817334171792133,0.52113218846644,0,1,1,0,1,0,1,1,0,0,0,0,0,0,1,0,1,0,1,0,0,0,1,0,0,0,1,1,0,0
6691,0,0.2699292376823877,-0.7847567939973756,-0.2553718074402179,0,0,0,0,0,1,0,0,0,0,1,0,1,0,0,0,1,0,0,0,0,1,0,0,0,0,0,1,0,1
6692,0,0.3513699651224484,0.328647196113927,0.3577621537036576,0,0,0,0,1,0,1,0,0,0,1,0,0,0,1,0,1,0,0,0,1,0,0,1,0,0,0,1,0,1
6693,0,-0.3001558543980371,-0.5487816199737862,-0.4349773736079976,0,0,0,0,0,1,0,0,0,0,0,0,0,0,1,0,0,0,1,0,1,0,0,1,0,1,0,1,0,1
6694,0,-0.9924020376385532,0.3785011061189107,-0.7208639048699018,0,1,1,1,1,0,1,0,0,0,1,0,1,0,0,0,1,0,0,0,1,0,1,1,1,0,0,0,0,1
6695,0,1.5729808767233588,0.2106596091021319,1.2993788569016238,0,0,1,1,1,0,1,0,0,0,1,0,1,0,1,0,1,0,0,0,0,0,1,0,0,0,1,0,1,0
6696,0,-1.1145631287986442,1.0565142821866886,-0.7851442561119688,0,1,0,0,1,0,1,1,0,0,0,0,1,0,1,0,0,0,0,0,1,0,0,0,0,1,0,0,0,1
6697,0,-0.0965540357978854,0.4831943171293762,0.0650152280573048,0,0,0,0,1,0,1,0,0,0,1,0,0,0,1,0,0,0,1,0,1,1,0,1,1,0,0,1,0,1
6698,0,0.3106496014024181,0.8255244991635975,0.5331323638527423,0,1,0,0,1,0,0,1,0,0,0,0,1,0,0,0,1,0,0,0,1,1,0,1,1,0,0,1,0,1
6699,0,0.880734693482843,-1.4710789550659844,-0.5488466849022837,0,0,0,0,1,0,0,0,1,1,0,1,0,1,0,1,0,1,0,1,0,0,1,1,0,0,1,0,1,2
6700,0,1.6137012404433893,1.3805646972190828,2.3319233596259457,0,1,1,0,1,0,1,1,0,0,0,0,1,0,1,0,0,0,1,0,1,0,1,1,0,0,0,0,1,0
6701,0,-0.1779947632379461,1.182810854199314,0.22909115548987,0,1,1,1,1,0,0,1,0,0,0,0,1,0,1,0,0,0,1,0,1,1,0,0,0,0,0,1,0,1
6702,0,-0.5851984004382496,0.6925807391503077,-0.2992253895504544,0,1,1,1,1,0,0,1,0,0,0,0,0,0,0,0,1,0,0,0,1,0,0,1,0,1,0,1,0,1
6703,0,-1.2367242199587352,-0.6484894399837535,-0.9680586941693538,1,0,0,0,0,1,0,0,0,0,0,0,0,0,0,0,0,0,1,0,1,0,0,1,0,1,0,0,0,1
6704,0,1.0843365120829946,1.3755793062185846,1.7543487417223624,0,0,1,1,1,0,1,1,0,0,0,0,1,0,1,0,0,0,1,0,1,1,0,1,0,1,0,0,1,0
6705,0,-0.4223169455581282,-0.454059190964317,-0.4618454133515931,0,1,1,1,1,0,0,0,0,0,0,0,0,0,0,0,1,0,0,0,0,0,0,1,0,1,0,1,0,1
6706,0,-1.2774445836787656,-1.491020519067978,-0.9970002936304354,0,0,0,0,1,0,0,0,1,1,0,1,0,1,0,1,0,1,0,1,0,0,0,0,0,0,1,0,0,2
6707,1,1.6137012404433893,-1.2982520670487077,-0.1510320471879951,0,0,1,0,1,0,1,0,1,1,0,1,0,1,0,1,0,1,0,1,0,0,1,1,1,0,0,0,1,2
6708,1,-0.748079855318371,0.3170146171127639,-0.522133059180203,1,0,0,0,1,0,1,1,0,0,0,0,0,0,0,0,0,0,0,0,0,0,0,1,0,1,0,1,0,1
6709,0,0.7178532386027215,1.151236711196158,1.2264954387465827,0,1,1,0,1,0,1,1,0,0,0,0,0,0,0,0,1,0,1,0,1,1,0,0,0,1,0,0,1,0
6710,0,0.6364125111626608,0.1641292930974807,0.3282028981565163,0,0,1,1,1,0,0,0,0,0,1,0,0,0,1,0,1,0,1,0,0,1,0,0,0,0,0,1,0,0
6711,0,0.6771328748826912,1.116338974192669,1.1512516919769564,0,0,1,1,1,0,1,1,0,0,0,0,1,0,0,0,0,0,1,0,1,0,0,1,0,1,0,0,1,0
6712,0,-0.1779947632379461,0.6875953481498096,0.0044849316234573,0,1,1,1,1,0,0,1,0,0,0,0,0,0,1,0,0,0,1,0,0,0,0,0,0,1,0,1,0,1
6713,1,1.4508197855632678,1.034910921184529,1.863320922620033,0,1,0,0,1,0,1,1,0,0,0,0,1,0,1,0,0,0,0,0,1,0,0,1,0,1,0,0,1,0
6714,0,-0.7888002190384014,1.1961052302006432,-0.4263963658409543,0,1,0,0,1,0,1,1,0,0,0,0,0,0,0,0,1,0,1,0,1,0,0,0,0,1,0,1,0,1
6715,0,-0.8702409464784621,0.8122301231622688,-0.5688763894073616,0,0,0,0,1,0,1,1,0,0,0,0,0,0,1,0,0,0,1,0,0,0,0,1,0,1,0,0,0,1
6716,0,-1.1960038562387048,0.3103674291120993,-0.9051901282668516,1,0,1,0,1,0,1,1,0,0,0,0,0,0,0,0,0,0,0,0,0,0,0,1,1,0,0,0,0,1
6717,1,1.002895784642934,1.1911198392001443,1.5293233940832662,1,1,1,0,1,0,1,1,0,0,0,0,0,0,1,0,0,0,1,0,1,0,0,0,0,1,0,0,1,0
6718,0,-1.1960038562387048,0.3402797751150897,-0.9135284854286572,1,1,0,0,1,0,1,1,0,0,0,0,0,0,0,0,0,0,0,0,0,0,0,0,0,0,1,0,0,1
6719,0,1.6137012404433893,-1.2965902700485417,-0.1833266368305436,0,1,1,0,1,0,1,0,1,1,0,1,0,1,0,1,0,1,0,1,0,0,1,0,1,0,0,0,1,2
6720,0,1.5322605130033284,0.642726829145324,1.6323616647255776,0,1,1,1,1,0,1,0,0,0,0,0,1,0,1,0,1,0,1,0,1,0,1,1,0,1,0,0,1,0
6721,0,0.6771328748826912,0.4831943171293762,0.715914447034543,0,0,1,1,1,0,1,0,0,0,0,0,1,0,0,0,1,0,1,0,1,0,1,0,0,0,0,0,1,0
6722,1,1.4100994218432374,1.4054916522215746,2.145369162489995,0,0,1,0,1,0,1,1,0,0,1,0,0,0,1,0,0,0,1,0,1,1,0,1,1,0,0,0,1,0
6723,0,0.5549717837226001,-1.4860351280674795,-0.6078328411209822,0,1,0,0,1,0,0,0,1,1,0,1,0,1,0,1,0,1,0,1,0,0,1,0,0,0,0,1,0,2
6724,1,1.2879383306831464,0.180747263099142,0.9711608245987016,1,0,0,0,1,0,0,0,0,0,1,0,1,0,0,0,1,0,1,0,0,0,1,1,1,0,0,0,1,0
6725,0,0.188488510242327,-1.504314895069307,-0.6505393476428222,0,0,1,0,1,0,0,0,1,1,0,1,0,1,0,1,0,1,0,1,0,0,0,0,0,0,0,1,0,2
6726,1,-1.2367242199587352,0.1990270301009692,-0.9374626587634696,1,0,0,0,1,0,0,1,0,0,0,0,0,0,0,0,0,0,0,0,0,0,0,0,0,1,0,0,0,1
6727,1,-0.7888002190384014,-0.6468276429835875,-0.7726367203692605,0,0,1,0,0,1,0,0,0,0,0,0,0,0,0,0,0,0,1,0,1,0,0,0,0,1,0,1,0,1
6728,0,1.6137012404433893,1.6747027662484868,2.677965181840876,0,0,1,0,1,0,1,1,0,0,1,0,1,0,1,0,1,0,1,0,1,0,1,0,0,1,0,0,1,0
6729,0,1.4508197855632678,0.2721460981082788,1.1795094579141865,0,1,1,1,1,0,0,0,0,0,0,0,0,0,1,0,1,0,1,0,1,0,1,1,0,0,0,0,1,0
6730,0,-0.7073594915983407,-1.4993295040688086,-0.8590203358338914,0,1,1,1,1,0,0,0,1,1,0,1,0,1,0,1,0,1,0,1,0,1,0,0,0,0,1,1,0,2
6731,0,-0.3408762181180675,-1.502653098069141,-0.7983356253785289,0,0,0,0,1,0,0,0,1,1,0,1,0,1,0,1,0,1,0,1,0,0,1,1,0,0,0,1,0,2
6732,0,-0.3408762181180675,0.8238627021634315,-0.0089932065402019,0,0,0,0,1,0,1,1,0,0,0,0,0,0,0,0,1,0,0,0,1,0,0,1,0,1,0,1,0,1
6733,0,-0.2187151269579764,-0.4789861459668089,-0.383116321524916,0,1,0,0,1,0,0,0,0,0,1,0,0,0,0,0,0,0,0,0,0,0,0,0,0,0,1,1,0,1
6734,0,-0.8295205827584317,-0.4823097399671412,-0.7438274757837631,1,1,0,0,1,0,0,0,0,0,0,0,0,0,0,0,1,0,0,0,0,0,0,0,0,0,0,0,0,1
6735,0,1.5729808767233588,0.7474200401557899,1.786334503321881,0,0,1,1,1,0,0,0,0,0,1,0,1,0,1,0,1,0,1,0,1,0,1,0,1,0,0,0,1,0
6736,0,1.4100994218432374,-1.461108173064988,-0.3828736709196783,0,1,1,1,1,0,0,0,1,1,0,1,0,1,0,1,0,1,0,1,0,0,1,1,0,0,1,0,1,2
6737,0,1.247217966963116,1.478610720228884,2.012528985695304,0,0,1,0,1,0,1,1,0,0,0,0,1,0,1,0,1,0,1,0,1,0,1,1,0,0,0,0,1,0
6738,0,-1.2774445836787656,-1.4760643460664828,-0.9968017613170592,0,1,0,0,1,0,0,0,1,1,0,1,0,1,0,1,0,1,0,1,0,0,0,0,0,0,1,0,0,2
6739,0,-1.1552834925186746,-0.2945266789483693,-0.9005577076214042,0,1,0,0,1,0,0,0,0,0,0,0,0,0,0,0,0,0,0,0,1,0,0,1,0,1,0,0,0,1
6740,1,0.3106496014024181,0.4798707231290441,0.4209395476491894,1,0,0,0,1,0,0,1,0,0,1,0,1,0,0,0,0,0,0,0,0,0,0,1,1,0,0,1,0,1
6741,0,-0.8295205827584317,1.0382345151848615,-0.5371994558508729,1,0,0,0,1,0,0,1,0,0,0,0,0,0,1,0,0,0,1,0,1,0,0,1,0,1,0,0,0,1
6742,0,0.7992939660427822,0.4798707231290441,0.7661431223187527,0,1,1,1,1,0,0,0,0,0,1,0,1,0,1,0,0,0,1,0,1,0,1,0,0,1,0,0,1,0
6743,0,-0.9109613101984924,-1.3547531650543558,-0.905829843498842,0,1,0,0,1,0,1,0,1,1,0,1,0,1,0,1,0,1,0,1,0,0,0,1,0,1,0,0,0,2
6744,0,1.4508197855632678,1.2160467942026365,2.1313616048239985,0,1,0,0,1,0,1,1,0,0,1,0,1,0,1,0,0,0,1,0,0,1,0,0,0,0,0,0,1,0
6745,0,0.880734693482843,1.1745018691984834,1.3946523081763276,1,0,0,0,1,0,1,1,0,0,0,0,0,0,0,0,1,0,1,0,1,0,0,1,0,1,0,0,1,0
6746,0,-1.1552834925186746,-0.2745851149463758,-0.902057729544692,1,0,1,1,1,0,0,0,0,0,0,0,1,0,0,0,1,0,0,0,0,0,0,0,0,0,1,0,0,1
6747,0,0.7992939660427822,-0.9742016520163136,-0.1415245552918624,0,0,1,0,0,1,0,0,0,0,1,0,0,0,1,0,0,0,0,0,0,1,0,0,0,0,1,0,1,1
6748,1,-1.2774445836787656,0.6726391751483144,-0.9682792856286608,1,0,0,0,1,0,0,1,0,0,0,0,0,0,1,0,0,0,0,0,1,0,0,1,0,1,0,0,0,1
6749,0,1.5322605130033284,0.4865179111297087,1.433476405014364,0,1,1,0,1,0,1,0,0,0,1,0,1,0,1,0,1,0,1,0,0,1,0,0,0,0,0,0,1,0
6750,0,0.4328106925625091,-0.9825106370171444,-0.3600203957354705,0,1,0,0,0,1,0,0,0,0,1,0,0,0,1,0,0,0,0,0,0,1,0,1,1,0,0,1,0,1
6751,0,0.7992939660427822,-1.4993295040688086,-0.5535452829855234,0,1,0,0,1,0,0,0,1,1,0,1,0,1,0,1,0,1,0,1,0,0,1,0,0,0,1,0,1,2
6752,0,-0.8295205827584317,-0.4956041159684701,-0.7622027443440382,0,0,0,0,0,1,0,0,0,0,1,0,0,0,1,0,1,0,0,0,1,0,1,0,0,0,1,0,0,1
6753,0,0.9621754209229036,0.1325551500943243,0.6775094739691901,0,0,1,1,1,0,1,0,0,0,1,0,1,0,0,0,0,0,0,0,1,1,0,0,0,0,0,0,1,0
6754,0,-1.318164947398796,-0.0951110389284345,-1.005779833710855,0,1,0,1,1,0,1,0,0,0,1,0,1,0,0,0,1,0,0,0,0,0,1,1,0,0,0,0,0,1
6755,0,0.3920903288424788,0.50313588113137,0.4560356488249372,0,1,0,0,1,0,1,1,0,0,0,0,0,0,1,0,0,0,0,0,0,0,0,0,0,1,0,1,0,1
6756,1,-0.4223169455581282,0.830509890164096,-0.1503702728100741,0,1,1,0,1,0,0,1,0,0,0,0,0,0,0,0,0,0,1,0,1,0,0,1,0,0,0,1,0,1
6757,0,0.758573602322752,-0.181524482937073,0.3242322518889898,1,1,1,1,0,1,0,0,0,0,1,0,1,0,1,0,0,0,1,0,1,1,0,0,0,1,0,0,1,0
6758,0,-0.2187151269579764,-1.5076384890696393,-0.8027253954187387,0,1,0,0,1,0,0,0,1,1,0,1,0,1,0,1,0,1,0,1,0,0,0,1,1,0,0,1,0,2
6759,1,0.758573602322752,0.9601300561770538,1.1291704869003232,0,1,1,0,1,0,1,1,0,0,1,0,0,0,1,0,0,0,0,0,1,1,0,1,0,0,0,0,1,0
6760,0,-1.1552834925186746,-0.5105602889699654,-0.9244257035184242,1,1,0,1,1,0,0,0,0,0,1,0,0,0,0,0,0,0,0,0,0,0,0,1,0,1,0,0,0,1
6761,0,-1.2774445836787656,-1.491020519067978,-0.9970002936304354,0,1,0,0,1,0,0,0,1,1,0,1,0,1,0,1,0,1,0,1,0,0,0,1,0,0,1,0,0,2
6762,0,0.1070477828022663,-0.3244390249513595,-0.1187595166913774,1,1,0,0,1,0,0,0,0,0,0,0,0,0,0,0,0,0,1,0,0,0,0,0,0,0,1,1,0,1
6763,1,1.5729808767233588,0.2704843011081128,1.2617459539438451,0,1,1,1,1,0,1,0,0,0,0,0,1,0,1,0,1,0,0,0,1,1,0,1,0,0,0,0,1,0
6764,0,-1.2774445836787656,0.1475113230958195,-0.9752499757427628,1,0,0,0,1,0,0,1,0,0,0,0,0,0,0,0,0,0,0,0,0,0,0,1,0,1,0,0,0,1
6765,0,1.4915401492832985,-1.30157566104904,-0.2675043377021042,0,0,1,1,1,0,1,0,1,1,0,1,0,1,0,1,0,1,0,1,0,0,1,1,0,0,0,0,1,2
6766,0,-0.748079855318371,-1.4960059100684764,-0.8692998978375988,0,1,1,1,1,0,0,0,1,1,0,1,0,1,0,1,0,1,0,1,0,1,0,0,0,0,1,1,0,2
6767,0,1.002895784642934,-0.3011738669490337,0.3934759109654648,0,1,1,0,1,0,0,0,0,0,1,0,0,0,0,0,1,0,0,0,0,0,0,0,0,1,0,0,1,0
6768,0,1.6137012404433893,1.7528072252562945,2.819320188964817,0,0,1,1,1,0,1,1,0,0,1,0,1,0,1,0,1,0,1,0,1,0,1,0,1,0,0,0,1,0
6769,0,0.6364125111626608,-1.4926823160681442,-0.6016562802603855,0,1,0,0,1,0,0,0,1,1,0,1,0,1,0,1,0,1,0,1,0,0,1,0,1,0,0,1,0,2
6770,0,-1.1552834925186746,0.4698999411280475,-0.8735352538562936,0,0,1,1,1,0,0,1,0,0,0,0,0,0,0,0,0,0,1,0,0,0,0,1,0,0,1,0,0,1
6771,0,-0.055833672077855,-1.4660935640654862,-0.6960473656978615,0,1,1,1,1,0,0,0,1,1,0,1,0,1,0,1,0,1,0,1,0,0,0,1,0,1,0,1,0,2
6772,0,0.2292088739623573,-0.0818166629271056,0.0331177030415092,1,1,0,0,1,0,0,0,0,0,0,0,0,0,1,0,1,0,0,0,1,1,0,1,0,0,1,1,0,1
6773,1,0.188488510242327,0.9219087251732327,0.5266249158031852,1,1,1,0,1,0,1,1,0,0,0,0,0,0,0,0,0,0,1,0,1,0,0,1,0,1,0,1,0,1
6774,0,-1.2774445836787656,-1.4993295040688086,-0.9971105893600888,0,0,0,0,1,0,0,0,1,1,0,1,0,1,0,1,0,1,0,1,0,0,0,0,0,0,1,0,0,2
6775,1,1.002895784642934,0.4981504901308714,0.95227819568202,0,1,0,0,1,0,1,0,0,0,0,0,1,0,1,0,0,0,1,0,1,0,1,1,0,0,0,0,1,0
6776,1,1.2064976032430856,0.5047976781315361,1.1206115382792108,0,0,1,0,1,0,0,0,0,0,1,0,0,0,1,0,1,0,1,0,1,0,1,1,1,0,0,0,1,0
6777,0,-1.1960038562387048,-1.158661119034753,-0.9650807094687088,0,1,1,0,0,1,0,0,0,0,0,0,0,0,0,0,1,0,0,0,0,0,0,1,0,1,0,0,0,1
6778,0,1.6137012404433893,-1.4960059100684764,-0.3144462002426392,0,0,0,1,1,0,0,0,1,1,0,1,0,1,0,1,0,1,0,1,0,0,1,1,0,0,1,0,1,2
6779,0,-0.1372743995179157,-0.6567984249845842,-0.457632116478829,0,1,0,1,0,1,0,0,0,0,1,0,1,0,1,0,1,0,0,0,0,0,0,1,0,0,1,1,0,1
6780,0,-0.7888002190384014,-0.6634456129852487,-0.7590703456218785,0,1,1,1,1,0,0,0,0,0,0,0,0,0,0,0,0,0,0,0,0,0,0,0,0,0,0,1,0,1
6781,0,-1.1960038562387048,0.1624674960973147,-0.9086754733239027,1,1,0,1,1,0,0,1,0,0,0,0,0,0,0,0,0,0,0,0,0,0,0,0,0,1,0,0,0,1
6782,0,-0.8702409464784621,-0.454059190964317,-0.7714455264890026,0,0,0,0,1,0,0,0,0,0,0,0,1,0,0,0,0,0,0,0,0,0,0,0,0,1,0,0,0,1
6783,0,-0.4630373092781585,-0.3859255139575061,-0.4837722044067114,0,0,0,1,0,1,0,0,0,0,1,0,1,0,1,0,1,0,1,0,0,0,1,0,0,0,1,1,0,1
6784,0,-0.5444780367182193,-1.33148800705203,-0.8002547710745,0,0,0,0,1,0,1,0,1,1,0,1,0,1,0,1,0,1,0,1,0,0,0,0,0,0,0,1,0,2
6785,0,1.1657772395230557,1.5567151792366918,2.027815973825281,1,1,0,0,1,0,1,1,0,0,1,0,0,0,1,0,1,0,1,0,1,0,1,1,1,0,0,0,1,0
6786,0,-0.8702409464784621,-0.5388108379727895,-0.7847471914852161,1,0,0,0,1,0,0,0,0,0,1,0,0,0,0,0,0,0,0,0,0,0,0,0,1,0,0,0,0,1
6787,0,0.1070477828022663,1.5018758782312098,0.6629504376549264,0,1,1,1,1,0,1,1,0,0,0,0,1,0,1,0,1,0,1,0,1,0,0,1,0,1,0,1,0,0
6788,0,-0.3001558543980371,-1.461108173064988,-0.8027474545646693,0,1,0,1,1,0,0,0,1,1,0,1,0,1,0,1,0,1,0,1,0,0,0,0,0,0,1,1,0,2
6789,0,-1.2774445836787656,-1.481049737066981,-0.9968679387548512,1,0,0,0,1,0,0,0,1,1,0,1,0,1,0,1,0,1,0,1,0,0,0,1,0,0,1,0,0,2
6790,0,1.4100994218432374,-1.30157566104904,-0.2159079953701912,0,0,0,0,1,0,1,0,1,1,0,1,0,1,0,1,0,1,0,1,0,0,1,1,0,0,0,0,1,2
6791,0,-0.5444780367182193,-0.8346107040023594,-0.6822383403452418,1,1,0,0,0,1,0,0,0,0,0,0,0,0,1,0,0,0,1,0,0,0,0,1,0,1,0,1,0,1
6792,0,0.9621754209229036,-1.3248408190513656,-0.4172418202797127,1,1,0,0,1,0,1,0,1,1,0,1,0,1,0,1,0,1,0,1,0,1,0,0,0,1,0,0,1,2
6793,0,1.6137012404433893,1.4503601712260603,2.4209981908941223,0,1,1,1,1,0,1,1,0,0,1,0,1,0,1,0,0,0,1,0,1,0,1,1,1,0,0,0,1,0
6794,0,0.4328106925625091,-1.502653098069141,-0.6192374195671554,0,1,0,0,1,0,0,0,1,1,0,1,0,1,0,1,0,1,0,1,0,0,1,0,0,0,1,1,0,2
6795,0,0.9214550572028734,0.6759627691486464,1.0240807156864566,0,0,1,1,1,0,1,1,0,0,1,0,1,0,0,0,0,0,0,0,0,0,0,1,0,1,0,0,1,0
6796,0,-1.2367242199587352,-0.2679379269457112,-0.9556835133022296,1,1,1,1,1,0,1,0,0,0,1,0,0,0,0,0,0,0,0,0,0,0,0,0,0,0,1,0,0,1
6797,0,-0.2187151269579764,0.142525932095321,-0.2146285649062104,0,1,0,0,1,0,0,1,0,0,0,0,0,0,0,0,0,0,0,0,0,0,0,1,0,0,1,1,0,1
6798,0,-0.7888002190384014,0.179085466098976,-0.6145829397757772,0,0,0,0,1,0,0,1,0,0,0,0,0,0,0,0,0,0,0,0,0,0,0,1,0,0,1,1,0,1
6799,0,1.5322605130033284,1.541759006235197,2.407895058211285,0,0,0,0,1,0,1,1,0,0,1,0,1,0,1,0,0,0,1,0,1,0,1,1,0,0,1,0,1,0
6800,0,-0.748079855318371,1.3689321182179202,-0.4106681947923634,1,0,1,0,1,0,0,1,0,0,1,0,1,0,0,0,1,0,1,0,1,1,0,0,0,0,1,1,0,1
6801,0,-0.5444780367182193,0.8172155141627669,-0.2615704274467453,0,0,1,1,1,0,1,1,0,0,0,0,0,0,0,0,1,0,0,0,1,1,0,1,0,0,0,1,0,1
6802,0,-0.5037576729981889,0.8089065291619363,-0.1766868339054021,0,0,0,0,1,0,1,1,0,0,1,0,0,0,0,0,0,0,1,0,0,0,0,1,0,0,0,1,0,1
6803,0,0.4328106925625091,0.8803638001690798,0.7650401650222176,0,1,1,1,1,0,1,1,0,0,1,0,0,0,1,0,1,0,0,0,0,1,0,1,1,0,0,1,0,0
6804,0,-1.1145631287986442,0.8504514541660894,-0.8140858555730505,0,1,1,1,1,0,0,1,0,0,1,0,0,0,1,0,0,0,0,0,1,0,0,1,0,0,1,0,0,1
6805,1,1.5322605130033284,1.3556377422165908,2.1686856797387475,0,0,1,0,1,0,1,1,0,0,0,0,1,0,0,0,1,0,1,0,1,1,0,1,0,0,0,0,1,0
6806,0,0.3106496014024181,-1.517609271070636,-0.6616130389000349,0,0,1,0,1,0,0,0,1,1,0,1,0,1,0,1,0,1,0,1,0,0,1,0,0,0,1,1,0,2
6807,0,-1.0738427650786138,-1.4744025490663168,-0.9583085516679832,0,1,1,1,1,0,0,0,1,1,0,1,0,1,0,1,0,1,0,1,0,0,1,1,1,0,0,0,0,2
6808,0,0.2699292376823877,1.1861344481996463,0.6714652679841775,0,1,0,0,1,0,0,1,0,0,1,0,0,0,1,0,0,0,1,0,1,0,1,1,0,1,0,1,0,0
6809,1,-1.1552834925186746,0.3386179781149237,-0.8695866667346979,1,1,1,0,1,0,1,1,0,0,0,0,0,0,0,0,0,0,0,0,0,0,0,0,0,1,0,0,0,1
6810,0,-0.7073594915983407,-1.1653083070354178,-0.8124314196282477,1,1,0,0,0,1,0,0,0,0,0,0,0,0,0,0,1,0,0,0,0,0,0,1,0,1,0,1,0,1
6811,0,-1.2774445836787656,-0.4789861459668089,-0.9835662737586376,1,1,1,0,0,1,0,0,0,0,0,0,0,0,1,0,0,0,1,0,1,0,0,1,0,1,0,0,0,1
6812,1,0.5142514200025698,0.6959043331506402,0.661053351104886,0,0,0,0,1,0,0,1,0,0,1,0,1,0,0,0,1,0,0,0,0,0,0,1,0,0,0,1,0,0
6813,0,1.2879383306831464,-0.562075995975115,0.3828434026268663,1,0,1,0,0,1,0,0,0,0,1,0,0,0,1,0,1,0,0,0,1,0,1,0,0,1,0,0,1,0
6814,1,1.002895784642934,0.9717626351782166,1.3937920014850302,0,0,1,0,1,0,1,1,0,0,0,0,1,0,1,0,0,0,0,0,1,0,0,0,1,0,0,0,1,0
6815,0,1.6137012404433893,0.1691146840979788,1.2452898310795415,0,1,1,1,1,0,1,0,0,0,1,0,1,0,1,0,1,0,0,0,0,0,1,0,0,0,0,0,1,0
6816,0,-1.2774445836787656,0.184070857099474,-0.9747646745322872,1,1,0,0,1,0,0,1,0,0,0,0,0,0,0,0,0,0,0,0,0,0,0,1,0,1,0,0,0,1
6817,0,1.6137012404433893,-1.2932666760482092,-0.1797971734816312,0,1,1,0,1,0,1,0,1,1,0,1,0,1,0,1,0,1,0,1,0,0,1,0,1,0,0,0,1,2
6818,0,-1.1960038562387048,0.2106596091021319,-0.9116534580245476,0,0,0,0,1,0,0,0,0,0,1,0,1,0,0,0,1,0,0,0,1,0,1,0,0,0,1,0,0,1
6819,1,0.9214550572028734,1.1312951471941644,1.4726755073332225,1,1,0,0,1,0,1,1,0,0,1,0,0,0,0,0,0,0,1,0,1,0,0,1,0,1,0,0,1,0
6820,0,1.0843365120829946,0.9501592741760568,1.3706519574037237,0,0,1,0,1,0,1,1,0,0,0,0,0,0,1,0,1,0,1,0,0,0,0,0,0,1,0,0,1,0
6821,0,-0.5851984004382496,1.1661928841976528,-0.2218198464796194,1,0,0,0,1,0,1,1,0,0,0,0,0,0,0,0,1,0,1,0,1,0,0,1,0,0,0,1,0,1
6822,1,-0.0151133083578247,0.5164302571326987,0.089699412353761,1,1,1,0,1,0,0,1,0,0,0,0,0,0,0,0,0,0,0,0,1,0,0,1,1,0,0,1,0,1
6823,0,-1.1552834925186746,-0.4723389579661445,-0.9018150789394542,0,0,0,0,1,0,0,0,0,0,1,0,0,0,0,0,0,0,0,0,0,0,0,1,0,0,0,0,0,1
6824,1,1.369379058123207,0.5214156481331973,1.2991141471504557,1,0,0,0,1,0,1,1,0,0,0,0,1,0,0,0,0,0,0,0,0,0,0,1,1,0,0,0,1,0
6825,0,-0.2187151269579764,0.5496661971360212,-0.0030592962848428,0,1,0,0,1,0,1,1,0,0,0,0,0,0,1,0,0,0,0,0,0,0,0,1,0,1,0,1,0,1
6826,0,-1.1552834925186746,-1.46443176706532,-0.9688307642769284,0,1,0,0,1,0,0,0,1,1,0,1,0,1,0,1,0,1,0,1,0,0,0,1,1,0,0,0,0,2
6827,0,1.125056875803025,0.4748853321285456,1.051632588953904,0,1,1,1,1,0,0,0,0,0,1,0,1,0,0,0,1,0,1,0,1,0,0,1,1,0,0,0,1,0
6828,0,-0.9924020376385532,-1.519271068070802,-0.9167932390264012,0,0,1,1,1,0,0,0,1,1,0,1,0,1,0,1,0,1,0,1,0,0,1,0,0,0,1,0,0,2
6829,0,-0.9924020376385532,-1.5009913010689746,-0.9506319688840988,0,1,1,1,1,0,0,0,1,1,0,1,0,1,0,1,0,1,0,1,0,0,1,0,1,0,0,0,0,2
6830,0,0.1070477828022663,-1.481049737066981,-0.7038342442113994,0,1,0,0,1,0,0,0,1,1,0,1,0,1,0,1,0,1,0,1,0,0,1,1,0,0,1,1,0,2
6831,0,-1.0331224013585834,0.7324638671542947,-0.7320920101486293,1,1,0,0,1,0,1,1,0,0,0,0,0,0,0,0,0,0,0,0,1,0,0,1,0,1,0,0,0,1
6832,0,0.8400143297628127,-1.4577845790646555,-0.5001621498332234,0,0,1,1,1,0,0,0,1,1,0,1,0,1,0,1,0,1,0,1,0,0,1,0,0,0,1,0,1,2
6833,1,-0.5851984004382496,1.290827659210112,-0.2088490686723664,0,0,0,0,1,0,1,1,0,0,0,0,1,0,0,0,1,0,1,0,1,0,0,1,1,0,0,1,0,1
6834,0,-0.7073594915983407,-0.8628612530051836,-0.7397465337865831,0,0,0,0,0,1,0,0,0,0,0,0,1,0,0,0,0,0,0,0,1,0,1,1,0,0,1,1,0,1
6835,0,1.4100994218432374,0.785641371159611,1.5523310832889892,0,1,1,0,1,0,1,1,0,0,0,0,1,0,0,0,0,0,1,0,0,1,0,1,0,0,0,0,1,0
6836,1,-1.0738427650786138,0.6460504231456565,-0.7767397215123711,1,1,1,0,1,0,0,1,0,0,0,0,1,0,0,0,0,0,0,0,1,0,0,1,0,1,0,0,0,1
6837,1,-1.0738427650786138,0.4964886931307054,-0.7862472134085039,0,1,0,0,1,0,0,1,0,0,0,0,0,0,0,0,0,0,1,0,0,0,0,1,0,1,0,0,0,1
6838,0,-0.7888002190384014,1.1379423351948288,-0.4314920285509465,1,1,0,0,1,0,1,1,0,0,0,0,0,0,0,0,1,0,1,0,1,0,0,1,0,0,1,1,0,1
6839,0,-0.8702409464784621,1.1961052302006432,-0.5073534314066324,1,0,0,0,1,0,1,1,0,0,0,0,0,0,1,0,0,0,1,0,1,0,0,1,0,1,0,0,0,1
6840,0,-1.2774445836787656,-1.5109620830699717,-0.9972650033816036,0,1,0,1,1,0,0,0,1,1,0,1,0,1,0,1,0,1,0,1,0,0,0,1,0,0,1,0,0,2
6841,0,-1.1145631287986442,-0.2995120699488677,-0.8880060535868345,0,1,0,0,1,0,0,0,0,0,1,0,0,0,0,0,1,0,0,0,0,0,0,1,0,0,1,0,0,1
6842,0,-0.7888002190384014,-1.4893587220678115,-0.8923958236270443,0,1,0,0,1,0,0,0,1,1,0,1,0,1,0,1,0,1,0,1,0,1,0,1,0,0,1,1,0,2
6843,0,-0.9516816739185228,0.896981770170741,-0.6238036627748108,1,0,1,0,1,0,1,1,0,0,1,0,1,0,1,0,0,0,0,0,0,0,0,0,0,0,0,0,0,1
6844,0,-0.1372743995179157,0.827186296163764,0.1517297307108964,0,1,0,0,1,0,0,1,0,0,0,0,1,0,0,0,1,0,1,0,0,0,0,0,0,0,1,1,0,1
6845,1,-1.2774445836787656,-0.62854787598176,-0.9855515968924008,0,1,0,0,1,0,0,0,0,0,0,0,0,0,0,0,0,0,0,0,0,0,0,1,0,0,1,0,0,1
6846,0,-1.2774445836787656,0.4915033021302069,-0.9706837325351072,1,0,0,0,1,0,1,1,0,0,0,0,0,0,1,0,0,0,0,0,0,0,0,1,0,0,1,0,0,1
6847,0,-0.5851984004382496,-0.2928648819482031,-0.5280669694355621,0,0,1,1,1,0,0,0,0,0,0,0,0,0,0,0,0,0,1,0,0,0,0,0,0,0,1,1,0,1
6848,0,-1.2367242199587352,0.1408641350951549,-0.9405729983396984,0,0,1,0,1,0,0,0,0,0,0,0,0,0,1,0,0,0,1,0,1,0,0,0,1,0,0,0,0,1
6849,0,-0.0965540357978854,0.6244470621434968,0.1281485037109753,0,1,1,1,1,0,1,1,0,0,0,0,1,0,0,0,1,0,0,0,0,0,0,1,0,0,0,1,0,1
6850,0,1.369379058123207,0.0311855330841909,0.926116048608207,0,1,0,1,1,0,1,0,0,0,1,0,1,0,0,0,1,0,0,0,0,0,1,0,0,0,0,0,1,0
6851,0,0.2292088739623573,1.001674981181207,0.5896478957272021,0,1,1,1,1,0,1,1,0,0,0,0,0,0,1,0,1,0,1,0,0,0,1,1,0,0,0,1,0,0
6852,0,0.4735310562825394,-0.0951110389284345,0.2842610794625569,0,1,1,1,1,0,0,0,0,0,0,0,1,0,1,0,1,0,0,0,0,0,0,1,0,0,1,1,0,1
6853,0,0.880734693482843,1.5400972092350305,1.6478692443148617,1,0,0,0,1,0,1,1,0,0,0,0,1,0,1,0,1,0,1,0,1,0,0,0,0,1,0,0,1,0
6854,0,-1.2367242199587352,-1.4876969250676455,-0.9913531522721756,0,1,0,0,1,0,0,0,1,1,0,1,0,1,0,1,0,1,0,1,0,0,0,0,0,0,1,0,0,2
6855,0,0.3920903288424788,0.0976574130908358,0.2658196334644896,0,0,0,0,1,0,0,0,0,0,1,0,1,0,0,0,1,0,0,0,1,1,0,1,0,0,1,1,0,1
6856,0,1.0436161483629645,-1.3165318340505352,-0.3396377448955014,0,0,1,1,1,0,1,0,1,1,0,1,0,1,0,1,0,1,0,1,0,0,1,0,1,0,0,0,1,2
6857,0,1.0436161483629645,0.9335413041743956,1.3347176086826091,0,1,1,1,1,0,0,1,0,0,0,0,1,0,0,0,0,0,1,0,1,0,0,1,0,1,0,0,1,0
6858,0,-0.3001558543980371,0.8089065291619363,0.0391177907346602,1,0,1,1,1,0,1,1,0,0,0,0,0,0,1,0,0,0,0,0,1,0,0,1,0,1,0,1,0,1
6859,0,1.5729808767233588,1.5467443972356951,2.5174628360490843,0,0,0,0,1,0,1,1,0,0,1,0,1,0,1,0,1,0,1,0,1,0,1,0,0,0,1,0,1,0
6860,0,0.188488510242327,1.2343265612044645,0.5583680267974659,1,0,0,0,1,0,1,1,0,0,0,0,1,0,1,0,0,0,1,0,1,0,0,1,0,0,0,1,0,0
6861,0,-0.748079855318371,0.893658176170409,-0.4318008565939764,1,0,1,1,1,0,1,1,0,0,0,0,0,0,0,0,1,0,1,0,0,0,0,1,0,1,0,1,0,1
6862,1,-1.1552834925186746,0.8005975441611056,-0.8414612556730522,1,0,0,0,1,0,1,1,0,0,0,0,0,0,1,0,0,0,0,0,1,0,0,1,0,1,0,0,0,1
6863,0,0.6364125111626608,-0.1383177609327537,0.3112614740817367,0,0,1,0,1,0,1,0,0,0,1,0,0,0,0,0,1,0,0,0,0,1,0,1,0,0,0,1,0,1
6864,1,-1.1960038562387048,-1.3115464430500368,-0.9714778617886126,1,0,0,0,0,1,0,0,0,0,0,0,0,0,0,0,0,0,0,0,0,0,0,0,0,1,0,0,0,1
6865,0,-0.9924020376385532,0.0245383450835263,-0.7567982535910162,0,0,1,0,1,0,0,0,0,0,1,0,0,0,0,0,1,0,0,0,1,0,1,0,0,0,1,0,0,1
6866,0,-1.2774445836787656,1.0199547481830342,-0.963668924129144,1,1,0,0,1,0,1,1,0,0,0,0,0,0,0,0,0,0,1,0,1,0,0,1,0,1,0,0,0,1
6867,0,1.4100994218432374,-1.4893587220678115,-0.4270581402188754,0,1,0,0,1,0,0,0,1,1,0,1,0,1,0,1,0,1,0,1,0,0,1,0,0,0,0,0,1,2
6868,0,-0.7888002190384014,0.8753784091685812,-0.5047283930408788,1,1,0,0,1,0,0,1,0,0,0,0,0,0,0,0,0,0,1,0,1,0,0,1,0,1,0,1,0,1
6869,0,0.5142514200025698,-0.3526895739541836,0.0176763008900174,1,0,1,1,1,0,0,0,0,0,0,0,1,0,0,0,1,0,0,0,0,1,0,1,1,0,0,1,0,1
6870,0,0.6771328748826912,0.3269853991137605,0.6355750375549246,0,1,0,0,1,0,1,1,0,0,0,0,0,0,0,0,0,0,0,0,0,0,0,1,0,0,0,0,1,0
6871,0,0.7992939660427822,0.9917041991802098,1.2115172786596358,0,0,1,0,1,0,1,1,0,0,0,0,1,0,1,0,0,0,1,0,0,0,0,0,0,0,0,0,1,0
6872,0,1.247217966963116,0.544680806135523,1.2991803245882474,0,0,1,0,1,0,0,1,0,0,1,0,0,0,1,0,0,0,0,0,0,1,0,1,1,0,0,0,1,0
6873,0,1.4508197855632678,0.8072447321617703,1.7232894642519334,0,0,1,1,1,0,1,0,0,0,1,0,1,0,1,0,1,0,1,0,1,0,1,1,0,0,0,0,1,0
6874,0,-0.055833672077855,-0.5172074769706297,-0.3446451710217709,0,0,1,0,1,0,0,0,0,0,0,0,0,0,0,0,1,0,0,0,0,0,0,1,0,0,1,1,0,1
6875,0,1.2879383306831464,-1.505976692069473,-0.4725661582739146,0,0,1,0,1,0,0,0,1,1,0,1,0,1,0,1,0,1,0,1,0,0,1,0,1,0,0,0,1,2
6876,0,1.2064976032430856,1.3140928172124378,1.9120495759809544,0,0,1,0,1,0,0,1,0,0,1,0,0,0,1,0,1,0,1,0,1,1,0,1,0,1,0,0,1,0
6877,0,-1.2774445836787656,0.1641292930974807,-0.975029384283456,1,0,0,0,1,0,0,1,0,0,0,0,0,0,0,0,0,0,0,0,0,0,0,0,0,0,0,0,0,1
6878,0,-1.0738427650786138,0.8222009051632655,-0.7528496664694204,1,0,0,0,1,0,0,1,0,0,0,0,0,0,0,0,0,0,1,0,1,0,0,1,0,1,0,0,0,1
6879,0,-0.4630373092781585,0.7075369121518029,-0.20331222304376,0,0,1,0,1,0,0,1,0,0,0,0,0,0,0,0,1,0,1,0,0,0,0,1,0,1,0,1,0,1
6880,0,1.6137012404433893,-1.3148700370503688,-0.2172315441260333,0,0,1,1,1,0,1,0,1,1,0,1,0,1,0,1,0,1,0,1,0,0,1,0,0,0,0,0,1,2
6881,0,-0.0151133083578247,-0.9841724340173104,-0.5420745271015581,0,0,1,1,0,1,0,0,0,0,1,0,1,0,0,0,0,0,0,0,0,0,0,1,0,1,0,1,0,1
6882,1,1.5729808767233588,1.1595456961969886,2.1624650005862893,0,0,0,0,1,0,1,1,0,0,1,0,1,0,0,0,1,0,1,0,0,1,0,1,1,0,0,0,1,0
6883,0,0.0663274190822359,1.3489905542159264,0.6215674798889286,0,0,0,1,1,0,0,1,0,0,1,0,1,0,1,0,0,0,1,0,1,0,0,1,0,0,0,1,0,0
6884,0,-1.1960038562387048,-0.9841724340173104,-0.9617718375791036,1,1,1,0,0,1,0,0,0,0,0,0,0,0,0,0,0,0,0,0,1,0,0,1,0,1,0,0,0,1
6885,0,-0.8295205827584317,0.2987348501109366,-0.6213330384305721,1,1,0,1,1,0,1,1,0,0,0,0,0,0,0,0,0,0,0,0,0,0,0,1,1,0,0,0,0,1
6886,1,-0.9924020376385532,1.2160467942026365,-0.6614365657325892,1,0,0,0,1,0,1,1,0,0,0,0,0,0,1,0,0,0,1,0,1,0,0,0,0,1,0,0,0,1
6887,0,0.1070477828022663,-1.3447823830533592,-0.6433039477775518,0,0,1,1,1,0,1,0,1,1,0,1,0,1,0,1,0,1,0,1,0,0,1,0,0,0,0,1,0,2
6888,0,-1.1960038562387048,0.5297246331340278,-0.9001385838487208,0,0,1,1,1,0,0,1,0,0,0,0,0,0,0,0,0,0,1,0,0,0,0,1,0,1,0,0,0,1
6889,0,-1.1960038562387048,0.8338334841644282,-0.8979326692556505,0,1,0,0,1,0,0,1,0,0,0,0,0,0,1,0,1,0,1,0,0,0,0,1,0,0,1,0,0,1
6890,0,0.8400143297628127,-0.1216997909310924,0.4756682887032624,0,1,0,0,1,0,0,0,0,0,0,0,0,0,1,0,0,0,0,0,1,1,0,1,0,1,0,0,1,0
6891,0,-1.1552834925186746,-1.1869116680375775,-0.9486025274584742,0,0,1,0,0,1,0,0,0,0,1,0,0,0,0,0,0,0,0,0,0,0,0,1,0,1,0,0,0,1
6892,0,0.6364125111626608,1.1612074931971548,1.1900757888149929,0,0,1,1,1,0,0,1,0,0,1,0,0,0,1,0,0,0,1,0,1,1,0,1,0,0,0,1,0,0
6893,0,-1.0738427650786138,-0.2945266789483693,-0.8445936543952121,1,0,1,1,1,0,0,0,0,0,1,0,1,0,0,0,0,0,0,0,0,0,0,0,1,0,0,0,0,1
6894,1,-1.1960038562387048,1.3672703212177542,-0.8581379699966633,1,1,1,0,1,0,1,1,0,0,0,0,1,0,1,0,0,0,1,0,1,0,0,1,0,1,0,0,0,1
6895,0,0.880734693482843,-0.6235624849812617,0.0636696201555321,0,1,1,1,0,1,0,0,0,0,0,0,0,0,1,0,1,0,0,0,1,0,1,0,1,0,0,0,1,0
6896,0,-1.2774445836787656,-0.6916961619880726,-0.9863898444377676,1,0,0,0,1,0,0,0,0,0,0,0,0,0,0,0,0,0,0,0,0,0,0,0,0,0,1,0,0,1
6897,0,1.2064976032430856,0.5197538511330312,1.1918184613435183,0,1,0,0,1,0,0,0,0,0,0,0,1,0,1,0,1,0,1,0,1,0,0,1,0,0,0,0,1,0
6898,0,-0.4223169455581282,1.1728400721983174,-0.0835972380778377,0,1,1,1,1,0,0,1,0,0,0,0,1,0,1,0,0,0,1,0,1,1,0,1,0,0,1,1,0,1
6899,0,-1.2774445836787656,-0.6534748309842519,-0.9858824840813616,1,1,0,0,1,0,0,0,0,0,0,0,0,0,0,0,0,0,0,0,0,0,0,1,0,0,0,0,0,1
6900,1,0.758573602322752,0.9717626351782166,1.1585532692800191,0,1,0,0,1,0,0,1,0,0,0,0,0,0,1,0,0,0,1,0,1,1,0,1,0,0,0,0,1,0
6901,0,-0.0965540357978854,0.1392023380949889,-0.1063402175323919,0,0,0,0,1,0,1,0,0,0,0,0,1,0,1,0,0,0,1,0,0,1,0,1,1,0,0,1,0,1
6902,1,0.9621754209229036,0.1225843680933277,0.7651284016059403,0,0,1,0,1,0,1,0,0,0,1,0,1,0,1,0,1,0,0,0,0,1,0,1,1,0,0,0,1,0
6903,0,0.1070477828022663,0.1408641350951549,0.0714564986690699,0,1,1,0,1,0,1,0,0,0,0,0,1,0,0,0,1,0,1,0,0,1,0,1,0,1,0,1,0,1
6904,1,1.2879383306831464,-0.6950197559884049,0.2079143753963956,0,0,0,0,0,1,0,0,0,0,0,0,1,0,0,0,1,0,1,0,0,0,0,1,0,1,0,0,1,0
6905,0,-0.0965540357978854,-0.6734163949862454,-0.4288008127474009,0,1,0,1,0,1,0,0,0,0,0,0,0,0,0,0,0,0,1,0,1,0,0,1,0,1,0,1,0,1
6906,0,-0.3001558543980371,-1.5309036470719648,-0.8365200069845748,0,0,1,1,1,0,0,0,1,1,0,1,0,1,0,1,0,1,0,1,0,0,1,1,0,0,1,1,0,2
6907,0,0.3513699651224484,0.182409060099308,0.2595548360201702,1,0,0,0,1,0,0,1,0,0,0,0,0,0,0,0,0,0,0,0,0,0,0,0,0,0,0,1,0,1
6908,0,-0.9516816739185228,-0.3128064459501966,-0.8073578160641862,1,1,0,1,1,0,0,0,0,0,0,0,0,0,0,0,0,0,1,0,0,0,0,0,0,1,0,0,0,1
6909,0,-1.2774445836787656,-0.3726311379561772,-0.9821544884190726,0,0,1,0,1,0,0,0,0,0,1,0,1,0,0,0,0,0,0,0,0,0,0,1,0,0,1,0,0,1
6910,0,1.5322605130033284,1.656422999246659,2.471844522264392,0,1,0,1,1,0,1,1,0,0,1,0,1,0,1,0,1,0,1,0,1,0,1,1,0,1,0,0,1,0
6911,0,1.002895784642934,-1.4843733310673135,-0.5259051731343531,0,0,1,1,1,0,0,0,1,1,0,1,0,1,0,1,0,1,0,1,0,0,1,1,0,0,0,0,1,2
6912,0,-0.9516816739185228,0.6892571451499756,-0.6564953170441119,0,1,0,0,1,0,1,1,0,0,0,0,0,0,0,0,0,0,1,0,0,0,0,1,0,1,0,0,0,1
6913,0,1.4915401492832985,1.461992750227223,2.30002583461015,0,0,1,1,1,0,1,1,0,0,0,0,1,0,1,0,1,0,1,0,1,1,0,1,0,0,0,0,1,0
6914,1,0.4328106925625091,1.270886095208119,0.9417339239271444,1,1,1,0,1,0,1,1,0,0,0,0,1,0,1,0,0,0,1,0,1,0,0,1,0,1,0,1,0,0
6915,0,1.6137012404433893,1.099721004191008,2.012484867403443,0,0,1,0,1,0,1,1,0,0,0,0,0,0,1,0,0,0,1,0,1,0,1,1,0,1,0,0,1,0
6916,0,0.4735310562825394,-1.502653098069141,-0.644031899593265,0,1,0,1,1,0,0,0,1,1,0,1,0,1,0,1,0,1,0,1,0,0,1,0,0,0,0,1,0,2
6917,0,1.6137012404433893,0.641065032145158,1.6643694854710271,0,0,1,0,1,0,1,1,0,0,1,0,1,0,0,0,0,0,0,0,0,0,1,1,0,0,0,0,1,0
6918,0,0.0256070553622056,1.2958130502106109,0.4770580148968967,1,0,1,0,1,0,0,1,0,0,1,0,0,0,1,0,1,0,1,0,1,1,0,1,0,1,0,1,0,0
6919,0,0.880734693482843,0.8188773111629334,1.1425603884802598,0,1,0,0,1,0,1,1,0,0,0,0,0,0,1,0,0,0,0,0,1,0,0,0,1,0,0,0,1,0
6920,0,-0.2187151269579764,-1.4976677070686424,-0.7810853732607196,0,1,0,1,1,0,0,0,1,1,0,1,0,1,0,1,0,1,0,1,0,0,1,0,1,0,0,1,0,2
6921,0,0.880734693482843,0.5014740841312035,0.8949464754081244,0,1,0,0,1,0,1,1,0,0,0,0,1,0,0,0,0,0,0,0,0,0,0,1,0,0,0,0,1,0
6922,0,-1.1960038562387048,0.3220000081132624,-0.9082342904052888,0,1,0,0,1,0,0,1,0,0,0,0,1,0,0,0,0,0,0,0,0,0,0,0,1,0,0,0,0,1
6923,0,0.8400143297628127,0.3103674291120993,0.6856934171094806,0,0,1,0,1,0,1,0,0,0,1,0,1,0,1,0,0,0,0,0,1,1,0,0,0,0,0,0,1,0
6924,0,-1.2774445836787656,0.1524967140963176,-0.9751837983049708,1,1,0,0,1,0,0,1,0,0,0,0,0,0,0,0,0,0,0,0,0,0,0,1,0,1,0,0,0,1
6925,0,-0.7073594915983407,-1.5275800530716328,-0.8756529318656411,0,1,1,0,1,0,0,0,1,1,0,1,0,1,0,1,0,1,0,1,0,1,0,0,0,0,1,1,0,2
6926,0,0.9621754209229036,0.3020584441112687,0.7999156747386581,1,0,0,0,1,0,0,1,0,0,0,0,1,0,0,0,0,0,0,0,0,0,0,1,0,1,0,0,1,0
6927,0,-1.1145631287986442,-0.0120211889201281,-0.8659689668020626,0,1,1,1,1,0,1,0,0,0,1,0,1,0,0,0,1,0,0,0,0,0,0,0,1,0,0,0,0,1
6928,0,0.6364125111626608,-0.2978502729487016,0.1638843201187133,0,1,1,1,1,0,0,0,0,0,0,0,1,0,1,0,0,0,0,0,0,1,0,1,1,0,0,1,0,1
6929,0,-0.3001558543980371,-1.4860351280674795,-0.7976738510006077,0,0,0,1,1,0,0,0,1,1,0,1,0,1,0,1,0,1,0,1,0,0,0,0,1,0,0,1,0,2
6930,0,-1.1960038562387048,0.3452651661155883,-0.9101534361012598,1,0,1,0,1,0,1,1,0,0,0,0,0,0,0,0,0,0,0,0,0,0,0,1,1,0,0,0,0,1
6931,0,1.0436161483629645,1.1429277261953277,1.5182055845341924,0,1,0,0,1,0,0,1,0,0,1,0,1,0,0,0,0,0,1,0,1,1,0,0,0,0,0,0,1,0
6932,0,-0.9109613101984924,-0.2662761299455452,-0.7837545299183345,0,1,0,0,1,0,0,0,0,0,0,0,0,0,0,0,0,0,0,0,1,0,0,1,0,0,0,0,0,1
6933,0,-1.2774445836787656,0.1608056990971482,-0.9750735025753172,1,1,0,0,1,0,0,1,0,0,0,0,0,0,0,0,0,0,0,0,0,0,0,1,0,1,0,0,0,1
6934,0,1.5729808767233588,1.3091074262119398,2.243664716757205,0,1,1,0,1,0,1,1,0,0,0,0,1,0,0,0,1,0,1,0,1,0,1,1,1,0,0,0,1,0
6935,0,1.3286586944031769,1.5301264272340338,2.1909874762746875,0,0,1,1,1,0,1,1,0,0,0,0,1,0,1,0,1,0,1,0,1,0,1,1,1,0,0,0,1,0
6936,0,-1.1145631287986442,0.5114448661322006,-0.835924410044446,1,1,1,1,1,0,1,1,0,0,0,0,1,0,0,0,0,0,0,0,0,0,0,1,0,1,0,0,0,1
6937,0,-0.1779947632379461,-0.9642308700153168,-0.5816265757553076,0,0,0,0,0,1,0,0,0,0,0,0,0,0,1,0,1,0,0,0,0,0,0,1,0,0,1,1,0,1
6938,0,1.4100994218432374,0.1707764810981453,1.0306764003197366,0,0,1,1,1,0,1,0,0,0,0,0,0,0,1,0,1,0,0,0,1,0,1,1,0,0,0,0,1,0
6939,0,0.1070477828022663,0.8122301231622688,0.4286381895790047,0,1,0,0,1,0,0,1,0,0,1,0,0,0,0,0,1,0,0,0,1,1,0,1,0,1,0,1,0,1
6940,0,1.6137012404433893,-0.3028356639492,0.7060319496575884,0,0,1,1,0,1,0,0,0,0,1,0,1,0,1,0,1,0,0,0,1,0,1,0,1,0,0,0,1,0
6941,0,1.1657772395230557,-0.467353566965646,0.3569239061582909,0,0,1,1,0,1,0,0,0,0,1,0,1,0,0,0,1,0,0,0,1,1,0,1,0,0,0,0,1,0
6942,1,1.4508197855632678,-1.4876969250676455,-0.3898884793256417,0,1,0,0,1,0,0,0,1,1,0,1,0,1,0,1,0,1,0,1,0,0,1,1,1,0,0,0,1,2
6943,0,-1.2774445836787656,-1.1387195550327598,-0.9923237546931264,1,0,1,1,0,1,0,0,0,0,1,0,0,0,0,0,0,0,0,0,0,0,0,0,0,0,0,0,0,1
6944,0,-1.1960038562387048,-1.517609271070636,-0.9823750798783796,0,1,0,0,1,0,0,0,1,1,0,1,0,1,0,1,0,1,0,1,0,0,0,1,0,0,1,0,0,2
6945,0,1.5322605130033284,1.114677177192503,2.0205143965222185,1,1,1,1,1,0,1,1,0,0,0,0,1,0,0,0,0,0,1,0,1,0,1,0,0,0,0,0,1,0
6946,0,0.6364125111626608,-0.6385186579827569,-0.0756118272509234,0,0,0,1,0,1,0,0,0,0,0,0,1,0,1,0,0,0,0,0,1,0,0,0,1,0,0,1,0,1
6947,0,1.4508197855632678,1.2060760122016398,1.981249116765568,0,1,1,1,1,0,1,1,0,0,0,0,1,0,0,0,0,0,1,0,1,1,0,1,1,0,0,0,1,0
6948,0,0.5956921474426305,1.2941512532104444,1.0812800810847685,0,0,0,0,1,0,0,1,0,0,1,0,0,0,1,0,1,0,1,0,1,1,0,1,0,1,0,1,0,0
6949,0,-0.0151133083578247,-0.9476129000136556,-0.4979562352401532,0,1,1,1,0,1,0,0,0,0,0,0,0,0,1,0,1,0,0,0,0,1,0,1,0,0,1,1,0,1
6950,0,-1.1145631287986442,-0.5105602889699654,-0.9031827459871578,0,0,1,1,1,0,0,0,0,0,1,0,0,0,0,0,0,0,0,0,0,0,0,1,0,0,1,0,0,1
6951,0,0.6771328748826912,-1.491020519067978,-0.5546261811361278,0,1,0,0,1,0,0,0,1,1,0,1,0,1,0,1,0,1,0,1,0,0,1,1,1,0,0,0,1,2
6952,0,0.6364125111626608,1.4171242312227377,1.2536502473872777,1,0,0,0,1,0,1,1,0,0,0,0,1,0,1,0,0,0,1,0,1,0,0,1,0,0,0,1,0,0
6953,1,-0.7888002190384014,0.572931355138347,-0.5084784478490982,1,0,0,0,1,0,1,1,0,0,0,0,0,0,0,0,0,0,0,0,1,0,0,1,0,1,0,1,0,1
6954,0,-0.7073594915983407,-1.4943441130683104,-0.869277838691668,0,1,0,0,1,0,0,0,1,1,0,1,0,1,0,1,0,1,0,1,0,0,0,1,0,0,1,1,0,2
6955,0,-0.8295205827584317,-0.6551366279844181,-0.7749970489838457,0,0,0,0,1,0,0,0,0,0,0,0,0,0,0,0,0,0,0,0,0,0,0,1,0,1,0,0,0,1
6956,1,1.4100994218432374,-0.00703579791963,0.8692916886907176,0,1,0,0,1,0,1,0,0,0,1,0,1,0,0,0,1,0,0,0,0,0,1,1,0,0,0,0,1,0
6957,0,-0.9516816739185228,0.7141841001524675,-0.6658483949187297,0,1,0,0,1,0,0,1,0,0,0,0,0,0,0,0,1,0,1,0,0,0,0,0,0,1,0,0,0,1
6958,0,-0.7888002190384014,-1.4960059100684764,-0.8969400076887689,0,0,1,1,1,0,0,0,1,1,0,1,0,1,0,1,0,1,0,1,0,0,1,1,0,0,0,1,0,2
6959,0,0.2292088739623573,0.8089065291619363,0.468653480297299,0,0,0,0,1,0,0,1,0,0,0,0,0,0,0,0,0,0,1,0,1,1,0,1,0,0,1,1,0,1
6960,1,0.3920903288424788,1.0232783421833662,0.7283337461935285,0,0,1,0,1,0,1,1,0,0,0,0,1,0,1,0,0,0,1,0,0,0,0,1,0,1,0,1,0,0
6961,0,-0.3408762181180675,0.3535741511164189,-0.2346582694112883,1,0,1,0,1,0,1,1,0,0,0,0,0,0,0,0,0,0,0,0,0,0,0,1,1,0,0,1,0,1
6962,1,-0.2187151269579764,1.2127232002023045,0.209436456465614,1,0,1,0,1,0,0,1,0,0,1,0,0,0,1,0,0,0,1,0,1,0,0,1,0,1,0,1,0,1
6963,0,-0.9516816739185228,1.2575917192067896,-0.609707868525092,0,1,1,1,1,0,1,1,0,0,0,0,1,0,1,0,0,0,1,0,1,0,0,1,1,0,0,0,0,1
6964,0,0.6771328748826912,-0.2812323029470404,0.2209733897873714,0,0,1,0,0,1,0,0,0,0,0,0,1,0,0,0,1,0,1,0,1,1,0,1,1,0,0,0,1,0
6965,1,1.1657772395230557,0.9784098231788813,1.595192003832344,0,0,1,0,1,0,1,1,0,0,1,0,1,0,1,0,1,0,0,0,0,0,0,1,1,0,0,0,1,0
6966,0,0.7178532386027215,-0.721608507991063,-0.0316258902651025,0,1,0,1,0,1,0,0,0,0,1,0,1,0,0,0,0,0,1,0,0,1,0,1,0,0,0,0,1,1
6967,1,-0.3001558543980371,0.8222009051632655,-0.0368759669966098,1,1,0,0,1,0,1,1,0,0,0,0,1,0,0,0,0,0,1,0,0,0,0,1,0,1,0,1,0,1
6968,1,-0.4223169455581282,0.3203382111130964,-0.2590336256647146,1,0,0,0,1,0,1,1,0,0,0,0,0,0,0,0,0,0,0,0,0,0,0,1,0,0,0,1,0,1
6969,0,-1.2774445836787656,-1.4710789550659844,-0.996735583879267,1,1,0,0,1,0,0,0,1,1,0,1,0,1,0,1,0,1,0,1,0,0,0,0,0,0,1,0,0,2
6970,0,-1.1552834925186746,0.3186764141129299,-0.888711946256617,1,1,0,0,1,0,1,1,0,0,0,0,0,0,0,0,0,0,0,0,0,0,0,1,0,1,0,0,0,1
6971,1,-0.5851984004382496,1.1628692901973208,-0.1956576994058063,1,0,1,0,1,0,1,1,0,0,0,0,0,0,0,0,1,0,1,0,1,0,0,0,0,0,0,1,0,1
6972,1,0.9621754209229036,1.5683477582378549,1.826129202580868,1,0,0,0,1,0,1,1,0,0,0,0,1,0,1,0,1,0,1,0,1,1,0,1,0,1,0,0,1,0
6973,1,0.8400143297628127,0.9717626351782166,1.143420695171557,0,0,1,0,1,0,0,1,0,0,0,0,1,0,1,0,1,0,1,0,0,1,0,1,0,1,0,0,1,0
6974,0,0.758573602322752,1.1329569441943304,1.1769947152780864,0,0,1,0,1,0,1,1,0,0,0,0,0,0,1,0,0,0,1,0,1,1,0,1,0,1,0,0,1,0
6975,0,-0.3408762181180675,-0.0136829859202946,-0.3181300776130664,0,0,1,1,1,0,1,0,0,0,1,0,1,0,1,0,0,0,0,0,0,0,1,0,0,1,0,1,0,1
6976,0,1.2064976032430856,0.2405719551051223,0.8843360262154565,0,0,1,0,1,0,0,0,0,0,1,0,1,0,1,0,0,0,1,0,0,0,1,1,1,0,0,0,1,0
6977,0,-0.3408762181180675,-0.5005895069689685,-0.468308743109289,0,1,0,0,1,0,0,0,0,0,0,0,1,0,0,0,0,0,0,0,0,0,0,1,0,0,1,1,0,1
6978,0,1.5322605130033284,0.5297246331340278,1.4727637439169452,0,0,1,1,1,0,1,0,0,0,1,0,1,0,1,0,1,0,1,0,0,0,1,0,0,1,0,0,1,0
6979,0,-1.2774445836787656,-1.3481059770536914,-0.9951032070803952,0,1,0,1,0,1,0,0,0,0,0,0,0,0,0,0,0,0,0,0,0,0,0,0,0,0,1,0,0,1
6980,1,-0.6666391278783103,-0.8562140650045189,-0.7058416264910934,1,1,0,0,0,1,0,0,0,0,0,0,1,0,0,0,0,0,1,0,0,0,0,1,0,0,1,1,0,1
6981,0,-0.9924020376385532,0.0228765480833603,-0.7611659644852952,0,0,0,0,1,0,0,0,0,0,0,0,1,0,0,0,1,0,1,0,0,0,0,1,0,1,0,0,0,1
6982,0,1.6137012404433893,0.3186764141129299,1.3048715842383685,0,0,1,1,1,0,0,0,0,0,1,0,1,0,1,0,1,0,0,0,1,0,1,1,0,1,0,0,1,0
6983,0,-0.3815965818380978,0.612814483142334,-0.1091637882115219,0,0,0,0,1,0,0,1,0,0,0,0,1,0,1,0,1,0,0,0,0,0,0,0,0,0,0,1,0,1
6984,0,-0.055833672077855,-1.3215172250510334,-0.657598274340647,0,1,0,1,0,1,0,0,0,0,0,0,0,0,0,0,0,0,0,0,0,0,0,0,1,0,0,1,0,1
6985,0,0.188488510242327,-0.8163309370005319,-0.3328214688029144,0,1,1,1,0,1,0,0,0,0,1,0,0,0,1,0,1,0,0,0,0,1,0,1,0,1,0,1,0,1
6986,0,-0.0965540357978854,0.9750862291785486,0.2314956023963164,1,0,1,0,1,0,1,1,0,0,0,0,1,0,0,0,1,0,1,0,0,0,0,1,1,0,0,1,0,1
6987,1,0.1070477828022663,1.4486983742258936,0.6381338984828862,0,0,0,0,1,0,1,1,0,0,1,0,1,0,1,0,0,0,1,0,1,1,0,1,0,1,0,1,0,0
6988,0,-0.3815965818380978,0.1574821050968162,-0.2769015338685836,0,0,1,1,1,0,1,0,0,0,0,0,1,0,0,0,1,0,1,0,0,0,0,1,1,0,0,1,0,1
6989,0,-0.5037576729981889,0.3735157151184122,-0.3048504717627836,0,0,1,1,1,0,1,0,0,0,1,0,0,0,0,0,0,0,1,0,1,1,0,0,0,0,0,1,0,1
6990,0,0.1477681465222966,0.9584682591768874,0.4792639294899669,0,1,1,0,1,0,0,1,0,0,1,0,0,0,0,0,0,0,1,0,1,0,0,1,0,1,0,1,0,1
6991,0,-0.9924020376385532,1.0266019361836989,-0.662495404737263,1,0,0,0,1,0,1,1,0,0,0,0,0,0,0,0,0,0,1,0,1,0,0,0,0,0,0,0,0,1
6992,0,1.5729808767233588,1.1894580421999783,2.132685153579841,0,1,1,1,1,0,1,1,0,0,0,0,1,0,0,0,0,0,1,0,1,1,0,0,0,0,0,0,1,0
6993,1,0.7178532386027215,0.7740087921584478,0.921020385898215,1,0,1,0,1,0,1,1,0,0,0,0,1,0,0,0,0,0,1,0,0,0,0,1,0,1,0,0,1,0
6994,0,0.4328106925625091,-1.3397969920528607,-0.5676190180893116,0,0,1,1,1,0,1,0,1,1,0,1,0,1,0,1,0,1,0,1,0,1,0,1,0,0,0,1,0,2
6995,0,1.002895784642934,0.8238627021634315,1.205583368404277,0,1,0,1,1,0,1,0,0,0,1,0,1,0,1,0,1,0,1,0,1,0,1,0,0,0,1,0,1,0
6996,0,0.3513699651224484,0.0577742850868488,0.1980318780194408,1,0,1,1,1,0,0,0,0,0,0,0,1,0,0,0,1,0,0,0,1,1,0,1,0,0,0,1,0,1
6997,0,-0.2187151269579764,0.3768393091187442,-0.0822075118842034,0,0,1,0,1,0,0,1,0,0,0,0,1,0,0,0,0,0,0,0,0,0,0,1,0,1,0,1,0,1
6998,0,-0.7888002190384014,0.5230774451333633,-0.5593909566571595,0,0,0,0,1,0,0,1,0,0,0,0,0,0,0,0,0,0,0,0,1,0,0,1,0,1,0,1,0,1
6999,0,-1.1960038562387048,-0.9742016520163136,-0.9586394388569438,1,1,0,0,0,1,0,0,0,0,1,0,1,0,0,0,0,0,0,0,0,0,0,1,0,0,1,0,0,1
7000,0,1.4100994218432374,-1.4694171580658184,-0.4130947008447406,0,0,0,0,1,0,0,0,1,1,0,1,0,1,0,1,0,1,0,1,0,1,0,0,0,1,0,0,1,2
7001,0,-1.1960038562387048,-0.4939423189683041,-0.9483819359991672,1,1,0,0,1,0,0,0,0,0,0,0,1,0,0,0,0,0,0,0,0,0,0,1,0,0,1,0,0,1
7002,0,1.2879383306831464,1.3506523512160928,1.991947802541959,0,0,1,0,1,0,1,1,0,0,0,0,1,0,0,0,1,0,1,0,1,0,1,1,0,0,0,0,1,0
7003,0,-0.2594354906780068,-0.9642308700153168,-0.5546702994279893,0,1,0,0,0,1,0,0,0,0,0,0,0,0,1,0,1,0,0,0,0,0,0,0,0,1,0,1,0,1
7004,0,0.2292088739623573,1.0083221691818711,0.622714555477325,0,1,0,0,1,0,1,1,0,0,0,0,1,0,1,0,0,0,0,0,1,0,0,1,1,0,0,1,0,0
7005,0,-0.3815965818380978,-1.5109620830699717,-0.791276698680704,0,1,1,0,1,0,0,0,1,1,0,1,0,1,0,1,0,1,0,1,0,1,0,0,1,0,0,1,0,2
7006,0,0.3106496014024181,1.3207400052131024,0.7752094312962713,1,1,0,0,1,0,1,1,0,0,0,0,1,0,1,0,0,0,1,0,1,0,0,1,1,0,0,1,0,0
7007,1,1.6137012404433893,-0.0552279109244475,1.0614047906012054,0,1,1,0,0,1,0,0,0,0,1,0,1,0,1,0,1,0,1,0,1,0,1,1,0,0,0,0,1,0
7008,1,-1.1960038562387048,0.3419415721152558,-0.8927267108160047,1,0,0,0,1,0,1,1,0,0,0,0,0,0,0,0,0,0,0,0,0,0,0,1,1,0,0,0,0,1
7009,0,-0.3815965818380978,0.5396954151350245,-0.1599880604358604,1,1,0,0,1,0,1,1,0,0,0,0,0,0,1,0,0,0,0,0,0,0,0,1,0,1,0,1,0,1
7010,1,-1.2774445836787656,0.3220000081132624,-0.9729337654200392,1,0,1,0,1,0,1,1,0,0,0,0,0,0,0,0,0,0,0,0,0,0,0,1,0,1,0,0,0,1
7011,0,-1.1552834925186746,-0.1449649489334182,-0.8857119024100414,1,0,0,0,1,0,0,0,0,0,1,0,1,0,0,0,1,0,0,0,0,0,0,1,0,0,1,0,0,1
7012,0,1.2064976032430856,0.6709773781481484,1.2665548477567383,0,0,1,0,1,0,1,0,0,0,1,0,1,0,0,0,1,0,1,0,1,0,1,1,0,1,0,0,1,0
7013,0,0.3106496014024181,0.9518210711762232,0.6514796817709612,0,0,0,0,1,0,1,1,0,0,0,0,1,0,1,0,0,0,1,0,0,0,0,1,0,0,0,1,0,0
7014,0,0.3513699651224484,0.8122301231622688,0.6026627918263165,0,1,0,0,1,0,1,1,0,0,0,0,1,0,0,0,0,0,1,0,0,0,0,1,0,1,0,1,0,1
7015,1,0.0663274190822359,0.6792863631489789,0.2623784066992999,0,1,1,0,1,0,0,1,0,0,0,0,0,0,1,0,0,0,1,0,0,0,0,1,1,0,0,1,0,1
7016,0,-1.2774445836787656,-0.4922805219681379,-0.9837427469260832,0,0,0,0,1,0,0,0,0,0,0,0,1,0,0,0,0,0,0,0,0,0,0,0,0,1,0,0,0,1
7017,0,0.758573602322752,-1.4660935640654862,-0.5554423695355638,0,0,0,0,1,0,0,0,1,1,0,1,0,1,0,1,0,1,0,1,0,0,1,0,0,0,0,0,1,2
7018,0,-1.2774445836787656,0.1957034361006372,-0.9746102605107724,1,1,1,1,1,0,0,1,0,0,0,0,0,0,0,0,0,0,0,0,0,0,0,1,0,0,1,0,0,1
7019,0,0.2699292376823877,-1.4827115340671475,-0.64136274293565,0,0,0,0,1,0,0,0,1,1,0,1,0,1,0,1,0,1,0,1,0,0,1,0,0,0,1,1,0,2
7020,0,-0.8295205827584317,-1.5142856770703037,-0.9003371161620971,0,1,1,1,1,0,0,0,1,1,0,1,0,1,0,1,0,1,0,1,0,0,0,1,0,1,0,0,0,2
7021,0,-0.8295205827584317,-0.1649065129354117,-0.6846869055435497,1,1,0,0,1,0,0,0,0,0,0,0,0,0,0,0,1,0,1,0,0,1,0,1,0,1,0,0,0,1
7022,0,1.6137012404433893,1.3356961782145975,2.32263645918912,0,1,0,0,1,0,1,1,0,0,0,0,1,0,1,0,0,0,1,0,1,1,0,1,0,1,0,0,1,0
7023,1,1.247217966963116,1.28750406520978,1.8528207691570184,0,0,1,0,1,0,1,1,0,0,0,0,1,0,1,0,0,0,1,0,1,0,0,1,0,1,0,0,1,0
7024,0,0.4735310562825394,0.6659919871476498,0.5941038432052039,0,1,1,0,1,0,1,1,0,0,1,0,0,0,1,0,0,0,0,0,0,0,0,1,1,0,0,1,0,0
7025,0,-0.5851984004382496,1.0066603721817051,-0.2648572401904199,0,0,0,0,1,0,1,1,0,0,0,0,0,0,1,0,1,0,0,0,1,0,0,1,0,0,0,1,0,1
7026,0,-0.9516816739185228,-0.683387176987242,-0.8278287034878782,1,0,0,0,1,0,0,0,0,0,0,0,0,0,0,0,0,0,0,0,0,0,0,1,0,0,0,0,0,1
7027,0,-0.7888002190384014,0.2854404741096075,-0.5947958858759371,0,1,0,0,1,0,0,0,0,0,0,0,1,0,0,0,1,0,1,0,1,0,0,0,0,0,1,1,0,1
7028,0,1.4508197855632678,-0.0219919709211252,0.9028877679431774,0,0,1,0,1,0,0,0,0,0,0,0,1,0,0,0,1,0,1,0,0,0,1,0,0,0,0,0,1,0
7029,1,-1.0738427650786138,-0.6767399889865777,-0.8897266669694293,0,0,0,0,0,1,0,0,0,0,0,0,0,0,0,0,0,0,1,0,1,0,0,1,0,1,0,0,0,1
7030,0,-1.2367242199587352,-1.4860351280674795,-0.9884634041552536,0,0,0,0,1,0,0,0,1,1,0,1,0,1,0,1,0,1,0,1,0,0,0,1,0,0,1,0,0,2
7031,1,0.9214550572028734,-0.1582593249347472,0.457226842705195,0,1,1,0,1,0,1,0,0,0,1,0,1,0,0,0,0,0,0,0,0,1,0,0,1,0,0,0,1,0
7032,1,-1.2774445836787656,0.3652067301175816,-0.9723602276258408,1,1,0,0,1,0,1,1,0,0,0,0,0,0,0,0,0,0,0,0,0,0,0,1,0,1,0,0,0,1
7033,0,0.2292088739623573,0.1574821050968162,0.1524356233806788,0,1,0,0,1,0,0,1,0,0,0,0,0,0,0,0,0,0,0,0,0,0,0,1,1,0,0,1,0,1
7034,0,1.4100994218432374,1.269224298207953,2.0323160395951443,1,0,0,0,1,0,1,1,0,0,1,0,1,0,1,0,0,0,1,0,0,0,0,1,1,0,0,0,1,0
7035,0,-0.5444780367182193,0.4632527531273829,-0.3461672520909894,0,1,0,0,1,0,0,1,0,0,0,0,0,0,0,0,0,0,1,0,0,0,0,1,0,0,0,1,0,1
7036,0,-0.8295205827584317,-0.1366559639325876,-0.6778485703050319,0,0,0,0,0,1,0,0,0,0,0,0,1,0,1,0,1,0,1,0,1,1,0,0,0,1,0,0,0,1
7037,0,1.6137012404433893,-1.4494755940638249,-0.3795647990300729,0,0,0,0,1,0,0,0,1,1,0,1,0,1,0,1,0,1,0,1,0,0,1,1,0,0,0,0,1,2
7038,0,-0.3408762181180675,0.6659919871476498,-0.1276052342095891,0,1,1,1,1,0,1,0,0,0,1,0,0,0,1,0,1,0,1,0,1,1,0,1,0,0,1,1,0,1
7039,0,1.6137012404433893,1.2775332832087831,2.2426058777525317,0,0,1,1,1,0,1,1,0,0,0,0,1,0,1,0,0,0,1,0,1,1,0,1,1,0,0,0,1,0
7040,0,-0.8702409464784621,-1.16863190103575,-0.8529320115570175,0,0,1,1,0,1,0,0,0,0,1,0,0,0,0,0,0,0,0,0,0,0,0,1,0,1,0,0,0,1
7041,1,-1.1552834925186746,0.3203382111130964,-0.8705131508637874,1,1,1,0,1,0,1,1,0,0,0,0,0,0,0,0,0,0,0,0,0,0,0,1,0,0,1,0,0,1
7042,0,1.369379058123207,1.3589613362169235,2.013896652743008,0,1,0,0,1,0,0,1,0,0,1,0,0,0,1,0,1,0,1,0,1,0,1,1,0,0,0,0,1,0
